t_code_units,ps
-1.299799999999999898e+02,-8.555439015786198809e+01
-1.299600000000000080e+02,-8.554122591872400960e+01
-1.299399999999999977e+02,-8.552806167958600270e+01
-1.299199999999999875e+02,-8.551489744044799579e+01
-1.299000000000000057e+02,-8.550173320131000310e+01
-1.298799999999999955e+02,-8.548856896217199619e+01
-1.298600000000000136e+02,-8.547540472303400350e+01
-1.298400000000000034e+02,-8.546224048389599659e+01
-1.298199999999999932e+02,-8.544907624475798968e+01
-1.298000000000000114e+02,-8.543591200562001120e+01
-1.297800000000000011e+02,-8.542274776648200429e+01
-1.297599999999999909e+02,-8.540958352734399739e+01
-1.297400000000000091e+02,-8.539641928820600469e+01
-1.297199999999999989e+02,-8.538325504906799779e+01
-1.296999999999999886e+02,-8.537009080992999088e+01
-1.296800000000000068e+02,-8.535692657079199819e+01
-1.296599999999999966e+02,-8.534376233165400549e+01
-1.296399999999999864e+02,-8.533059809251599859e+01
-1.296200000000000045e+02,-8.531743385337800589e+01
-1.295999999999999943e+02,-8.530426961423999899e+01
-1.295800000000000125e+02,-8.529110537510200629e+01
-1.295600000000000023e+02,-8.527794113596399939e+01
-1.295399999999999920e+02,-8.526477689682599248e+01
-1.295200000000000102e+02,-8.525161265768801400e+01
-1.295000000000000000e+02,-8.523844841855000709e+01
-1.294799999999999898e+02,-8.522528417941200019e+01
-1.294600000000000080e+02,-8.521211994027400749e+01
-1.294399999999999977e+02,-8.519895570113600058e+01
-1.294199999999999875e+02,-8.518579146199799368e+01
-1.294000000000000057e+02,-8.517262722286000098e+01
-1.293799999999999955e+02,-8.515946298372199408e+01
-1.293600000000000136e+02,-8.514629874458401559e+01
-1.293400000000000034e+02,-8.513313450544600869e+01
-1.293199999999999932e+02,-8.511997026630800178e+01
-1.293000000000000114e+02,-8.510680602717000909e+01
-1.292800000000000011e+02,-8.509364178803200218e+01
-1.292599999999999909e+02,-8.508047754889399528e+01
-1.292400000000000091e+02,-8.506731330975600258e+01
-1.292199999999999989e+02,-8.505414907061799568e+01
-1.291999999999999886e+02,-8.504098483147998877e+01
-1.291800000000000068e+02,-8.502782059234201029e+01
-1.291599999999999966e+02,-8.501465635320400338e+01
-1.291399999999999864e+02,-8.500149211406599647e+01
-1.291200000000000045e+02,-8.498832787492800378e+01
-1.290999999999999943e+02,-8.497516363578999687e+01
-1.290800000000000125e+02,-8.496199939665200418e+01
-1.290600000000000023e+02,-8.494883515751399727e+01
-1.290399999999999920e+02,-8.493567091837599037e+01
-1.290200000000000102e+02,-8.492250667923801188e+01
-1.290000000000000000e+02,-8.490934244010000498e+01
-1.289799999999999898e+02,-8.489617820096199807e+01
-1.289600000000000080e+02,-8.488301396182400538e+01
-1.289399999999999977e+02,-8.486984972268599847e+01
-1.289199999999999875e+02,-8.485668548354799157e+01
-1.289000000000000057e+02,-8.484352124440999887e+01
-1.288799999999999955e+02,-8.483035700527199197e+01
-1.288600000000000136e+02,-8.481719276613401348e+01
-1.288400000000000034e+02,-8.480402852699600658e+01
-1.288199999999999932e+02,-8.479086428785799967e+01
-1.288000000000000114e+02,-8.477770004872000698e+01
-1.287800000000000011e+02,-8.476453580958200007e+01
-1.287599999999999909e+02,-8.475137157044399316e+01
-1.287400000000000091e+02,-8.473820733130600047e+01
-1.287199999999999989e+02,-8.472504309216799356e+01
-1.286999999999999886e+02,-8.471187885302998666e+01
-1.286800000000000068e+02,-8.469871461389200817e+01
-1.286599999999999966e+02,-8.468555037475400127e+01
-1.286399999999999864e+02,-8.467238613561599436e+01
-1.286200000000000045e+02,-8.465922189647800167e+01
-1.285999999999999943e+02,-8.464605765733999476e+01
-1.285800000000000125e+02,-8.463289341820200207e+01
-1.285600000000000023e+02,-8.461972917906399516e+01
-1.285399999999999920e+02,-8.460656493992600247e+01
-1.285200000000000102e+02,-8.459340070078800977e+01
-1.285000000000000000e+02,-8.458023646165000287e+01
-1.284799999999999898e+02,-8.456707222251199596e+01
-1.284600000000000080e+02,-8.455390798337400327e+01
-1.284399999999999977e+02,-8.454074374423599636e+01
-1.284199999999999875e+02,-8.452757950509798945e+01
-1.284000000000000057e+02,-8.451441526596001097e+01
-1.283799999999999955e+02,-8.450125102682200406e+01
-1.283600000000000136e+02,-8.448808678768401137e+01
-1.283400000000000034e+02,-8.447492254854600446e+01
-1.283199999999999932e+02,-8.446175830940799756e+01
-1.283000000000000114e+02,-8.444859407027000486e+01
-1.282800000000000011e+02,-8.443542983113199796e+01
-1.282599999999999909e+02,-8.442226559199399105e+01
-1.282400000000000091e+02,-8.440910135285601257e+01
-1.282199999999999989e+02,-8.439593711371800566e+01
-1.281999999999999886e+02,-8.438277287457999876e+01
-1.281800000000000068e+02,-8.436960863544200606e+01
-1.281599999999999966e+02,-8.435644439630399916e+01
-1.281399999999999864e+02,-8.434328015716599225e+01
-1.281200000000000045e+02,-8.433011591802799956e+01
-1.280999999999999943e+02,-8.431695167888999265e+01
-1.280800000000000125e+02,-8.430378743975201417e+01
-1.280600000000000023e+02,-8.429062320061400726e+01
-1.280399999999999920e+02,-8.427745896147600035e+01
-1.280200000000000102e+02,-8.426429472233800766e+01
-1.280000000000000000e+02,-8.425113048320000075e+01
-1.279800000000000040e+02,-8.423796624406200806e+01
-1.279599999999999937e+02,-8.422480200492400115e+01
-1.279399999999999977e+02,-8.421163776578599425e+01
-1.279200000000000017e+02,-8.419847352664800155e+01
-1.279000000000000057e+02,-8.418530928751000886e+01
-1.278799999999999955e+02,-8.417214504837200195e+01
-1.278599999999999994e+02,-8.415898080923399505e+01
-1.278400000000000034e+02,-8.414581657009600235e+01
-1.278199999999999932e+02,-8.413265233095799545e+01
-1.277999999999999972e+02,-8.411948809182000275e+01
-1.277800000000000011e+02,-8.410632385268199585e+01
-1.277600000000000051e+02,-8.409315961354400315e+01
-1.277399999999999949e+02,-8.407999537440599624e+01
-1.277199999999999989e+02,-8.406683113526800355e+01
-1.277000000000000028e+02,-8.405366689612999664e+01
-1.276800000000000068e+02,-8.404050265699200395e+01
-1.276599999999999966e+02,-8.402733841785399704e+01
-1.276400000000000006e+02,-8.401417417871600435e+01
-1.276200000000000045e+02,-8.400100993957799744e+01
-1.275999999999999943e+02,-8.398784570043999054e+01
-1.275799999999999983e+02,-8.397468146130199784e+01
-1.275600000000000023e+02,-8.396151722216400515e+01
-1.275400000000000063e+02,-8.394835298302599824e+01
-1.275199999999999960e+02,-8.393518874388799134e+01
-1.275000000000000000e+02,-8.392202450474999864e+01
-1.274800000000000040e+02,-8.390886026561200595e+01
-1.274599999999999937e+02,-8.389569602647399904e+01
-1.274399999999999977e+02,-8.388253178733600635e+01
-1.274200000000000017e+02,-8.386936754819799944e+01
-1.274000000000000057e+02,-8.385620330906000675e+01
-1.273799999999999955e+02,-8.384303906992199984e+01
-1.273599999999999994e+02,-8.382987483078400714e+01
-1.273400000000000034e+02,-8.381671059164600024e+01
-1.273199999999999932e+02,-8.380354635250799333e+01
-1.272999999999999972e+02,-8.379038211337000064e+01
-1.272800000000000011e+02,-8.377721787423200794e+01
-1.272600000000000051e+02,-8.376405363509400104e+01
-1.272399999999999949e+02,-8.375088939595599413e+01
-1.272199999999999989e+02,-8.373772515681800144e+01
-1.272000000000000028e+02,-8.372456091768000874e+01
-1.271800000000000068e+02,-8.371139667854200184e+01
-1.271599999999999966e+02,-8.369823243940399493e+01
-1.271400000000000006e+02,-8.368506820026600224e+01
-1.271200000000000045e+02,-8.367190396112800954e+01
-1.270999999999999943e+02,-8.365873972199000264e+01
-1.270799999999999983e+02,-8.364557548285199573e+01
-1.270600000000000023e+02,-8.363241124371400304e+01
-1.270400000000000063e+02,-8.361924700457601034e+01
-1.270199999999999960e+02,-8.360608276543800343e+01
-1.270000000000000000e+02,-8.359291852629999653e+01
-1.269800000000000040e+02,-8.357975428716200383e+01
-1.269599999999999937e+02,-8.356659004802399693e+01
-1.269399999999999977e+02,-8.355342580888600423e+01
-1.269200000000000017e+02,-8.354026156974799733e+01
-1.269000000000000057e+02,-8.352709733061000463e+01
-1.268799999999999955e+02,-8.351393309147199773e+01
-1.268599999999999994e+02,-8.350076885233400503e+01
-1.268400000000000034e+02,-8.348760461319599813e+01
-1.268199999999999932e+02,-8.347444037405799122e+01
-1.267999999999999972e+02,-8.346127613491999853e+01
-1.267800000000000011e+02,-8.344811189578200583e+01
-1.267600000000000051e+02,-8.343494765664399893e+01
-1.267399999999999949e+02,-8.342178341750599202e+01
-1.267199999999999989e+02,-8.340861917836799933e+01
-1.267000000000000028e+02,-8.339545493923000663e+01
-1.266800000000000068e+02,-8.338229070009199972e+01
-1.266599999999999966e+02,-8.336912646095399282e+01
-1.266400000000000006e+02,-8.335596222181600012e+01
-1.266200000000000045e+02,-8.334279798267800743e+01
-1.265999999999999943e+02,-8.332963374354000052e+01
-1.265799999999999983e+02,-8.331646950440199362e+01
-1.265600000000000023e+02,-8.330330526526400092e+01
-1.265400000000000063e+02,-8.329014102612600823e+01
-1.265199999999999960e+02,-8.327697678698800132e+01
-1.265000000000000000e+02,-8.326381254784999442e+01
-1.264800000000000040e+02,-8.325064830871200172e+01
-1.264599999999999937e+02,-8.323748406957399482e+01
-1.264399999999999977e+02,-8.322431983043600212e+01
-1.264200000000000017e+02,-8.321115559129799522e+01
-1.264000000000000057e+02,-8.319799135216000252e+01
-1.263799999999999955e+02,-8.318482711302199561e+01
-1.263599999999999994e+02,-8.317166287388400292e+01
-1.263400000000000034e+02,-8.315849863474599601e+01
-1.263199999999999932e+02,-8.314533439560800332e+01
-1.262999999999999972e+02,-8.313217015646999641e+01
-1.262800000000000011e+02,-8.311900591733200372e+01
-1.262600000000000051e+02,-8.310584167819401102e+01
-1.262399999999999949e+02,-8.309267743905600412e+01
-1.262199999999999989e+02,-8.307951319991799721e+01
-1.262000000000000028e+02,-8.306634896078000452e+01
-1.261800000000000068e+02,-8.305318472164201182e+01
-1.261599999999999966e+02,-8.304002048250400492e+01
-1.261400000000000006e+02,-8.302685624336599801e+01
-1.261200000000000045e+02,-8.301369200422800532e+01
-1.260999999999999943e+02,-8.300052776508999841e+01
-1.260799999999999983e+02,-8.298736352595200572e+01
-1.260600000000000023e+02,-8.297419928681399881e+01
-1.260400000000000063e+02,-8.296103504767600612e+01
-1.260199999999999960e+02,-8.294787080853799921e+01
-1.260000000000000000e+02,-8.293470656940000652e+01
-1.259800000000000040e+02,-8.292154233026199961e+01
-1.259599999999999937e+02,-8.290837809112399270e+01
-1.259399999999999977e+02,-8.289521385198600001e+01
-1.259200000000000017e+02,-8.288204961284800731e+01
-1.259000000000000057e+02,-8.286888537371000041e+01
-1.258799999999999955e+02,-8.285572113457199350e+01
-1.258599999999999994e+02,-8.284255689543400081e+01
-1.258400000000000034e+02,-8.282939265629600811e+01
-1.258199999999999932e+02,-8.281622841715800121e+01
-1.257999999999999972e+02,-8.280306417801999430e+01
-1.257800000000000011e+02,-8.278989993888200161e+01
-1.257600000000000051e+02,-8.277673569974400891e+01
-1.257399999999999949e+02,-8.276357146060600201e+01
-1.257199999999999989e+02,-8.275040722146799510e+01
-1.257000000000000028e+02,-8.273724298233000241e+01
-1.256800000000000068e+02,-8.272407874319200971e+01
-1.256599999999999966e+02,-8.271091450405400280e+01
-1.256400000000000006e+02,-8.269775026491599590e+01
-1.256200000000000045e+02,-8.268458602577800320e+01
-1.255999999999999943e+02,-8.267142178663999630e+01
-1.255799999999999983e+02,-8.265825754750200360e+01
-1.255600000000000023e+02,-8.264509330836399670e+01
-1.255400000000000063e+02,-8.263192906922600400e+01
-1.255199999999999960e+02,-8.261876483008799710e+01
-1.255000000000000000e+02,-8.260560059095000440e+01
-1.254800000000000040e+02,-8.259243635181199750e+01
-1.254599999999999937e+02,-8.257927211267399059e+01
-1.254399999999999977e+02,-8.256610787353599790e+01
-1.254200000000000017e+02,-8.255294363439800520e+01
-1.254000000000000057e+02,-8.253977939525999830e+01
-1.253799999999999955e+02,-8.252661515612199139e+01
-1.253599999999999994e+02,-8.251345091698399870e+01
-1.253400000000000034e+02,-8.250028667784600600e+01
-1.253199999999999932e+02,-8.248712243870799909e+01
-1.252999999999999972e+02,-8.247395819956999219e+01
-1.252800000000000011e+02,-8.246079396043199949e+01
-1.252600000000000051e+02,-8.244762972129400680e+01
-1.252399999999999949e+02,-8.243446548215599989e+01
-1.252199999999999989e+02,-8.242130124301799299e+01
-1.252000000000000028e+02,-8.240813700388000029e+01
-1.251800000000000068e+02,-8.239497276474200760e+01
-1.251599999999999966e+02,-8.238180852560400069e+01
-1.251400000000000006e+02,-8.236864428646600800e+01
-1.251200000000000045e+02,-8.235548004732800109e+01
-1.250999999999999943e+02,-8.234231580818999419e+01
-1.250799999999999983e+02,-8.232915156905200149e+01
-1.250600000000000023e+02,-8.231598732991400880e+01
-1.250400000000000063e+02,-8.230282309077600189e+01
-1.250199999999999960e+02,-8.228965885163799499e+01
-1.250000000000000000e+02,-8.227649461250000229e+01
-1.249800000000000040e+02,-8.226333037336200960e+01
-1.249599999999999937e+02,-8.225016613422400269e+01
-1.249399999999999977e+02,-8.223700189508599578e+01
-1.249200000000000017e+02,-8.222383765594800309e+01
-1.249000000000000057e+02,-8.221067341681001039e+01
-1.248799999999999955e+02,-8.219750917767200349e+01
-1.248599999999999994e+02,-8.218434493853399658e+01
-1.248400000000000034e+02,-8.217118069939600389e+01
-1.248199999999999932e+02,-8.215801646025799698e+01
-1.247999999999999972e+02,-8.214485222112000429e+01
-1.247800000000000011e+02,-8.213168798198199738e+01
-1.247600000000000051e+02,-8.211852374284400469e+01
-1.247399999999999949e+02,-8.210535950370599778e+01
-1.247199999999999989e+02,-8.209219526456800509e+01
-1.247000000000000028e+02,-8.207903102542999818e+01
-1.246800000000000068e+02,-8.206586678629200549e+01
-1.246599999999999966e+02,-8.205270254715399858e+01
-1.246400000000000006e+02,-8.203953830801600589e+01
-1.246200000000000045e+02,-8.202637406887799898e+01
-1.245999999999999943e+02,-8.201320982973999207e+01
-1.245799999999999983e+02,-8.200004559060199938e+01
-1.245600000000000023e+02,-8.198688135146400668e+01
-1.245400000000000063e+02,-8.197371711232599978e+01
-1.245199999999999960e+02,-8.196055287318799287e+01
-1.245000000000000000e+02,-8.194738863405000018e+01
-1.244800000000000040e+02,-8.193422439491200748e+01
-1.244599999999999937e+02,-8.192106015577400058e+01
-1.244399999999999977e+02,-8.190789591663599367e+01
-1.244200000000000017e+02,-8.189473167749800098e+01
-1.244000000000000057e+02,-8.188156743836000828e+01
-1.243799999999999955e+02,-8.186840319922200138e+01
-1.243599999999999994e+02,-8.185523896008399447e+01
-1.243400000000000034e+02,-8.184207472094600178e+01
-1.243199999999999932e+02,-8.182891048180799487e+01
-1.242999999999999972e+02,-8.181574624267000218e+01
-1.242800000000000011e+02,-8.180258200353199527e+01
-1.242600000000000051e+02,-8.178941776439400257e+01
-1.242399999999999949e+02,-8.177625352525599567e+01
-1.242199999999999989e+02,-8.176308928611800297e+01
-1.242000000000000028e+02,-8.174992504697999607e+01
-1.241800000000000068e+02,-8.173676080784200337e+01
-1.241599999999999966e+02,-8.172359656870399647e+01
-1.241400000000000006e+02,-8.171043232956600377e+01
-1.241200000000000045e+02,-8.169726809042799687e+01
-1.240999999999999943e+02,-8.168410385128998996e+01
-1.240799999999999983e+02,-8.167093961215199727e+01
-1.240600000000000023e+02,-8.165777537301400457e+01
-1.240400000000000063e+02,-8.164461113387601188e+01
-1.240199999999999960e+02,-8.163144689473800497e+01
-1.240000000000000000e+02,-8.161828265559999807e+01
-1.239800000000000040e+02,-8.160511841646200537e+01
-1.239599999999999937e+02,-8.159195417732399846e+01
-1.239399999999999977e+02,-8.157878993818600577e+01
-1.239200000000000017e+02,-8.156562569904799886e+01
-1.239000000000000057e+02,-8.155246145991000617e+01
-1.238799999999999955e+02,-8.153929722077199926e+01
-1.238599999999999994e+02,-8.152613298163400657e+01
-1.238400000000000034e+02,-8.151296874249599966e+01
-1.238199999999999932e+02,-8.149980450335799276e+01
-1.237999999999999972e+02,-8.148664026422000006e+01
-1.237800000000000011e+02,-8.147347602508200737e+01
-1.237600000000000051e+02,-8.146031178594400046e+01
-1.237399999999999949e+02,-8.144714754680599356e+01
-1.237199999999999989e+02,-8.143398330766800086e+01
-1.237000000000000028e+02,-8.142081906853000817e+01
-1.236800000000000068e+02,-8.140765482939200126e+01
-1.236599999999999966e+02,-8.139449059025399436e+01
-1.236400000000000006e+02,-8.138132635111600166e+01
-1.236200000000000045e+02,-8.136816211197800897e+01
-1.235999999999999943e+02,-8.135499787284000206e+01
-1.235799999999999983e+02,-8.134183363370199515e+01
-1.235600000000000023e+02,-8.132866939456400246e+01
-1.235400000000000063e+02,-8.131550515542600976e+01
-1.235199999999999960e+02,-8.130234091628800286e+01
-1.235000000000000000e+02,-8.128917667714999595e+01
-1.234800000000000040e+02,-8.127601243801200326e+01
-1.234599999999999937e+02,-8.126284819887399635e+01
-1.234399999999999977e+02,-8.124968395973600366e+01
-1.234200000000000017e+02,-8.123651972059799675e+01
-1.234000000000000057e+02,-8.122335548146000406e+01
-1.233799999999999955e+02,-8.121019124232199715e+01
-1.233599999999999994e+02,-8.119702700318400446e+01
-1.233400000000000034e+02,-8.118386276404599755e+01
-1.233199999999999932e+02,-8.117069852490799065e+01
-1.232999999999999972e+02,-8.115753428576999795e+01
-1.232800000000000011e+02,-8.114437004663200526e+01
-1.232600000000000051e+02,-8.113120580749399835e+01
-1.232399999999999949e+02,-8.111804156835599144e+01
-1.232199999999999989e+02,-8.110487732921799875e+01
-1.232000000000000028e+02,-8.109171309008000605e+01
-1.231800000000000068e+02,-8.107854885094199915e+01
-1.231599999999999966e+02,-8.106538461180399224e+01
-1.231400000000000006e+02,-8.105222037266599955e+01
-1.231200000000000045e+02,-8.103905613352800685e+01
-1.230999999999999943e+02,-8.102589189438999995e+01
-1.230799999999999983e+02,-8.101272765525199304e+01
-1.230600000000000023e+02,-8.099956341611400035e+01
-1.230400000000000063e+02,-8.098639917697600765e+01
-1.230199999999999960e+02,-8.097323493783800075e+01
-1.230000000000000000e+02,-8.096007069869999384e+01
-1.229800000000000040e+02,-8.094690645956200115e+01
-1.229599999999999937e+02,-8.093374222042399424e+01
-1.229399999999999977e+02,-8.092057798128600155e+01
-1.229200000000000017e+02,-8.090741374214800885e+01
-1.229000000000000057e+02,-8.089424950301000194e+01
-1.228799999999999955e+02,-8.088108526387199504e+01
-1.228599999999999994e+02,-8.086792102473400234e+01
-1.228400000000000034e+02,-8.085475678559600965e+01
-1.228199999999999932e+02,-8.084159254645800274e+01
-1.227999999999999972e+02,-8.082842830731999584e+01
-1.227800000000000011e+02,-8.081526406818200314e+01
-1.227600000000000051e+02,-8.080209982904401045e+01
-1.227399999999999949e+02,-8.078893558990600354e+01
-1.227199999999999989e+02,-8.077577135076799664e+01
-1.227000000000000028e+02,-8.076260711163000394e+01
-1.226800000000000068e+02,-8.074944287249201125e+01
-1.226599999999999966e+02,-8.073627863335400434e+01
-1.226400000000000006e+02,-8.072311439421599744e+01
-1.226200000000000045e+02,-8.070995015507800474e+01
-1.225999999999999943e+02,-8.069678591593999784e+01
-1.225799999999999983e+02,-8.068362167680200514e+01
-1.225600000000000023e+02,-8.067045743766399823e+01
-1.225400000000000063e+02,-8.065729319852600554e+01
-1.225199999999999960e+02,-8.064412895938799863e+01
-1.225000000000000000e+02,-8.063096472025000594e+01
-1.224800000000000040e+02,-8.061780048111199903e+01
-1.224599999999999937e+02,-8.060463624197399213e+01
-1.224399999999999977e+02,-8.059147200283599943e+01
-1.224200000000000017e+02,-8.057830776369800674e+01
-1.224000000000000057e+02,-8.056514352455999983e+01
-1.223799999999999955e+02,-8.055197928542199293e+01
-1.223599999999999994e+02,-8.053881504628400023e+01
-1.223400000000000034e+02,-8.052565080714600754e+01
-1.223199999999999932e+02,-8.051248656800800063e+01
-1.222999999999999972e+02,-8.049932232886999373e+01
-1.222800000000000011e+02,-8.048615808973200103e+01
-1.222600000000000051e+02,-8.047299385059400834e+01
-1.222399999999999949e+02,-8.045982961145600143e+01
-1.222199999999999989e+02,-8.044666537231799452e+01
-1.222000000000000028e+02,-8.043350113318000183e+01
-1.221800000000000068e+02,-8.042033689404200913e+01
-1.221599999999999966e+02,-8.040717265490400223e+01
-1.221400000000000006e+02,-8.039400841576599532e+01
-1.221200000000000045e+02,-8.038084417662800263e+01
-1.220999999999999943e+02,-8.036767993748999572e+01
-1.220799999999999983e+02,-8.035451569835200303e+01
-1.220600000000000023e+02,-8.034135145921399612e+01
-1.220400000000000063e+02,-8.032818722007600343e+01
-1.220199999999999960e+02,-8.031502298093799652e+01
-1.220000000000000000e+02,-8.030185874180000383e+01
-1.219800000000000040e+02,-8.028869450266199692e+01
-1.219599999999999937e+02,-8.027553026352399002e+01
-1.219399999999999977e+02,-8.026236602438599732e+01
-1.219200000000000017e+02,-8.024920178524800463e+01
-1.219000000000000057e+02,-8.023603754610999772e+01
-1.218799999999999955e+02,-8.022287330697199081e+01
-1.218599999999999994e+02,-8.020970906783399812e+01
-1.218400000000000034e+02,-8.019654482869600542e+01
-1.218199999999999932e+02,-8.018338058955799852e+01
-1.217999999999999972e+02,-8.017021635042000582e+01
-1.217800000000000011e+02,-8.015705211128199892e+01
-1.217600000000000051e+02,-8.014388787214400622e+01
-1.217399999999999949e+02,-8.013072363300599932e+01
-1.217199999999999989e+02,-8.011755939386800662e+01
-1.217000000000000028e+02,-8.010439515472999972e+01
-1.216800000000000068e+02,-8.009123091559200702e+01
-1.216599999999999966e+02,-8.007806667645400012e+01
-1.216400000000000006e+02,-8.006490243731600742e+01
-1.216200000000000045e+02,-8.005173819817800052e+01
-1.215999999999999943e+02,-8.003857395903999361e+01
-1.215799999999999983e+02,-8.002540971990200092e+01
-1.215600000000000023e+02,-8.001224548076400822e+01
-1.215400000000000063e+02,-7.999908124162600132e+01
-1.215199999999999960e+02,-7.998591700248799441e+01
-1.215000000000000000e+02,-7.997275276335000171e+01
-1.214800000000000040e+02,-7.995958852421200902e+01
-1.214599999999999937e+02,-7.994642428507400211e+01
-1.214399999999999977e+02,-7.993326004593599521e+01
-1.214200000000000017e+02,-7.992009580679800251e+01
-1.214000000000000057e+02,-7.990693156766000982e+01
-1.213799999999999955e+02,-7.989376732852200291e+01
-1.213599999999999994e+02,-7.988060308938399601e+01
-1.213400000000000034e+02,-7.986743885024600331e+01
-1.213199999999999932e+02,-7.985427461110799641e+01
-1.212999999999999972e+02,-7.984111037197000371e+01
-1.212800000000000011e+02,-7.982794613283199681e+01
-1.212600000000000051e+02,-7.981478189369400411e+01
-1.212399999999999949e+02,-7.980161765455599721e+01
-1.212199999999999989e+02,-7.978845341541800451e+01
-1.212000000000000028e+02,-7.977528917627999760e+01
-1.211800000000000068e+02,-7.976212493714200491e+01
-1.211599999999999966e+02,-7.974896069800399800e+01
-1.211400000000000006e+02,-7.973579645886600531e+01
-1.211200000000000045e+02,-7.972263221972799840e+01
-1.210999999999999943e+02,-7.970946798058999150e+01
-1.210799999999999983e+02,-7.969630374145199880e+01
-1.210600000000000023e+02,-7.968313950231400611e+01
-1.210400000000000063e+02,-7.966997526317599920e+01
-1.210199999999999960e+02,-7.965681102403799230e+01
-1.210000000000000000e+02,-7.964364678489999960e+01
-1.209800000000000040e+02,-7.963048254576200691e+01
-1.209599999999999937e+02,-7.961731830662400000e+01
-1.209399999999999977e+02,-7.960415406748599310e+01
-1.209200000000000017e+02,-7.959098982834800040e+01
-1.209000000000000057e+02,-7.957782558921000771e+01
-1.208799999999999955e+02,-7.956466135007200080e+01
-1.208599999999999994e+02,-7.955149711093399389e+01
-1.208400000000000034e+02,-7.953833287179600120e+01
-1.208199999999999932e+02,-7.952516863265799429e+01
-1.207999999999999972e+02,-7.951200439352000160e+01
-1.207800000000000011e+02,-7.949884015438199469e+01
-1.207600000000000051e+02,-7.948567591524400200e+01
-1.207399999999999949e+02,-7.947251167610599509e+01
-1.207199999999999989e+02,-7.945934743696800240e+01
-1.207000000000000028e+02,-7.944618319782999549e+01
-1.206800000000000068e+02,-7.943301895869200280e+01
-1.206599999999999966e+02,-7.941985471955399589e+01
-1.206400000000000006e+02,-7.940669048041600320e+01
-1.206200000000000045e+02,-7.939352624127801050e+01
-1.205999999999999943e+02,-7.938036200214000360e+01
-1.205799999999999983e+02,-7.936719776300199669e+01
-1.205600000000000023e+02,-7.935403352386400400e+01
-1.205400000000000063e+02,-7.934086928472601130e+01
-1.205199999999999960e+02,-7.932770504558800440e+01
-1.205000000000000000e+02,-7.931454080644999749e+01
-1.204800000000000040e+02,-7.930137656731200479e+01
-1.204599999999999937e+02,-7.928821232817399789e+01
-1.204399999999999977e+02,-7.927504808903600519e+01
-1.204200000000000017e+02,-7.926188384989799829e+01
-1.204000000000000057e+02,-7.924871961076000559e+01
-1.203799999999999955e+02,-7.923555537162199869e+01
-1.203599999999999994e+02,-7.922239113248400599e+01
-1.203400000000000034e+02,-7.920922689334599909e+01
-1.203199999999999932e+02,-7.919606265420799218e+01
-1.202999999999999972e+02,-7.918289841506999949e+01
-1.202800000000000011e+02,-7.916973417593200679e+01
-1.202600000000000051e+02,-7.915656993679399989e+01
-1.202399999999999949e+02,-7.914340569765599298e+01
-1.202199999999999989e+02,-7.913024145851800029e+01
-1.202000000000000028e+02,-7.911707721938000759e+01
-1.201800000000000068e+02,-7.910391298024200069e+01
-1.201599999999999966e+02,-7.909074874110399378e+01
-1.201400000000000006e+02,-7.907758450196600108e+01
-1.201200000000000045e+02,-7.906442026282800839e+01
-1.200999999999999943e+02,-7.905125602369000148e+01
-1.200799999999999983e+02,-7.903809178455199458e+01
-1.200600000000000023e+02,-7.902492754541400188e+01
-1.200400000000000063e+02,-7.901176330627600919e+01
-1.200199999999999960e+02,-7.899859906713800228e+01
-1.200000000000000000e+02,-7.898543482799999538e+01
-1.199800000000000040e+02,-7.897227058886200268e+01
-1.199599999999999937e+02,-7.895910634972399578e+01
-1.199399999999999977e+02,-7.894594211058600308e+01
-1.199200000000000017e+02,-7.893277787144799618e+01
-1.199000000000000057e+02,-7.891961363231000348e+01
-1.198799999999999955e+02,-7.890644939317199658e+01
-1.198599999999999994e+02,-7.889328515403400388e+01
-1.198400000000000034e+02,-7.888012091489599698e+01
-1.198199999999999932e+02,-7.886695667575799007e+01
-1.197999999999999972e+02,-7.885379243661999737e+01
-1.197800000000000011e+02,-7.884062819748200468e+01
-1.197600000000000051e+02,-7.882746395834399777e+01
-1.197399999999999949e+02,-7.881429971920599087e+01
-1.197199999999999989e+02,-7.880113548006799817e+01
-1.197000000000000028e+02,-7.878797124093000548e+01
-1.196800000000000068e+02,-7.877480700179199857e+01
-1.196599999999999966e+02,-7.876164276265399167e+01
-1.196400000000000006e+02,-7.874847852351599897e+01
-1.196200000000000045e+02,-7.873531428437800628e+01
-1.195999999999999943e+02,-7.872215004523999937e+01
-1.195799999999999983e+02,-7.870898580610200668e+01
-1.195600000000000023e+02,-7.869582156696399977e+01
-1.195400000000000063e+02,-7.868265732782600708e+01
-1.195199999999999960e+02,-7.866949308868800017e+01
-1.195000000000000000e+02,-7.865632884955000748e+01
-1.194800000000000040e+02,-7.864316461041200057e+01
-1.194599999999999937e+02,-7.863000037127399366e+01
-1.194399999999999977e+02,-7.861683613213600097e+01
-1.194200000000000017e+02,-7.860367189299800827e+01
-1.194000000000000057e+02,-7.859050765386000137e+01
-1.193799999999999955e+02,-7.857734341472199446e+01
-1.193599999999999994e+02,-7.856417917558400177e+01
-1.193400000000000034e+02,-7.855101493644600907e+01
-1.193199999999999932e+02,-7.853785069730800217e+01
-1.192999999999999972e+02,-7.852468645816999526e+01
-1.192800000000000011e+02,-7.851152221903200257e+01
-1.192600000000000051e+02,-7.849835797989400987e+01
-1.192399999999999949e+02,-7.848519374075600297e+01
-1.192199999999999989e+02,-7.847202950161799606e+01
-1.192000000000000028e+02,-7.845886526248000337e+01
-1.191800000000000068e+02,-7.844570102334201067e+01
-1.191599999999999966e+02,-7.843253678420400377e+01
-1.191400000000000006e+02,-7.841937254506599686e+01
-1.191200000000000045e+02,-7.840620830592800417e+01
-1.190999999999999943e+02,-7.839304406678999726e+01
-1.190799999999999983e+02,-7.837987982765200456e+01
-1.190600000000000023e+02,-7.836671558851399766e+01
-1.190400000000000063e+02,-7.835355134937600496e+01
-1.190199999999999960e+02,-7.834038711023799806e+01
-1.190000000000000000e+02,-7.832722287110000536e+01
-1.189800000000000040e+02,-7.831405863196199846e+01
-1.189599999999999937e+02,-7.830089439282399155e+01
-1.189399999999999977e+02,-7.828773015368599886e+01
-1.189200000000000017e+02,-7.827456591454800616e+01
-1.189000000000000057e+02,-7.826140167540999926e+01
-1.188799999999999955e+02,-7.824823743627199235e+01
-1.188599999999999994e+02,-7.823507319713399966e+01
-1.188400000000000034e+02,-7.822190895799600696e+01
-1.188199999999999932e+02,-7.820874471885800006e+01
-1.187999999999999972e+02,-7.819558047971999315e+01
-1.187800000000000011e+02,-7.818241624058200046e+01
-1.187600000000000051e+02,-7.816925200144400776e+01
-1.187399999999999949e+02,-7.815608776230600085e+01
-1.187199999999999989e+02,-7.814292352316799395e+01
-1.187000000000000028e+02,-7.812975928403000125e+01
-1.186800000000000068e+02,-7.811659504489200856e+01
-1.186599999999999966e+02,-7.810343080575400165e+01
-1.186400000000000006e+02,-7.809026656661599475e+01
-1.186200000000000045e+02,-7.807710232747800205e+01
-1.185999999999999943e+02,-7.806393808833999515e+01
-1.185799999999999983e+02,-7.805077384920200245e+01
-1.185600000000000023e+02,-7.803760961006399555e+01
-1.185400000000000063e+02,-7.802444537092600285e+01
-1.185199999999999960e+02,-7.801128113178799595e+01
-1.185000000000000000e+02,-7.799811689265000325e+01
-1.184800000000000040e+02,-7.798495265351199635e+01
-1.184599999999999937e+02,-7.797178841437400365e+01
-1.184399999999999977e+02,-7.795862417523599674e+01
-1.184200000000000017e+02,-7.794545993609800405e+01
-1.184000000000000057e+02,-7.793229569696001136e+01
-1.183799999999999955e+02,-7.791913145782200445e+01
-1.183599999999999994e+02,-7.790596721868399754e+01
-1.183400000000000034e+02,-7.789280297954600485e+01
-1.183199999999999932e+02,-7.787963874040799794e+01
-1.182999999999999972e+02,-7.786647450127000525e+01
-1.182800000000000011e+02,-7.785331026213199834e+01
-1.182600000000000051e+02,-7.784014602299400565e+01
-1.182399999999999949e+02,-7.782698178385599874e+01
-1.182199999999999989e+02,-7.781381754471800605e+01
-1.182000000000000028e+02,-7.780065330557999914e+01
-1.181800000000000068e+02,-7.778748906644200645e+01
-1.181599999999999966e+02,-7.777432482730399954e+01
-1.181400000000000006e+02,-7.776116058816600685e+01
-1.181200000000000045e+02,-7.774799634902799994e+01
-1.180999999999999943e+02,-7.773483210988999303e+01
-1.180799999999999983e+02,-7.772166787075200034e+01
-1.180600000000000023e+02,-7.770850363161400765e+01
-1.180400000000000063e+02,-7.769533939247600074e+01
-1.180199999999999960e+02,-7.768217515333799383e+01
-1.180000000000000000e+02,-7.766901091420000114e+01
-1.179800000000000040e+02,-7.765584667506200844e+01
-1.179599999999999937e+02,-7.764268243592400154e+01
-1.179399999999999977e+02,-7.762951819678599463e+01
-1.179200000000000017e+02,-7.761635395764800194e+01
-1.179000000000000057e+02,-7.760318971851000924e+01
-1.178799999999999955e+02,-7.759002547937200234e+01
-1.178599999999999994e+02,-7.757686124023399543e+01
-1.178400000000000034e+02,-7.756369700109600274e+01
-1.178199999999999932e+02,-7.755053276195799583e+01
-1.177999999999999972e+02,-7.753736852282000314e+01
-1.177800000000000011e+02,-7.752420428368199623e+01
-1.177600000000000051e+02,-7.751104004454400354e+01
-1.177399999999999949e+02,-7.749787580540599663e+01
-1.177199999999999989e+02,-7.748471156626800393e+01
-1.177000000000000028e+02,-7.747154732712999703e+01
-1.176800000000000068e+02,-7.745838308799200433e+01
-1.176599999999999966e+02,-7.744521884885399743e+01
-1.176400000000000006e+02,-7.743205460971600473e+01
-1.176200000000000045e+02,-7.741889037057799783e+01
-1.175999999999999943e+02,-7.740572613143999092e+01
-1.175799999999999983e+02,-7.739256189230199823e+01
-1.175600000000000023e+02,-7.737939765316400553e+01
-1.175400000000000063e+02,-7.736623341402599863e+01
-1.175199999999999960e+02,-7.735306917488799172e+01
-1.175000000000000000e+02,-7.733990493574999903e+01
-1.174800000000000040e+02,-7.732674069661200633e+01
-1.174599999999999937e+02,-7.731357645747399943e+01
-1.174399999999999977e+02,-7.730041221833599252e+01
-1.174200000000000017e+02,-7.728724797919799983e+01
-1.174000000000000057e+02,-7.727408374006000713e+01
-1.173799999999999955e+02,-7.726091950092200022e+01
-1.173599999999999994e+02,-7.724775526178399332e+01
-1.173400000000000034e+02,-7.723459102264600062e+01
-1.173199999999999932e+02,-7.722142678350799372e+01
-1.172999999999999972e+02,-7.720826254437000102e+01
-1.172800000000000011e+02,-7.719509830523200833e+01
-1.172600000000000051e+02,-7.718193406609400142e+01
-1.172399999999999949e+02,-7.716876982695599452e+01
-1.172199999999999989e+02,-7.715560558781800182e+01
-1.172000000000000028e+02,-7.714244134868000913e+01
-1.171800000000000068e+02,-7.712927710954200222e+01
-1.171599999999999966e+02,-7.711611287040399532e+01
-1.171400000000000006e+02,-7.710294863126600262e+01
-1.171200000000000045e+02,-7.708978439212800993e+01
-1.170999999999999943e+02,-7.707662015299000302e+01
-1.170799999999999983e+02,-7.706345591385199612e+01
-1.170600000000000023e+02,-7.705029167471400342e+01
-1.170400000000000063e+02,-7.703712743557601073e+01
-1.170199999999999960e+02,-7.702396319643800382e+01
-1.170000000000000000e+02,-7.701079895729999691e+01
-1.169800000000000040e+02,-7.699763471816200422e+01
-1.169599999999999937e+02,-7.698447047902399731e+01
-1.169399999999999977e+02,-7.697130623988600462e+01
-1.169200000000000017e+02,-7.695814200074799771e+01
-1.169000000000000057e+02,-7.694497776161000502e+01
-1.168799999999999955e+02,-7.693181352247199811e+01
-1.168599999999999994e+02,-7.691864928333400542e+01
-1.168400000000000034e+02,-7.690548504419599851e+01
-1.168199999999999932e+02,-7.689232080505799161e+01
-1.167999999999999972e+02,-7.687915656591999891e+01
-1.167800000000000011e+02,-7.686599232678200622e+01
-1.167600000000000051e+02,-7.685282808764399931e+01
-1.167399999999999949e+02,-7.683966384850599241e+01
-1.167199999999999989e+02,-7.682649960936799971e+01
-1.167000000000000028e+02,-7.681333537023000702e+01
-1.166800000000000068e+02,-7.680017113109200011e+01
-1.166599999999999966e+02,-7.678700689195399320e+01
-1.166400000000000006e+02,-7.677384265281600051e+01
-1.166200000000000045e+02,-7.676067841367800781e+01
-1.165999999999999943e+02,-7.674751417454000091e+01
-1.165799999999999983e+02,-7.673434993540199400e+01
-1.165600000000000023e+02,-7.672118569626400131e+01
-1.165400000000000063e+02,-7.670802145712600861e+01
-1.165199999999999960e+02,-7.669485721798800171e+01
-1.165000000000000000e+02,-7.668169297884999480e+01
-1.164800000000000040e+02,-7.666852873971200211e+01
-1.164599999999999937e+02,-7.665536450057399520e+01
-1.164399999999999977e+02,-7.664220026143600251e+01
-1.164200000000000017e+02,-7.662903602229799560e+01
-1.164000000000000057e+02,-7.661587178316000291e+01
-1.163799999999999955e+02,-7.660270754402199600e+01
-1.163599999999999994e+02,-7.658954330488400331e+01
-1.163400000000000034e+02,-7.657637906574599640e+01
-1.163199999999999932e+02,-7.656321482660798949e+01
-1.162999999999999972e+02,-7.655005058746999680e+01
-1.162800000000000011e+02,-7.653688634833200410e+01
-1.162600000000000051e+02,-7.652372210919399720e+01
-1.162399999999999949e+02,-7.651055787005599029e+01
-1.162199999999999989e+02,-7.649739363091799760e+01
-1.162000000000000028e+02,-7.648422939178000490e+01
-1.161799999999999926e+02,-7.647106515264199800e+01
-1.161599999999999966e+02,-7.645790091350400530e+01
-1.161400000000000006e+02,-7.644473667436599840e+01
-1.161200000000000045e+02,-7.643157243522800570e+01
-1.160999999999999943e+02,-7.641840819608999880e+01
-1.160799999999999983e+02,-7.640524395695200610e+01
-1.160600000000000023e+02,-7.639207971781399920e+01
-1.160400000000000063e+02,-7.637891547867600650e+01
-1.160199999999999960e+02,-7.636575123953799960e+01
-1.160000000000000000e+02,-7.635258700040000690e+01
-1.159800000000000040e+02,-7.633942276126199999e+01
-1.159599999999999937e+02,-7.632625852212399309e+01
-1.159399999999999977e+02,-7.631309428298600039e+01
-1.159200000000000017e+02,-7.629993004384800770e+01
-1.159000000000000057e+02,-7.628676580471000079e+01
-1.158799999999999955e+02,-7.627360156557199389e+01
-1.158599999999999994e+02,-7.626043732643400119e+01
-1.158400000000000034e+02,-7.624727308729600850e+01
-1.158199999999999932e+02,-7.623410884815800159e+01
-1.157999999999999972e+02,-7.622094460901999469e+01
-1.157800000000000011e+02,-7.620778036988200199e+01
-1.157600000000000051e+02,-7.619461613074400930e+01
-1.157399999999999949e+02,-7.618145189160600239e+01
-1.157199999999999989e+02,-7.616828765246799549e+01
-1.157000000000000028e+02,-7.615512341333000279e+01
-1.156799999999999926e+02,-7.614195917419199588e+01
-1.156599999999999966e+02,-7.612879493505400319e+01
-1.156400000000000006e+02,-7.611563069591599628e+01
-1.156200000000000045e+02,-7.610246645677800359e+01
-1.155999999999999943e+02,-7.608930221763999668e+01
-1.155799999999999983e+02,-7.607613797850200399e+01
-1.155600000000000023e+02,-7.606297373936399708e+01
-1.155400000000000063e+02,-7.604980950022600439e+01
-1.155199999999999960e+02,-7.603664526108799748e+01
-1.155000000000000000e+02,-7.602348102195000479e+01
-1.154800000000000040e+02,-7.601031678281199788e+01
-1.154599999999999937e+02,-7.599715254367399098e+01
-1.154399999999999977e+02,-7.598398830453599828e+01
-1.154200000000000017e+02,-7.597082406539800559e+01
-1.154000000000000057e+02,-7.595765982625999868e+01
-1.153799999999999955e+02,-7.594449558712199178e+01
-1.153599999999999994e+02,-7.593133134798399908e+01
-1.153400000000000034e+02,-7.591816710884600639e+01
-1.153199999999999932e+02,-7.590500286970799948e+01
-1.152999999999999972e+02,-7.589183863056999257e+01
-1.152800000000000011e+02,-7.587867439143199988e+01
-1.152600000000000051e+02,-7.586551015229400718e+01
-1.152399999999999949e+02,-7.585234591315600028e+01
-1.152199999999999989e+02,-7.583918167401799337e+01
-1.152000000000000028e+02,-7.582601743488000068e+01
-1.151799999999999926e+02,-7.581285319574199377e+01
-1.151599999999999966e+02,-7.579968895660400108e+01
-1.151400000000000006e+02,-7.578652471746599417e+01
-1.151200000000000045e+02,-7.577336047832800148e+01
-1.150999999999999943e+02,-7.576019623918999457e+01
-1.150799999999999983e+02,-7.574703200005200188e+01
-1.150600000000000023e+02,-7.573386776091400918e+01
-1.150400000000000063e+02,-7.572070352177600228e+01
-1.150199999999999960e+02,-7.570753928263799537e+01
-1.150000000000000000e+02,-7.569437504350000268e+01
-1.149800000000000040e+02,-7.568121080436200998e+01
-1.149599999999999937e+02,-7.566804656522400307e+01
-1.149399999999999977e+02,-7.565488232608599617e+01
-1.149200000000000017e+02,-7.564171808694800347e+01
-1.149000000000000057e+02,-7.562855384781001078e+01
-1.148799999999999955e+02,-7.561538960867200387e+01
-1.148599999999999994e+02,-7.560222536953399697e+01
-1.148400000000000034e+02,-7.558906113039600427e+01
-1.148199999999999932e+02,-7.557589689125799737e+01
-1.147999999999999972e+02,-7.556273265212000467e+01
-1.147800000000000011e+02,-7.554956841298199777e+01
-1.147600000000000051e+02,-7.553640417384400507e+01
-1.147399999999999949e+02,-7.552323993470599817e+01
-1.147199999999999989e+02,-7.551007569556800547e+01
-1.147000000000000028e+02,-7.549691145642999857e+01
-1.146799999999999926e+02,-7.548374721729199166e+01
-1.146599999999999966e+02,-7.547058297815399897e+01
-1.146400000000000006e+02,-7.545741873901600627e+01
-1.146200000000000045e+02,-7.544425449987799936e+01
-1.145999999999999943e+02,-7.543109026073999246e+01
-1.145799999999999983e+02,-7.541792602160199976e+01
-1.145600000000000023e+02,-7.540476178246400707e+01
-1.145400000000000063e+02,-7.539159754332600016e+01
-1.145199999999999960e+02,-7.537843330418799326e+01
-1.145000000000000000e+02,-7.536526906505000056e+01
-1.144800000000000040e+02,-7.535210482591200787e+01
-1.144599999999999937e+02,-7.533894058677400096e+01
-1.144399999999999977e+02,-7.532577634763599406e+01
-1.144200000000000017e+02,-7.531261210849800136e+01
-1.144000000000000057e+02,-7.529944786936000867e+01
-1.143799999999999955e+02,-7.528628363022200176e+01
-1.143599999999999994e+02,-7.527311939108399486e+01
-1.143400000000000034e+02,-7.525995515194600216e+01
-1.143199999999999932e+02,-7.524679091280799526e+01
-1.142999999999999972e+02,-7.523362667367000256e+01
-1.142800000000000011e+02,-7.522046243453199565e+01
-1.142600000000000051e+02,-7.520729819539400296e+01
-1.142399999999999949e+02,-7.519413395625599605e+01
-1.142199999999999989e+02,-7.518096971711800336e+01
-1.142000000000000028e+02,-7.516780547797999645e+01
-1.141799999999999926e+02,-7.515464123884198955e+01
-1.141599999999999966e+02,-7.514147699970399685e+01
-1.141400000000000006e+02,-7.512831276056600416e+01
-1.141200000000000045e+02,-7.511514852142799725e+01
-1.140999999999999943e+02,-7.510198428228999035e+01
-1.140799999999999983e+02,-7.508882004315199765e+01
-1.140600000000000023e+02,-7.507565580401400496e+01
-1.140400000000000063e+02,-7.506249156487599805e+01
-1.140199999999999960e+02,-7.504932732573799115e+01
-1.140000000000000000e+02,-7.503616308659999845e+01
-1.139800000000000040e+02,-7.502299884746200576e+01
-1.139599999999999937e+02,-7.500983460832399885e+01
-1.139399999999999977e+02,-7.499667036918600616e+01
-1.139200000000000017e+02,-7.498350613004799925e+01
-1.139000000000000057e+02,-7.497034189091000655e+01
-1.138799999999999955e+02,-7.495717765177199965e+01
-1.138599999999999994e+02,-7.494401341263400695e+01
-1.138400000000000034e+02,-7.493084917349600005e+01
-1.138199999999999932e+02,-7.491768493435799314e+01
-1.137999999999999972e+02,-7.490452069522000045e+01
-1.137800000000000011e+02,-7.489135645608200775e+01
-1.137600000000000051e+02,-7.487819221694400085e+01
-1.137399999999999949e+02,-7.486502797780599394e+01
-1.137199999999999989e+02,-7.485186373866800125e+01
-1.137000000000000028e+02,-7.483869949953000855e+01
-1.136799999999999926e+02,-7.482553526039200165e+01
-1.136599999999999966e+02,-7.481237102125399474e+01
-1.136400000000000006e+02,-7.479920678211600205e+01
-1.136200000000000045e+02,-7.478604254297800935e+01
-1.135999999999999943e+02,-7.477287830384000245e+01
-1.135799999999999983e+02,-7.475971406470199554e+01
-1.135600000000000023e+02,-7.474654982556400284e+01
-1.135400000000000063e+02,-7.473338558642601015e+01
-1.135199999999999960e+02,-7.472022134728800324e+01
-1.135000000000000000e+02,-7.470705710814999634e+01
-1.134800000000000040e+02,-7.469389286901200364e+01
-1.134599999999999937e+02,-7.468072862987399674e+01
-1.134399999999999977e+02,-7.466756439073600404e+01
-1.134200000000000017e+02,-7.465440015159799714e+01
-1.134000000000000057e+02,-7.464123591246000444e+01
-1.133799999999999955e+02,-7.462807167332199754e+01
-1.133599999999999994e+02,-7.461490743418400484e+01
-1.133400000000000034e+02,-7.460174319504599794e+01
-1.133199999999999932e+02,-7.458857895590799103e+01
-1.132999999999999972e+02,-7.457541471676999834e+01
-1.132800000000000011e+02,-7.456225047763200564e+01
-1.132600000000000051e+02,-7.454908623849399874e+01
-1.132399999999999949e+02,-7.453592199935599183e+01
-1.132199999999999989e+02,-7.452275776021799913e+01
-1.132000000000000028e+02,-7.450959352108000644e+01
-1.131799999999999926e+02,-7.449642928194199953e+01
-1.131599999999999966e+02,-7.448326504280399263e+01
-1.131400000000000006e+02,-7.447010080366599993e+01
-1.131200000000000045e+02,-7.445693656452800724e+01
-1.130999999999999943e+02,-7.444377232539000033e+01
-1.130799999999999983e+02,-7.443060808625199343e+01
-1.130600000000000023e+02,-7.441744384711400073e+01
-1.130400000000000063e+02,-7.440427960797600804e+01
-1.130199999999999960e+02,-7.439111536883800113e+01
-1.130000000000000000e+02,-7.437795112969999423e+01
-1.129800000000000040e+02,-7.436478689056200153e+01
-1.129599999999999937e+02,-7.435162265142399463e+01
-1.129399999999999977e+02,-7.433845841228600193e+01
-1.129200000000000017e+02,-7.432529417314799502e+01
-1.129000000000000057e+02,-7.431212993401000233e+01
-1.128799999999999955e+02,-7.429896569487199542e+01
-1.128599999999999994e+02,-7.428580145573400273e+01
-1.128400000000000034e+02,-7.427263721659599582e+01
-1.128199999999999932e+02,-7.425947297745800313e+01
-1.127999999999999972e+02,-7.424630873831999622e+01
-1.127800000000000011e+02,-7.423314449918200353e+01
-1.127600000000000051e+02,-7.421998026004401083e+01
-1.127399999999999949e+02,-7.420681602090600393e+01
-1.127199999999999989e+02,-7.419365178176799702e+01
-1.127000000000000028e+02,-7.418048754263000433e+01
-1.126799999999999926e+02,-7.416732330349199742e+01
-1.126599999999999966e+02,-7.415415906435400473e+01
-1.126400000000000006e+02,-7.414099482521599782e+01
-1.126200000000000045e+02,-7.412783058607800513e+01
-1.125999999999999943e+02,-7.411466634693999822e+01
-1.125799999999999983e+02,-7.410150210780200553e+01
-1.125600000000000023e+02,-7.408833786866399862e+01
-1.125400000000000063e+02,-7.407517362952600593e+01
-1.125199999999999960e+02,-7.406200939038799902e+01
-1.125000000000000000e+02,-7.404884515125000632e+01
-1.124800000000000040e+02,-7.403568091211199942e+01
-1.124599999999999937e+02,-7.402251667297399251e+01
-1.124399999999999977e+02,-7.400935243383599982e+01
-1.124200000000000017e+02,-7.399618819469800712e+01
-1.124000000000000057e+02,-7.398302395556000022e+01
-1.123799999999999955e+02,-7.396985971642199331e+01
-1.123599999999999994e+02,-7.395669547728400062e+01
-1.123400000000000034e+02,-7.394353123814600792e+01
-1.123199999999999932e+02,-7.393036699900800102e+01
-1.122999999999999972e+02,-7.391720275986999411e+01
-1.122800000000000011e+02,-7.390403852073200142e+01
-1.122600000000000051e+02,-7.389087428159400872e+01
-1.122399999999999949e+02,-7.387771004245600182e+01
-1.122199999999999989e+02,-7.386454580331799491e+01
-1.122000000000000028e+02,-7.385138156418000221e+01
-1.121799999999999926e+02,-7.383821732504199531e+01
-1.121599999999999966e+02,-7.382505308590400261e+01
-1.121400000000000006e+02,-7.381188884676599571e+01
-1.121200000000000045e+02,-7.379872460762800301e+01
-1.120999999999999943e+02,-7.378556036848999611e+01
-1.120799999999999983e+02,-7.377239612935200341e+01
-1.120600000000000023e+02,-7.375923189021399651e+01
-1.120400000000000063e+02,-7.374606765107600381e+01
-1.120199999999999960e+02,-7.373290341193799691e+01
-1.120000000000000000e+02,-7.371973917280000421e+01
-1.119800000000000040e+02,-7.370657493366199731e+01
-1.119599999999999937e+02,-7.369341069452399040e+01
-1.119399999999999977e+02,-7.368024645538599771e+01
-1.119200000000000017e+02,-7.366708221624800501e+01
-1.119000000000000057e+02,-7.365391797710999811e+01
-1.118799999999999955e+02,-7.364075373797199120e+01
-1.118599999999999994e+02,-7.362758949883399850e+01
-1.118400000000000034e+02,-7.361442525969600581e+01
-1.118199999999999932e+02,-7.360126102055799890e+01
-1.117999999999999972e+02,-7.358809678141999200e+01
-1.117800000000000011e+02,-7.357493254228199930e+01
-1.117600000000000051e+02,-7.356176830314400661e+01
-1.117399999999999949e+02,-7.354860406400599970e+01
-1.117199999999999989e+02,-7.353543982486800701e+01
-1.117000000000000028e+02,-7.352227558573000010e+01
-1.116799999999999926e+02,-7.350911134659199320e+01
-1.116599999999999966e+02,-7.349594710745400050e+01
-1.116400000000000006e+02,-7.348278286831600781e+01
-1.116200000000000045e+02,-7.346961862917800090e+01
-1.115999999999999943e+02,-7.345645439003999400e+01
-1.115799999999999983e+02,-7.344329015090200130e+01
-1.115600000000000023e+02,-7.343012591176400861e+01
-1.115400000000000063e+02,-7.341696167262600170e+01
-1.115199999999999960e+02,-7.340379743348799479e+01
-1.115000000000000000e+02,-7.339063319435000210e+01
-1.114800000000000040e+02,-7.337746895521200940e+01
-1.114599999999999937e+02,-7.336430471607400250e+01
-1.114399999999999977e+02,-7.335114047693599559e+01
-1.114200000000000017e+02,-7.333797623779800290e+01
-1.114000000000000057e+02,-7.332481199866001020e+01
-1.113799999999999955e+02,-7.331164775952200330e+01
-1.113599999999999994e+02,-7.329848352038399639e+01
-1.113400000000000034e+02,-7.328531928124600370e+01
-1.113199999999999932e+02,-7.327215504210799679e+01
-1.112999999999999972e+02,-7.325899080297000410e+01
-1.112800000000000011e+02,-7.324582656383199719e+01
-1.112600000000000051e+02,-7.323266232469400450e+01
-1.112399999999999949e+02,-7.321949808555599759e+01
-1.112199999999999989e+02,-7.320633384641800490e+01
-1.112000000000000028e+02,-7.319316960727999799e+01
-1.111799999999999926e+02,-7.318000536814199108e+01
-1.111599999999999966e+02,-7.316684112900399839e+01
-1.111400000000000006e+02,-7.315367688986600569e+01
-1.111200000000000045e+02,-7.314051265072799879e+01
-1.110999999999999943e+02,-7.312734841158999188e+01
-1.110799999999999983e+02,-7.311418417245199919e+01
-1.110600000000000023e+02,-7.310101993331400649e+01
-1.110400000000000063e+02,-7.308785569417599959e+01
-1.110199999999999960e+02,-7.307469145503799268e+01
-1.110000000000000000e+02,-7.306152721589999999e+01
-1.109800000000000040e+02,-7.304836297676200729e+01
-1.109599999999999937e+02,-7.303519873762400039e+01
-1.109399999999999977e+02,-7.302203449848599348e+01
-1.109200000000000017e+02,-7.300887025934800079e+01
-1.109000000000000057e+02,-7.299570602021000809e+01
-1.108799999999999955e+02,-7.298254178107200119e+01
-1.108599999999999994e+02,-7.296937754193399428e+01
-1.108400000000000034e+02,-7.295621330279600159e+01
-1.108199999999999932e+02,-7.294304906365799468e+01
-1.107999999999999972e+02,-7.292988482452000198e+01
-1.107800000000000011e+02,-7.291672058538199508e+01
-1.107600000000000051e+02,-7.290355634624400238e+01
-1.107399999999999949e+02,-7.289039210710599548e+01
-1.107199999999999989e+02,-7.287722786796800278e+01
-1.107000000000000028e+02,-7.286406362882999588e+01
-1.106799999999999926e+02,-7.285089938969198897e+01
-1.106599999999999966e+02,-7.283773515055399628e+01
-1.106400000000000006e+02,-7.282457091141600358e+01
-1.106200000000000045e+02,-7.281140667227799668e+01
-1.105999999999999943e+02,-7.279824243314000398e+01
-1.105799999999999983e+02,-7.278507819400199708e+01
-1.105600000000000023e+02,-7.277191395486400438e+01
-1.105400000000000063e+02,-7.275874971572601169e+01
-1.105199999999999960e+02,-7.274558547658800478e+01
-1.105000000000000000e+02,-7.273242123744999788e+01
-1.104800000000000040e+02,-7.271925699831200518e+01
-1.104599999999999937e+02,-7.270609275917399827e+01
-1.104399999999999977e+02,-7.269292852003600558e+01
-1.104200000000000017e+02,-7.267976428089799867e+01
-1.104000000000000057e+02,-7.266660004176000598e+01
-1.103799999999999955e+02,-7.265343580262199907e+01
-1.103599999999999994e+02,-7.264027156348400638e+01
-1.103400000000000034e+02,-7.262710732434599947e+01
-1.103199999999999932e+02,-7.261394308520799257e+01
-1.102999999999999972e+02,-7.260077884606999987e+01
-1.102800000000000011e+02,-7.258761460693200718e+01
-1.102600000000000051e+02,-7.257445036779400027e+01
-1.102399999999999949e+02,-7.256128612865599337e+01
-1.102199999999999989e+02,-7.254812188951800067e+01
-1.102000000000000028e+02,-7.253495765038000798e+01
-1.101799999999999926e+02,-7.252179341124200107e+01
-1.101599999999999966e+02,-7.250862917210399416e+01
-1.101400000000000006e+02,-7.249546493296600147e+01
-1.101200000000000045e+02,-7.248230069382800878e+01
-1.100999999999999943e+02,-7.246913645469000187e+01
-1.100799999999999983e+02,-7.245597221555199496e+01
-1.100600000000000023e+02,-7.244280797641400227e+01
-1.100400000000000063e+02,-7.242964373727600957e+01
-1.100199999999999960e+02,-7.241647949813800267e+01
-1.100000000000000000e+02,-7.240331525899999576e+01
-1.099800000000000040e+02,-7.239015101986200307e+01
-1.099599999999999937e+02,-7.237698678072399616e+01
-1.099399999999999977e+02,-7.236382254158600347e+01
-1.099200000000000017e+02,-7.235065830244799656e+01
-1.099000000000000057e+02,-7.233749406331000387e+01
-1.098799999999999955e+02,-7.232432982417199696e+01
-1.098599999999999994e+02,-7.231116558503400427e+01
-1.098400000000000034e+02,-7.229800134589599736e+01
-1.098199999999999932e+02,-7.228483710675799045e+01
-1.097999999999999972e+02,-7.227167286761999776e+01
-1.097800000000000011e+02,-7.225850862848200507e+01
-1.097600000000000051e+02,-7.224534438934399816e+01
-1.097399999999999949e+02,-7.223218015020599125e+01
-1.097199999999999989e+02,-7.221901591106799856e+01
-1.097000000000000028e+02,-7.220585167193000586e+01
-1.096799999999999926e+02,-7.219268743279199896e+01
-1.096599999999999966e+02,-7.217952319365399205e+01
-1.096400000000000006e+02,-7.216635895451599936e+01
-1.096200000000000045e+02,-7.215319471537800666e+01
-1.095999999999999943e+02,-7.214003047623999976e+01
-1.095799999999999983e+02,-7.212686623710199285e+01
-1.095600000000000023e+02,-7.211370199796400016e+01
-1.095400000000000063e+02,-7.210053775882600746e+01
-1.095199999999999960e+02,-7.208737351968800056e+01
-1.095000000000000000e+02,-7.207420928054999365e+01
-1.094800000000000040e+02,-7.206104504141200096e+01
-1.094599999999999937e+02,-7.204788080227399405e+01
-1.094399999999999977e+02,-7.203471656313600135e+01
-1.094200000000000017e+02,-7.202155232399800866e+01
-1.094000000000000057e+02,-7.200838808486000175e+01
-1.093799999999999955e+02,-7.199522384572199485e+01
-1.093599999999999994e+02,-7.198205960658400215e+01
-1.093400000000000034e+02,-7.196889536744600946e+01
-1.093199999999999932e+02,-7.195573112830800255e+01
-1.092999999999999972e+02,-7.194256688916999565e+01
-1.092800000000000011e+02,-7.192940265003200295e+01
-1.092600000000000051e+02,-7.191623841089401026e+01
-1.092399999999999949e+02,-7.190307417175600335e+01
-1.092199999999999989e+02,-7.188990993261799645e+01
-1.092000000000000028e+02,-7.187674569348000375e+01
-1.091799999999999926e+02,-7.186358145434199685e+01
-1.091599999999999966e+02,-7.185041721520400415e+01
-1.091400000000000006e+02,-7.183725297606599725e+01
-1.091200000000000045e+02,-7.182408873692800455e+01
-1.090999999999999943e+02,-7.181092449778999764e+01
-1.090799999999999983e+02,-7.179776025865200495e+01
-1.090600000000000023e+02,-7.178459601951399804e+01
-1.090400000000000063e+02,-7.177143178037600535e+01
-1.090199999999999960e+02,-7.175826754123799844e+01
-1.090000000000000000e+02,-7.174510330210000575e+01
-1.089800000000000040e+02,-7.173193906296199884e+01
-1.089599999999999937e+02,-7.171877482382399194e+01
-1.089399999999999977e+02,-7.170561058468599924e+01
-1.089200000000000017e+02,-7.169244634554800655e+01
-1.089000000000000057e+02,-7.167928210640999964e+01
-1.088799999999999955e+02,-7.166611786727199274e+01
-1.088599999999999994e+02,-7.165295362813400004e+01
-1.088400000000000034e+02,-7.163978938899600735e+01
-1.088199999999999932e+02,-7.162662514985800044e+01
-1.087999999999999972e+02,-7.161346091071999354e+01
-1.087800000000000011e+02,-7.160029667158200084e+01
-1.087600000000000051e+02,-7.158713243244400815e+01
-1.087399999999999949e+02,-7.157396819330600124e+01
-1.087199999999999989e+02,-7.156080395416799433e+01
-1.087000000000000028e+02,-7.154763971503000164e+01
-1.086799999999999926e+02,-7.153447547589199473e+01
-1.086599999999999966e+02,-7.152131123675400204e+01
-1.086400000000000006e+02,-7.150814699761599513e+01
-1.086200000000000045e+02,-7.149498275847800244e+01
-1.085999999999999943e+02,-7.148181851933999553e+01
-1.085799999999999983e+02,-7.146865428020200284e+01
-1.085600000000000023e+02,-7.145549004106399593e+01
-1.085400000000000063e+02,-7.144232580192600324e+01
-1.085199999999999960e+02,-7.142916156278799633e+01
-1.085000000000000000e+02,-7.141599732365000364e+01
-1.084800000000000040e+02,-7.140283308451199673e+01
-1.084599999999999937e+02,-7.138966884537398983e+01
-1.084399999999999977e+02,-7.137650460623599713e+01
-1.084200000000000017e+02,-7.136334036709800444e+01
-1.084000000000000057e+02,-7.135017612795999753e+01
-1.083799999999999955e+02,-7.133701188882199062e+01
-1.083599999999999994e+02,-7.132384764968399793e+01
-1.083400000000000034e+02,-7.131068341054600523e+01
-1.083199999999999932e+02,-7.129751917140799833e+01
-1.082999999999999972e+02,-7.128435493227000563e+01
-1.082800000000000011e+02,-7.127119069313199873e+01
-1.082600000000000051e+02,-7.125802645399400603e+01
-1.082399999999999949e+02,-7.124486221485599913e+01
-1.082199999999999989e+02,-7.123169797571800643e+01
-1.082000000000000028e+02,-7.121853373657999953e+01
-1.081799999999999926e+02,-7.120536949744199262e+01
-1.081599999999999966e+02,-7.119220525830399993e+01
-1.081400000000000006e+02,-7.117904101916600723e+01
-1.081200000000000045e+02,-7.116587678002800033e+01
-1.080999999999999943e+02,-7.115271254088999342e+01
-1.080799999999999983e+02,-7.113954830175200073e+01
-1.080600000000000023e+02,-7.112638406261400803e+01
-1.080400000000000063e+02,-7.111321982347600112e+01
-1.080199999999999960e+02,-7.110005558433799422e+01
-1.080000000000000000e+02,-7.108689134520000152e+01
-1.079800000000000040e+02,-7.107372710606200883e+01
-1.079599999999999937e+02,-7.106056286692400192e+01
-1.079399999999999977e+02,-7.104739862778599502e+01
-1.079200000000000017e+02,-7.103423438864800232e+01
-1.079000000000000057e+02,-7.102107014951000963e+01
-1.078799999999999955e+02,-7.100790591037200272e+01
-1.078599999999999994e+02,-7.099474167123399582e+01
-1.078400000000000034e+02,-7.098157743209600312e+01
-1.078199999999999932e+02,-7.096841319295799622e+01
-1.077999999999999972e+02,-7.095524895382000352e+01
-1.077800000000000011e+02,-7.094208471468199662e+01
-1.077600000000000051e+02,-7.092892047554400392e+01
-1.077399999999999949e+02,-7.091575623640599702e+01
-1.077199999999999989e+02,-7.090259199726800432e+01
-1.077000000000000028e+02,-7.088942775812999741e+01
-1.076799999999999926e+02,-7.087626351899199051e+01
-1.076599999999999966e+02,-7.086309927985399781e+01
-1.076400000000000006e+02,-7.084993504071600512e+01
-1.076200000000000045e+02,-7.083677080157799821e+01
-1.075999999999999943e+02,-7.082360656243999131e+01
-1.075799999999999983e+02,-7.081044232330199861e+01
-1.075600000000000023e+02,-7.079727808416400592e+01
-1.075400000000000063e+02,-7.078411384502599901e+01
-1.075199999999999960e+02,-7.077094960588799211e+01
-1.075000000000000000e+02,-7.075778536674999941e+01
-1.074800000000000040e+02,-7.074462112761200672e+01
-1.074599999999999937e+02,-7.073145688847399981e+01
-1.074399999999999977e+02,-7.071829264933599291e+01
-1.074200000000000017e+02,-7.070512841019800021e+01
-1.074000000000000057e+02,-7.069196417106000752e+01
-1.073799999999999955e+02,-7.067879993192200061e+01
-1.073599999999999994e+02,-7.066563569278399370e+01
-1.073400000000000034e+02,-7.065247145364600101e+01
-1.073199999999999932e+02,-7.063930721450799410e+01
-1.072999999999999972e+02,-7.062614297537000141e+01
-1.072800000000000011e+02,-7.061297873623199450e+01
-1.072600000000000051e+02,-7.059981449709400181e+01
-1.072399999999999949e+02,-7.058665025795599490e+01
-1.072199999999999989e+02,-7.057348601881800221e+01
-1.072000000000000028e+02,-7.056032177968000951e+01
-1.071799999999999926e+02,-7.054715754054200261e+01
-1.071599999999999966e+02,-7.053399330140399570e+01
-1.071400000000000006e+02,-7.052082906226600301e+01
-1.071200000000000045e+02,-7.050766482312801031e+01
-1.070999999999999943e+02,-7.049450058399000341e+01
-1.070799999999999983e+02,-7.048133634485199650e+01
-1.070600000000000023e+02,-7.046817210571400381e+01
-1.070400000000000063e+02,-7.045500786657601111e+01
-1.070199999999999960e+02,-7.044184362743800421e+01
-1.070000000000000000e+02,-7.042867938829999730e+01
-1.069800000000000040e+02,-7.041551514916200460e+01
-1.069599999999999937e+02,-7.040235091002399770e+01
-1.069399999999999977e+02,-7.038918667088600500e+01
-1.069200000000000017e+02,-7.037602243174799810e+01
-1.069000000000000057e+02,-7.036285819261000540e+01
-1.068799999999999955e+02,-7.034969395347199850e+01
-1.068599999999999994e+02,-7.033652971433400580e+01
-1.068400000000000034e+02,-7.032336547519599890e+01
-1.068199999999999932e+02,-7.031020123605799199e+01
-1.067999999999999972e+02,-7.029703699691999930e+01
-1.067800000000000011e+02,-7.028387275778200660e+01
-1.067600000000000051e+02,-7.027070851864399970e+01
-1.067399999999999949e+02,-7.025754427950599279e+01
-1.067199999999999989e+02,-7.024438004036800010e+01
-1.067000000000000028e+02,-7.023121580123000740e+01
-1.066799999999999926e+02,-7.021805156209200049e+01
-1.066599999999999966e+02,-7.020488732295399359e+01
-1.066400000000000006e+02,-7.019172308381600089e+01
-1.066200000000000045e+02,-7.017855884467800820e+01
-1.065999999999999943e+02,-7.016539460554000129e+01
-1.065799999999999983e+02,-7.015223036640199439e+01
-1.065600000000000023e+02,-7.013906612726400169e+01
-1.065400000000000063e+02,-7.012590188812600900e+01
-1.065199999999999960e+02,-7.011273764898800209e+01
-1.065000000000000000e+02,-7.009957340984999519e+01
-1.064800000000000040e+02,-7.008640917071200249e+01
-1.064599999999999937e+02,-7.007324493157399559e+01
-1.064399999999999977e+02,-7.006008069243600289e+01
-1.064200000000000017e+02,-7.004691645329799599e+01
-1.064000000000000057e+02,-7.003375221416000329e+01
-1.063799999999999955e+02,-7.002058797502199639e+01
-1.063599999999999994e+02,-7.000742373588400369e+01
-1.063400000000000034e+02,-6.999425949674599678e+01
-1.063199999999999932e+02,-6.998109525760798988e+01
-1.062999999999999972e+02,-6.996793101846999718e+01
-1.062800000000000011e+02,-6.995476677933200449e+01
-1.062600000000000051e+02,-6.994160254019399758e+01
-1.062399999999999949e+02,-6.992843830105599068e+01
-1.062199999999999989e+02,-6.991527406191799798e+01
-1.062000000000000028e+02,-6.990210982278000529e+01
-1.061799999999999926e+02,-6.988894558364199838e+01
-1.061599999999999966e+02,-6.987578134450399148e+01
-1.061400000000000006e+02,-6.986261710536599878e+01
-1.061200000000000045e+02,-6.984945286622800609e+01
-1.060999999999999943e+02,-6.983628862708999918e+01
-1.060799999999999983e+02,-6.982312438795200649e+01
-1.060600000000000023e+02,-6.980996014881399958e+01
-1.060400000000000063e+02,-6.979679590967600689e+01
-1.060199999999999960e+02,-6.978363167053799998e+01
-1.060000000000000000e+02,-6.977046743140000729e+01
-1.059800000000000040e+02,-6.975730319226200038e+01
-1.059599999999999937e+02,-6.974413895312399347e+01
-1.059399999999999977e+02,-6.973097471398600078e+01
-1.059200000000000017e+02,-6.971781047484800808e+01
-1.059000000000000057e+02,-6.970464623571000118e+01
-1.058799999999999955e+02,-6.969148199657199427e+01
-1.058599999999999994e+02,-6.967831775743400158e+01
-1.058400000000000034e+02,-6.966515351829600888e+01
-1.058199999999999932e+02,-6.965198927915800198e+01
-1.057999999999999972e+02,-6.963882504001999507e+01
-1.057800000000000011e+02,-6.962566080088200238e+01
-1.057600000000000051e+02,-6.961249656174400968e+01
-1.057399999999999949e+02,-6.959933232260600278e+01
-1.057199999999999989e+02,-6.958616808346799587e+01
-1.057000000000000028e+02,-6.957300384433000318e+01
-1.056799999999999926e+02,-6.955983960519199627e+01
-1.056599999999999966e+02,-6.954667536605400358e+01
-1.056400000000000006e+02,-6.953351112691599667e+01
-1.056200000000000045e+02,-6.952034688777800397e+01
-1.055999999999999943e+02,-6.950718264863999707e+01
-1.055799999999999983e+02,-6.949401840950200437e+01
-1.055600000000000023e+02,-6.948085417036399747e+01
-1.055400000000000063e+02,-6.946768993122600477e+01
-1.055199999999999960e+02,-6.945452569208799787e+01
-1.055000000000000000e+02,-6.944136145295000517e+01
-1.054800000000000040e+02,-6.942819721381199827e+01
-1.054599999999999937e+02,-6.941503297467399136e+01
-1.054399999999999977e+02,-6.940186873553599867e+01
-1.054200000000000017e+02,-6.938870449639800597e+01
-1.054000000000000057e+02,-6.937554025725999907e+01
-1.053799999999999955e+02,-6.936237601812199216e+01
-1.053599999999999994e+02,-6.934921177898399947e+01
-1.053400000000000034e+02,-6.933604753984600677e+01
-1.053199999999999932e+02,-6.932288330070799987e+01
-1.052999999999999972e+02,-6.930971906156999296e+01
-1.052800000000000011e+02,-6.929655482243200026e+01
-1.052600000000000051e+02,-6.928339058329400757e+01
-1.052399999999999949e+02,-6.927022634415600066e+01
-1.052199999999999989e+02,-6.925706210501799376e+01
-1.052000000000000028e+02,-6.924389786588000106e+01
-1.051799999999999926e+02,-6.923073362674199416e+01
-1.051599999999999966e+02,-6.921756938760400146e+01
-1.051400000000000006e+02,-6.920440514846599456e+01
-1.051200000000000045e+02,-6.919124090932800186e+01
-1.050999999999999943e+02,-6.917807667018999496e+01
-1.050799999999999983e+02,-6.916491243105200226e+01
-1.050600000000000023e+02,-6.915174819191399536e+01
-1.050400000000000063e+02,-6.913858395277600266e+01
-1.050199999999999960e+02,-6.912541971363799576e+01
-1.050000000000000000e+02,-6.911225547450000306e+01
-1.049800000000000040e+02,-6.909909123536199616e+01
-1.049599999999999937e+02,-6.908592699622400346e+01
-1.049399999999999977e+02,-6.907276275708599655e+01
-1.049200000000000017e+02,-6.905959851794800386e+01
-1.049000000000000057e+02,-6.904643427881001116e+01
-1.048799999999999955e+02,-6.903327003967200426e+01
-1.048599999999999994e+02,-6.902010580053399735e+01
-1.048400000000000034e+02,-6.900694156139600466e+01
-1.048199999999999932e+02,-6.899377732225799775e+01
-1.047999999999999972e+02,-6.898061308312000506e+01
-1.047800000000000011e+02,-6.896744884398199815e+01
-1.047600000000000051e+02,-6.895428460484400546e+01
-1.047399999999999949e+02,-6.894112036570599855e+01
-1.047199999999999989e+02,-6.892795612656800586e+01
-1.047000000000000028e+02,-6.891479188742999895e+01
-1.046799999999999926e+02,-6.890162764829199205e+01
-1.046599999999999966e+02,-6.888846340915399935e+01
-1.046400000000000006e+02,-6.887529917001600666e+01
-1.046200000000000045e+02,-6.886213493087799975e+01
-1.045999999999999943e+02,-6.884897069173999284e+01
-1.045799999999999983e+02,-6.883580645260200015e+01
-1.045600000000000023e+02,-6.882264221346400745e+01
-1.045400000000000063e+02,-6.880947797432600055e+01
-1.045199999999999960e+02,-6.879631373518799364e+01
-1.045000000000000000e+02,-6.878314949605000095e+01
-1.044800000000000040e+02,-6.876998525691200825e+01
-1.044599999999999937e+02,-6.875682101777400135e+01
-1.044399999999999977e+02,-6.874365677863599444e+01
-1.044200000000000017e+02,-6.873049253949800175e+01
-1.044000000000000057e+02,-6.871732830036000905e+01
-1.043799999999999955e+02,-6.870416406122200215e+01
-1.043599999999999994e+02,-6.869099982208399524e+01
-1.043400000000000034e+02,-6.867783558294600255e+01
-1.043199999999999932e+02,-6.866467134380799564e+01
-1.042999999999999972e+02,-6.865150710467000295e+01
-1.042800000000000011e+02,-6.863834286553199604e+01
-1.042600000000000051e+02,-6.862517862639400335e+01
-1.042399999999999949e+02,-6.861201438725599644e+01
-1.042199999999999989e+02,-6.859885014811800374e+01
-1.042000000000000028e+02,-6.858568590897999684e+01
-1.041799999999999926e+02,-6.857252166984198993e+01
-1.041599999999999966e+02,-6.855935743070399724e+01
-1.041400000000000006e+02,-6.854619319156600454e+01
-1.041200000000000045e+02,-6.853302895242799764e+01
-1.040999999999999943e+02,-6.851986471328999073e+01
-1.040799999999999983e+02,-6.850670047415199804e+01
-1.040600000000000023e+02,-6.849353623501400534e+01
-1.040400000000000063e+02,-6.848037199587599844e+01
-1.040199999999999960e+02,-6.846720775673799153e+01
-1.040000000000000000e+02,-6.845404351759999884e+01
-1.039800000000000040e+02,-6.844087927846200614e+01
-1.039599999999999937e+02,-6.842771503932399924e+01
-1.039399999999999977e+02,-6.841455080018599233e+01
-1.039200000000000017e+02,-6.840138656104799963e+01
-1.039000000000000057e+02,-6.838822232191000694e+01
-1.038799999999999955e+02,-6.837505808277200003e+01
-1.038599999999999994e+02,-6.836189384363400734e+01
-1.038400000000000034e+02,-6.834872960449600043e+01
-1.038199999999999932e+02,-6.833556536535799353e+01
-1.037999999999999972e+02,-6.832240112622000083e+01
-1.037800000000000011e+02,-6.830923688708200814e+01
-1.037600000000000051e+02,-6.829607264794400123e+01
-1.037399999999999949e+02,-6.828290840880599433e+01
-1.037199999999999989e+02,-6.826974416966800163e+01
-1.037000000000000028e+02,-6.825657993053000894e+01
-1.036799999999999926e+02,-6.824341569139200203e+01
-1.036599999999999966e+02,-6.823025145225399513e+01
-1.036400000000000006e+02,-6.821708721311600243e+01
-1.036200000000000045e+02,-6.820392297397800974e+01
-1.035999999999999943e+02,-6.819075873484000283e+01
-1.035799999999999983e+02,-6.817759449570199592e+01
-1.035600000000000023e+02,-6.816443025656400323e+01
-1.035400000000000063e+02,-6.815126601742601054e+01
-1.035199999999999960e+02,-6.813810177828800363e+01
-1.035000000000000000e+02,-6.812493753914999672e+01
-1.034800000000000040e+02,-6.811177330001200403e+01
-1.034599999999999937e+02,-6.809860906087399712e+01
-1.034399999999999977e+02,-6.808544482173600443e+01
-1.034200000000000017e+02,-6.807228058259799752e+01
-1.034000000000000057e+02,-6.805911634346000483e+01
-1.033799999999999955e+02,-6.804595210432199792e+01
-1.033599999999999994e+02,-6.803278786518400523e+01
-1.033400000000000034e+02,-6.801962362604599832e+01
-1.033199999999999932e+02,-6.800645938690799142e+01
-1.032999999999999972e+02,-6.799329514776999872e+01
-1.032800000000000011e+02,-6.798013090863200603e+01
-1.032600000000000051e+02,-6.796696666949399912e+01
-1.032399999999999949e+02,-6.795380243035599221e+01
-1.032199999999999989e+02,-6.794063819121799952e+01
-1.032000000000000028e+02,-6.792747395208000682e+01
-1.031799999999999926e+02,-6.791430971294199992e+01
-1.031599999999999966e+02,-6.790114547380399301e+01
-1.031400000000000006e+02,-6.788798123466600032e+01
-1.031200000000000045e+02,-6.787481699552800762e+01
-1.030999999999999943e+02,-6.786165275639000072e+01
-1.030799999999999983e+02,-6.784848851725199381e+01
-1.030600000000000023e+02,-6.783532427811400112e+01
-1.030400000000000063e+02,-6.782216003897600842e+01
-1.030199999999999960e+02,-6.780899579983800152e+01
-1.030000000000000000e+02,-6.779583156069999461e+01
-1.029800000000000040e+02,-6.778266732156200192e+01
-1.029599999999999937e+02,-6.776950308242399501e+01
-1.029399999999999977e+02,-6.775633884328600232e+01
-1.029200000000000017e+02,-6.774317460414799541e+01
-1.029000000000000057e+02,-6.773001036501000272e+01
-1.028799999999999955e+02,-6.771684612587199581e+01
-1.028599999999999994e+02,-6.770368188673400311e+01
-1.028400000000000034e+02,-6.769051764759599621e+01
-1.028199999999999932e+02,-6.767735340845798930e+01
-1.027999999999999972e+02,-6.766418916931999661e+01
-1.027800000000000011e+02,-6.765102493018200391e+01
-1.027600000000000051e+02,-6.763786069104399701e+01
-1.027399999999999949e+02,-6.762469645190600431e+01
-1.027199999999999989e+02,-6.761153221276799741e+01
-1.027000000000000028e+02,-6.759836797363000471e+01
-1.026799999999999926e+02,-6.758520373449199781e+01
-1.026599999999999966e+02,-6.757203949535400511e+01
-1.026400000000000006e+02,-6.755887525621599821e+01
-1.026200000000000045e+02,-6.754571101707800551e+01
-1.025999999999999943e+02,-6.753254677793999861e+01
-1.025799999999999983e+02,-6.751938253880200591e+01
-1.025600000000000023e+02,-6.750621829966399901e+01
-1.025400000000000063e+02,-6.749305406052600631e+01
-1.025199999999999960e+02,-6.747988982138799940e+01
-1.025000000000000000e+02,-6.746672558225000671e+01
-1.024800000000000040e+02,-6.745356134311199980e+01
-1.024599999999999937e+02,-6.744039710397399290e+01
-1.024399999999999977e+02,-6.742723286483600020e+01
-1.024200000000000017e+02,-6.741406862569800751e+01
-1.024000000000000057e+02,-6.740090438656000060e+01
-1.023799999999999955e+02,-6.738774014742199370e+01
-1.023599999999999994e+02,-6.737457590828400100e+01
-1.023400000000000034e+02,-6.736141166914600831e+01
-1.023199999999999932e+02,-6.734824743000800140e+01
-1.022999999999999972e+02,-6.733508319086999450e+01
-1.022800000000000011e+02,-6.732191895173200180e+01
-1.022600000000000051e+02,-6.730875471259400911e+01
-1.022399999999999949e+02,-6.729559047345600220e+01
-1.022199999999999989e+02,-6.728242623431799529e+01
-1.022000000000000028e+02,-6.726926199518000260e+01
-1.021799999999999926e+02,-6.725609775604199569e+01
-1.021599999999999966e+02,-6.724293351690400300e+01
-1.021400000000000006e+02,-6.722976927776599609e+01
-1.021200000000000045e+02,-6.721660503862800340e+01
-1.020999999999999943e+02,-6.720344079948999649e+01
-1.020799999999999983e+02,-6.719027656035200380e+01
-1.020600000000000023e+02,-6.717711232121399689e+01
-1.020400000000000063e+02,-6.716394808207600420e+01
-1.020199999999999960e+02,-6.715078384293799729e+01
-1.020000000000000000e+02,-6.713761960380000460e+01
-1.019800000000000040e+02,-6.712445536466199769e+01
-1.019599999999999937e+02,-6.711129112552399079e+01
-1.019399999999999977e+02,-6.709812688638599809e+01
-1.019200000000000017e+02,-6.708496264724800540e+01
-1.019000000000000057e+02,-6.707179840810999849e+01
-1.018799999999999955e+02,-6.705863416897199158e+01
-1.018599999999999994e+02,-6.704546992983399889e+01
-1.018400000000000034e+02,-6.703230569069600620e+01
-1.018199999999999932e+02,-6.701914145155799929e+01
-1.017999999999999972e+02,-6.700597721241999238e+01
-1.017800000000000011e+02,-6.699281297328199969e+01
-1.017600000000000051e+02,-6.697964873414400699e+01
-1.017399999999999949e+02,-6.696648449500600009e+01
-1.017199999999999989e+02,-6.695332025586799318e+01
-1.017000000000000028e+02,-6.694015601673000049e+01
-1.016799999999999926e+02,-6.692699177759199358e+01
-1.016599999999999966e+02,-6.691382753845400089e+01
-1.016400000000000006e+02,-6.690066329931599398e+01
-1.016200000000000045e+02,-6.688749906017800129e+01
-1.015999999999999943e+02,-6.687433482103999438e+01
-1.015799999999999983e+02,-6.686117058190200169e+01
-1.015600000000000023e+02,-6.684800634276400899e+01
-1.015400000000000063e+02,-6.683484210362600209e+01
-1.015199999999999960e+02,-6.682167786448799518e+01
-1.015000000000000000e+02,-6.680851362535000248e+01
-1.014800000000000040e+02,-6.679534938621200979e+01
-1.014599999999999937e+02,-6.678218514707400288e+01
-1.014399999999999977e+02,-6.676902090793599598e+01
-1.014200000000000017e+02,-6.675585666879800328e+01
-1.014000000000000057e+02,-6.674269242966001059e+01
-1.013799999999999955e+02,-6.672952819052200368e+01
-1.013599999999999994e+02,-6.671636395138399678e+01
-1.013400000000000034e+02,-6.670319971224600408e+01
-1.013199999999999932e+02,-6.669003547310799718e+01
-1.012999999999999972e+02,-6.667687123397000448e+01
-1.012800000000000011e+02,-6.666370699483199758e+01
-1.012600000000000051e+02,-6.665054275569400488e+01
-1.012399999999999949e+02,-6.663737851655599798e+01
-1.012199999999999989e+02,-6.662421427741800528e+01
-1.012000000000000028e+02,-6.661105003827999838e+01
-1.011799999999999926e+02,-6.659788579914199147e+01
-1.011599999999999966e+02,-6.658472156000399877e+01
-1.011400000000000006e+02,-6.657155732086600608e+01
-1.011200000000000045e+02,-6.655839308172799917e+01
-1.010999999999999943e+02,-6.654522884258999227e+01
-1.010799999999999983e+02,-6.653206460345199957e+01
-1.010600000000000023e+02,-6.651890036431400688e+01
-1.010400000000000063e+02,-6.650573612517599997e+01
-1.010199999999999960e+02,-6.649257188603799307e+01
-1.010000000000000000e+02,-6.647940764690000037e+01
-1.009800000000000040e+02,-6.646624340776200768e+01
-1.009599999999999937e+02,-6.645307916862400077e+01
-1.009399999999999977e+02,-6.643991492948599387e+01
-1.009200000000000017e+02,-6.642675069034800117e+01
-1.009000000000000057e+02,-6.641358645121000848e+01
-1.008799999999999955e+02,-6.640042221207200157e+01
-1.008599999999999994e+02,-6.638725797293399467e+01
-1.008400000000000034e+02,-6.637409373379600197e+01
-1.008199999999999932e+02,-6.636092949465799506e+01
-1.007999999999999972e+02,-6.634776525552000237e+01
-1.007800000000000011e+02,-6.633460101638199546e+01
-1.007600000000000051e+02,-6.632143677724400277e+01
-1.007399999999999949e+02,-6.630827253810599586e+01
-1.007199999999999989e+02,-6.629510829896800317e+01
-1.007000000000000028e+02,-6.628194405982999626e+01
-1.006799999999999926e+02,-6.626877982069198936e+01
-1.006599999999999966e+02,-6.625561558155399666e+01
-1.006400000000000006e+02,-6.624245134241600397e+01
-1.006200000000000045e+02,-6.622928710327799706e+01
-1.005999999999999943e+02,-6.621612286413999016e+01
-1.005799999999999983e+02,-6.620295862500199746e+01
-1.005600000000000023e+02,-6.618979438586400477e+01
-1.005400000000000063e+02,-6.617663014672599786e+01
-1.005199999999999960e+02,-6.616346590758799096e+01
-1.005000000000000000e+02,-6.615030166844999826e+01
-1.004800000000000040e+02,-6.613713742931200557e+01
-1.004599999999999937e+02,-6.612397319017399866e+01
-1.004399999999999977e+02,-6.611080895103600596e+01
-1.004200000000000017e+02,-6.609764471189799906e+01
-1.004000000000000057e+02,-6.608448047276000636e+01
-1.003799999999999955e+02,-6.607131623362199946e+01
-1.003599999999999994e+02,-6.605815199448400676e+01
-1.003400000000000034e+02,-6.604498775534599986e+01
-1.003199999999999932e+02,-6.603182351620799295e+01
-1.002999999999999972e+02,-6.601865927707000026e+01
-1.002800000000000011e+02,-6.600549503793200756e+01
-1.002600000000000051e+02,-6.599233079879400066e+01
-1.002399999999999949e+02,-6.597916655965599375e+01
-1.002199999999999989e+02,-6.596600232051800106e+01
-1.002000000000000028e+02,-6.595283808138000836e+01
-1.001799999999999926e+02,-6.593967384224200146e+01
-1.001599999999999966e+02,-6.592650960310399455e+01
-1.001400000000000006e+02,-6.591334536396600186e+01
-1.001200000000000045e+02,-6.590018112482800916e+01
-1.000999999999999943e+02,-6.588701688569000225e+01
-1.000799999999999983e+02,-6.587385264655199535e+01
-1.000600000000000023e+02,-6.586068840741400265e+01
-1.000400000000000063e+02,-6.584752416827600996e+01
-1.000199999999999960e+02,-6.583435992913800305e+01
-1.000000000000000000e+02,-6.582119568999999615e+01
-9.998000000000000398e+01,-6.580803145086200345e+01
-9.995999999999999375e+01,-6.579486721172399655e+01
-9.993999999999999773e+01,-6.578170297258600385e+01
-9.992000000000000171e+01,-6.576853873344799695e+01
-9.990000000000000568e+01,-6.575537449431000425e+01
-9.987999999999999545e+01,-6.574221025517199735e+01
-9.985999999999999943e+01,-6.572904601603400465e+01
-9.984000000000000341e+01,-6.571588177689599775e+01
-9.981999999999999318e+01,-6.570271753775799084e+01
-9.979999999999999716e+01,-6.568955329861999815e+01
-9.978000000000000114e+01,-6.567638905948200545e+01
-9.976000000000000512e+01,-6.566322482034399854e+01
-9.973999999999999488e+01,-6.565006058120599164e+01
-9.971999999999999886e+01,-6.563689634206799894e+01
-9.970000000000000284e+01,-6.562373210293000625e+01
-9.967999999999999261e+01,-6.561056786379199934e+01
-9.965999999999999659e+01,-6.559740362465399244e+01
-9.964000000000000057e+01,-6.558423938551599974e+01
-9.962000000000000455e+01,-6.557107514637800705e+01
-9.959999999999999432e+01,-6.555791090724000014e+01
-9.957999999999999829e+01,-6.554474666810199324e+01
-9.956000000000000227e+01,-6.553158242896400054e+01
-9.954000000000000625e+01,-6.551841818982600785e+01
-9.951999999999999602e+01,-6.550525395068800094e+01
-9.950000000000000000e+01,-6.549208971154999404e+01
-9.948000000000000398e+01,-6.547892547241200134e+01
-9.945999999999999375e+01,-6.546576123327399443e+01
-9.943999999999999773e+01,-6.545259699413600174e+01
-9.942000000000000171e+01,-6.543943275499799483e+01
-9.940000000000000568e+01,-6.542626851586000214e+01
-9.937999999999999545e+01,-6.541310427672199523e+01
-9.935999999999999943e+01,-6.539994003758400254e+01
-9.934000000000000341e+01,-6.538677579844600984e+01
-9.931999999999999318e+01,-6.537361155930800294e+01
-9.929999999999999716e+01,-6.536044732016999603e+01
-9.928000000000000114e+01,-6.534728308103200334e+01
-9.926000000000000512e+01,-6.533411884189401064e+01
-9.923999999999999488e+01,-6.532095460275600374e+01
-9.921999999999999886e+01,-6.530779036361799683e+01
-9.920000000000000284e+01,-6.529462612448000414e+01
-9.917999999999999261e+01,-6.528146188534199723e+01
-9.915999999999999659e+01,-6.526829764620400454e+01
-9.914000000000000057e+01,-6.525513340706599763e+01
-9.912000000000000455e+01,-6.524196916792800494e+01
-9.909999999999999432e+01,-6.522880492878999803e+01
-9.907999999999999829e+01,-6.521564068965200534e+01
-9.906000000000000227e+01,-6.520247645051399843e+01
-9.904000000000000625e+01,-6.518931221137600573e+01
-9.901999999999999602e+01,-6.517614797223799883e+01
-9.900000000000000000e+01,-6.516298373310000613e+01
-9.898000000000000398e+01,-6.514981949396199923e+01
-9.895999999999999375e+01,-6.513665525482399232e+01
-9.893999999999999773e+01,-6.512349101568599963e+01
-9.892000000000000171e+01,-6.511032677654800693e+01
-9.890000000000000568e+01,-6.509716253741000003e+01
-9.887999999999999545e+01,-6.508399829827199312e+01
-9.885999999999999943e+01,-6.507083405913400043e+01
-9.884000000000000341e+01,-6.505766981999600773e+01
-9.881999999999999318e+01,-6.504450558085800083e+01
-9.879999999999999716e+01,-6.503134134171999392e+01
-9.878000000000000114e+01,-6.501817710258200123e+01
-9.876000000000000512e+01,-6.500501286344400853e+01
-9.873999999999999488e+01,-6.499184862430600162e+01
-9.871999999999999886e+01,-6.497868438516799472e+01
-9.870000000000000284e+01,-6.496552014603000202e+01
-9.867999999999999261e+01,-6.495235590689199512e+01
-9.865999999999999659e+01,-6.493919166775400242e+01
-9.864000000000000057e+01,-6.492602742861599552e+01
-9.862000000000000455e+01,-6.491286318947800282e+01
-9.859999999999999432e+01,-6.489969895033999592e+01
-9.857999999999999829e+01,-6.488653471120200322e+01
-9.856000000000000227e+01,-6.487337047206399632e+01
-9.854000000000000625e+01,-6.486020623292600362e+01
-9.851999999999999602e+01,-6.484704199378799672e+01
-9.850000000000000000e+01,-6.483387775465000402e+01
-9.848000000000000398e+01,-6.482071351551199712e+01
-9.845999999999999375e+01,-6.480754927637399021e+01
-9.843999999999999773e+01,-6.479438503723599752e+01
-9.842000000000000171e+01,-6.478122079809800482e+01
-9.840000000000000568e+01,-6.476805655895999791e+01
-9.837999999999999545e+01,-6.475489231982199101e+01
-9.835999999999999943e+01,-6.474172808068399831e+01
-9.834000000000000341e+01,-6.472856384154600562e+01
-9.831999999999999318e+01,-6.471539960240799871e+01
-9.829999999999999716e+01,-6.470223536326999181e+01
-9.828000000000000114e+01,-6.468907112413199911e+01
-9.826000000000000512e+01,-6.467590688499400642e+01
-9.823999999999999488e+01,-6.466274264585599951e+01
-9.821999999999999886e+01,-6.464957840671800682e+01
-9.820000000000000284e+01,-6.463641416757999991e+01
-9.817999999999999261e+01,-6.462324992844199301e+01
-9.815999999999999659e+01,-6.461008568930400031e+01
-9.814000000000000057e+01,-6.459692145016600762e+01
-9.812000000000000455e+01,-6.458375721102800071e+01
-9.809999999999999432e+01,-6.457059297188999381e+01
-9.807999999999999829e+01,-6.455742873275200111e+01
-9.806000000000000227e+01,-6.454426449361400842e+01
-9.804000000000000625e+01,-6.453110025447600151e+01
-9.801999999999999602e+01,-6.451793601533799460e+01
-9.800000000000000000e+01,-6.450477177620000191e+01
-9.798000000000000398e+01,-6.449160753706200921e+01
-9.795999999999999375e+01,-6.447844329792400231e+01
-9.793999999999999773e+01,-6.446527905878599540e+01
-9.792000000000000171e+01,-6.445211481964800271e+01
-9.790000000000000568e+01,-6.443895058051001001e+01
-9.787999999999999545e+01,-6.442578634137200311e+01
-9.785999999999999943e+01,-6.441262210223399620e+01
-9.784000000000000341e+01,-6.439945786309600351e+01
-9.781999999999999318e+01,-6.438629362395799660e+01
-9.779999999999999716e+01,-6.437312938482000391e+01
-9.778000000000000114e+01,-6.435996514568199700e+01
-9.776000000000000512e+01,-6.434680090654400431e+01
-9.773999999999999488e+01,-6.433363666740599740e+01
-9.771999999999999886e+01,-6.432047242826800471e+01
-9.770000000000000284e+01,-6.430730818912999780e+01
-9.767999999999999261e+01,-6.429414394999199089e+01
-9.765999999999999659e+01,-6.428097971085399820e+01
-9.764000000000000057e+01,-6.426781547171600550e+01
-9.762000000000000455e+01,-6.425465123257799860e+01
-9.759999999999999432e+01,-6.424148699343999169e+01
-9.757999999999999829e+01,-6.422832275430199900e+01
-9.756000000000000227e+01,-6.421515851516400630e+01
-9.754000000000000625e+01,-6.420199427602599940e+01
-9.751999999999999602e+01,-6.418883003688799249e+01
-9.750000000000000000e+01,-6.417566579774999980e+01
-9.748000000000000398e+01,-6.416250155861200710e+01
-9.745999999999999375e+01,-6.414933731947400020e+01
-9.743999999999999773e+01,-6.413617308033599329e+01
-9.742000000000000171e+01,-6.412300884119800060e+01
-9.740000000000000568e+01,-6.410984460206000790e+01
-9.737999999999999545e+01,-6.409668036292200100e+01
-9.735999999999999943e+01,-6.408351612378399409e+01
-9.734000000000000341e+01,-6.407035188464600139e+01
-9.731999999999999318e+01,-6.405718764550799449e+01
-9.729999999999999716e+01,-6.404402340637000179e+01
-9.728000000000000114e+01,-6.403085916723199489e+01
-9.726000000000000512e+01,-6.401769492809400219e+01
-9.723999999999999488e+01,-6.400453068895599529e+01
-9.721999999999999886e+01,-6.399136644981800259e+01
-9.720000000000000284e+01,-6.397820221068000279e+01
-9.717999999999999261e+01,-6.396503797154199589e+01
-9.715999999999999659e+01,-6.395187373240399609e+01
-9.714000000000000057e+01,-6.393870949326600339e+01
-9.712000000000000455e+01,-6.392554525412800359e+01
-9.709999999999999432e+01,-6.391238101498999669e+01
-9.707999999999999829e+01,-6.389921677585199689e+01
-9.706000000000000227e+01,-6.388605253671400419e+01
-9.704000000000000625e+01,-6.387288829757600439e+01
-9.701999999999999602e+01,-6.385972405843799748e+01
-9.700000000000000000e+01,-6.384655981929999768e+01
-9.698000000000000398e+01,-6.383339558016200499e+01
-9.695999999999999375e+01,-6.382023134102399808e+01
-9.693999999999999773e+01,-6.380706710188599828e+01
-9.692000000000000171e+01,-6.379390286274799848e+01
-9.690000000000000568e+01,-6.378073862361000579e+01
-9.687999999999999545e+01,-6.376757438447199888e+01
-9.685999999999999943e+01,-6.375441014533399908e+01
-9.684000000000000341e+01,-6.374124590619599928e+01
-9.681999999999999318e+01,-6.372808166705799948e+01
-9.679999999999999716e+01,-6.371491742791999968e+01
-9.678000000000000114e+01,-6.370175318878199988e+01
-9.676000000000000512e+01,-6.368858894964400719e+01
-9.673999999999999488e+01,-6.367542471050600028e+01
-9.671999999999999886e+01,-6.366226047136800048e+01
-9.670000000000000284e+01,-6.364909623223000068e+01
-9.667999999999999261e+01,-6.363593199309199377e+01
-9.665999999999999659e+01,-6.362276775395400108e+01
-9.664000000000000057e+01,-6.360960351481600128e+01
-9.662000000000000455e+01,-6.359643927567800148e+01
-9.659999999999999432e+01,-6.358327503653999457e+01
-9.657999999999999829e+01,-6.357011079740200188e+01
-9.656000000000000227e+01,-6.355694655826400208e+01
-9.654000000000000625e+01,-6.354378231912600228e+01
-9.651999999999999602e+01,-6.353061807998799537e+01
-9.650000000000000000e+01,-6.351745384085000268e+01
-9.648000000000000398e+01,-6.350428960171200288e+01
-9.645999999999999375e+01,-6.349112536257399597e+01
-9.643999999999999773e+01,-6.347796112343599617e+01
-9.642000000000000171e+01,-6.346479688429800348e+01
-9.640000000000000568e+01,-6.345163264516000368e+01
-9.637999999999999545e+01,-6.343846840602199677e+01
-9.635999999999999943e+01,-6.342530416688399697e+01
-9.634000000000000341e+01,-6.341213992774600428e+01
-9.631999999999999318e+01,-6.339897568860799737e+01
-9.629999999999999716e+01,-6.338581144946999757e+01
-9.628000000000000114e+01,-6.337264721033199777e+01
-9.626000000000000512e+01,-6.335948297119400507e+01
-9.623999999999999488e+01,-6.334631873205599817e+01
-9.621999999999999886e+01,-6.333315449291799837e+01
-9.620000000000000284e+01,-6.331999025378000567e+01
-9.617999999999999261e+01,-6.330682601464199877e+01
-9.615999999999999659e+01,-6.329366177550399897e+01
-9.614000000000000057e+01,-6.328049753636599917e+01
-9.612000000000000455e+01,-6.326733329722800647e+01
-9.609999999999999432e+01,-6.325416905808999957e+01
-9.607999999999999829e+01,-6.324100481895199977e+01
-9.606000000000000227e+01,-6.322784057981399997e+01
-9.604000000000000625e+01,-6.321467634067600727e+01
-9.601999999999999602e+01,-6.320151210153800037e+01
-9.600000000000000000e+01,-6.318834786240000057e+01
-9.598000000000000398e+01,-6.317518362326200076e+01
-9.595999999999999375e+01,-6.316201938412399386e+01
-9.593999999999999773e+01,-6.314885514498600116e+01
-9.592000000000000171e+01,-6.313569090584800136e+01
-9.590000000000000568e+01,-6.312252666671000156e+01
-9.587999999999999545e+01,-6.310936242757199466e+01
-9.585999999999999943e+01,-6.309619818843400196e+01
-9.584000000000000341e+01,-6.308303394929600216e+01
-9.581999999999999318e+01,-6.306986971015799526e+01
-9.579999999999999716e+01,-6.305670547101999546e+01
-9.578000000000000114e+01,-6.304354123188200276e+01
-9.576000000000000512e+01,-6.303037699274400296e+01
-9.573999999999999488e+01,-6.301721275360599606e+01
-9.571999999999999886e+01,-6.300404851446800336e+01
-9.570000000000000284e+01,-6.299088427533000356e+01
-9.567999999999999261e+01,-6.297772003619199666e+01
-9.565999999999999659e+01,-6.296455579705399686e+01
-9.564000000000000057e+01,-6.295139155791600416e+01
-9.562000000000000455e+01,-6.293822731877800436e+01
-9.559999999999999432e+01,-6.292506307963999745e+01
-9.557999999999999829e+01,-6.291189884050199765e+01
-9.556000000000000227e+01,-6.289873460136400496e+01
-9.554000000000000625e+01,-6.288557036222600516e+01
-9.551999999999999602e+01,-6.287240612308799825e+01
-9.550000000000000000e+01,-6.285924188394999845e+01
-9.548000000000000398e+01,-6.284607764481200576e+01
-9.545999999999999375e+01,-6.283291340567399885e+01
-9.543999999999999773e+01,-6.281974916653599905e+01
-9.542000000000000171e+01,-6.280658492739799925e+01
-9.540000000000000568e+01,-6.279342068826000656e+01
-9.537999999999999545e+01,-6.278025644912199965e+01
-9.535999999999999943e+01,-6.276709220998399985e+01
-9.534000000000000341e+01,-6.275392797084600005e+01
-9.531999999999999318e+01,-6.274076373170799314e+01
-9.529999999999999716e+01,-6.272759949257000045e+01
-9.528000000000000114e+01,-6.271443525343200065e+01
-9.526000000000000512e+01,-6.270127101429400085e+01
-9.523999999999999488e+01,-6.268810677515599394e+01
-9.521999999999999886e+01,-6.267494253601800125e+01
-9.520000000000000284e+01,-6.266177829688000145e+01
-9.517999999999999261e+01,-6.264861405774199454e+01
-9.515999999999999659e+01,-6.263544981860400185e+01
-9.514000000000000057e+01,-6.262228557946600205e+01
-9.512000000000000455e+01,-6.260912134032800225e+01
-9.509999999999999432e+01,-6.259595710118999534e+01
-9.507999999999999829e+01,-6.258279286205200265e+01
-9.506000000000000227e+01,-6.256962862291400285e+01
-9.504000000000000625e+01,-6.255646438377600305e+01
-9.501999999999999602e+01,-6.254330014463799614e+01
-9.500000000000000000e+01,-6.253013590550000345e+01
-9.498000000000000398e+01,-6.251697166636200365e+01
-9.495999999999999375e+01,-6.250380742722399674e+01
-9.493999999999999773e+01,-6.249064318808599694e+01
-9.492000000000000171e+01,-6.247747894894800424e+01
-9.490000000000000568e+01,-6.246431470981000444e+01
-9.487999999999999545e+01,-6.245115047067199754e+01
-9.485999999999999943e+01,-6.243798623153399774e+01
-9.484000000000000341e+01,-6.242482199239600504e+01
-9.481999999999999318e+01,-6.241165775325799814e+01
-9.479999999999999716e+01,-6.239849351411999834e+01
-9.478000000000000114e+01,-6.238532927498199854e+01
-9.476000000000000512e+01,-6.237216503584400584e+01
-9.473999999999999488e+01,-6.235900079670599894e+01
-9.471999999999999886e+01,-6.234583655756799914e+01
-9.470000000000000284e+01,-6.233267231842999934e+01
-9.467999999999999261e+01,-6.231950807929199243e+01
-9.465999999999999659e+01,-6.230634384015399974e+01
-9.464000000000000057e+01,-6.229317960101599994e+01
-9.462000000000000455e+01,-6.228001536187800014e+01
-9.459999999999999432e+01,-6.226685112274000033e+01
-9.457999999999999829e+01,-6.225368688360200053e+01
-9.456000000000000227e+01,-6.224052264446400073e+01
-9.454000000000000625e+01,-6.222735840532600804e+01
-9.451999999999999602e+01,-6.221419416618800113e+01
-9.450000000000000000e+01,-6.220102992705000133e+01
-9.448000000000000398e+01,-6.218786568791200153e+01
-9.445999999999999375e+01,-6.217470144877399463e+01
-9.443999999999999773e+01,-6.216153720963600193e+01
-9.442000000000000171e+01,-6.214837297049800213e+01
-9.440000000000000568e+01,-6.213520873136000233e+01
-9.437999999999999545e+01,-6.212204449222199543e+01
-9.435999999999999943e+01,-6.210888025308400273e+01
-9.434000000000000341e+01,-6.209571601394600293e+01
-9.431999999999999318e+01,-6.208255177480799603e+01
-9.429999999999999716e+01,-6.206938753566999623e+01
-9.428000000000000114e+01,-6.205622329653200353e+01
-9.426000000000000512e+01,-6.204305905739400373e+01
-9.423999999999999488e+01,-6.202989481825599682e+01
-9.421999999999999886e+01,-6.201673057911799702e+01
-9.420000000000000284e+01,-6.200356633998000433e+01
-9.417999999999999261e+01,-6.199040210084199742e+01
-9.415999999999999659e+01,-6.197723786170399762e+01
-9.414000000000000057e+01,-6.196407362256599782e+01
-9.412000000000000455e+01,-6.195090938342800513e+01
-9.409999999999999432e+01,-6.193774514428999822e+01
-9.407999999999999829e+01,-6.192458090515199842e+01
-9.406000000000000227e+01,-6.191141666601399862e+01
-9.404000000000000625e+01,-6.189825242687600593e+01
-9.401999999999999602e+01,-6.188508818773799902e+01
-9.400000000000000000e+01,-6.187192394859999922e+01
-9.398000000000000398e+01,-6.185875970946200653e+01
-9.395999999999999375e+01,-6.184559547032399962e+01
-9.393999999999999773e+01,-6.183243123118599982e+01
-9.392000000000000171e+01,-6.181926699204800002e+01
-9.390000000000000568e+01,-6.180610275291000733e+01
-9.387999999999999545e+01,-6.179293851377200042e+01
-9.385999999999999943e+01,-6.177977427463400062e+01
-9.384000000000000341e+01,-6.176661003549600082e+01
-9.381999999999999318e+01,-6.175344579635799391e+01
-9.379999999999999716e+01,-6.174028155722000122e+01
-9.378000000000000114e+01,-6.172711731808200142e+01
-9.376000000000000512e+01,-6.171395307894400162e+01
-9.373999999999999488e+01,-6.170078883980599471e+01
-9.371999999999999886e+01,-6.168762460066800202e+01
-9.370000000000000284e+01,-6.167446036153000222e+01
-9.367999999999999261e+01,-6.166129612239199531e+01
-9.365999999999999659e+01,-6.164813188325399551e+01
-9.364000000000000057e+01,-6.163496764411600282e+01
-9.362000000000000455e+01,-6.162180340497800302e+01
-9.359999999999999432e+01,-6.160863916583999611e+01
-9.357999999999999829e+01,-6.159547492670199631e+01
-9.356000000000000227e+01,-6.158231068756400362e+01
-9.354000000000000625e+01,-6.156914644842600381e+01
-9.351999999999999602e+01,-6.155598220928799691e+01
-9.350000000000000000e+01,-6.154281797014999711e+01
-9.348000000000000398e+01,-6.152965373101200441e+01
-9.345999999999999375e+01,-6.151648949187399751e+01
-9.343999999999999773e+01,-6.150332525273599771e+01
-9.342000000000000171e+01,-6.149016101359800501e+01
-9.340000000000000568e+01,-6.147699677446000521e+01
-9.337999999999999545e+01,-6.146383253532199831e+01
-9.335999999999999943e+01,-6.145066829618399851e+01
-9.334000000000000341e+01,-6.143750405704600581e+01
-9.331999999999999318e+01,-6.142433981790799891e+01
-9.329999999999999716e+01,-6.141117557876999911e+01
-9.328000000000000114e+01,-6.139801133963199931e+01
-9.326000000000000512e+01,-6.138484710049400661e+01
-9.323999999999999488e+01,-6.137168286135599971e+01
-9.321999999999999886e+01,-6.135851862221799990e+01
-9.320000000000000284e+01,-6.134535438308000010e+01
-9.317999999999999261e+01,-6.133219014394199320e+01
-9.315999999999999659e+01,-6.131902590480400050e+01
-9.314000000000000057e+01,-6.130586166566600070e+01
-9.312000000000000455e+01,-6.129269742652800090e+01
-9.309999999999999432e+01,-6.127953318738999400e+01
-9.307999999999999829e+01,-6.126636894825200130e+01
-9.306000000000000227e+01,-6.125320470911400150e+01
-9.304000000000000625e+01,-6.124004046997600170e+01
-9.301999999999999602e+01,-6.122687623083799480e+01
-9.300000000000000000e+01,-6.121371199170000210e+01
-9.298000000000000398e+01,-6.120054775256200230e+01
-9.295999999999999375e+01,-6.118738351342399540e+01
-9.293999999999999773e+01,-6.117421927428599560e+01
-9.292000000000000171e+01,-6.116105503514800290e+01
-9.290000000000000568e+01,-6.114789079601000310e+01
-9.287999999999999545e+01,-6.113472655687199619e+01
-9.285999999999999943e+01,-6.112156231773400350e+01
-9.284000000000000341e+01,-6.110839807859600370e+01
-9.281999999999999318e+01,-6.109523383945799679e+01
-9.279999999999999716e+01,-6.108206960031999699e+01
-9.278000000000000114e+01,-6.106890536118200430e+01
-9.276000000000000512e+01,-6.105574112204400450e+01
-9.273999999999999488e+01,-6.104257688290599759e+01
-9.271999999999999886e+01,-6.102941264376799779e+01
-9.270000000000000284e+01,-6.101624840463000510e+01
-9.267999999999999261e+01,-6.100308416549199819e+01
-9.265999999999999659e+01,-6.098991992635399839e+01
-9.264000000000000057e+01,-6.097675568721599859e+01
-9.262000000000000455e+01,-6.096359144807800590e+01
-9.259999999999999432e+01,-6.095042720893999899e+01
-9.257999999999999829e+01,-6.093726296980199919e+01
-9.256000000000000227e+01,-6.092409873066399939e+01
-9.254000000000000625e+01,-6.091093449152600670e+01
-9.251999999999999602e+01,-6.089777025238799979e+01
-9.250000000000000000e+01,-6.088460601324999999e+01
-9.248000000000000398e+01,-6.087144177411200019e+01
-9.245999999999999375e+01,-6.085827753497399328e+01
-9.243999999999999773e+01,-6.084511329583600059e+01
-9.242000000000000171e+01,-6.083194905669800079e+01
-9.240000000000000568e+01,-6.081878481756000099e+01
-9.237999999999999545e+01,-6.080562057842199408e+01
-9.235999999999999943e+01,-6.079245633928400139e+01
-9.234000000000000341e+01,-6.077929210014600159e+01
-9.231999999999999318e+01,-6.076612786100799468e+01
-9.229999999999999716e+01,-6.075296362187000199e+01
-9.228000000000000114e+01,-6.073979938273200219e+01
-9.226000000000000512e+01,-6.072663514359400239e+01
-9.223999999999999488e+01,-6.071347090445599548e+01
-9.221999999999999886e+01,-6.070030666531800279e+01
-9.220000000000000284e+01,-6.068714242618000299e+01
-9.217999999999999261e+01,-6.067397818704199608e+01
-9.215999999999999659e+01,-6.066081394790399628e+01
-9.214000000000000057e+01,-6.064764970876600358e+01
-9.212000000000000455e+01,-6.063448546962800378e+01
-9.209999999999999432e+01,-6.062132123048999688e+01
-9.207999999999999829e+01,-6.060815699135199708e+01
-9.206000000000000227e+01,-6.059499275221400438e+01
-9.204000000000000625e+01,-6.058182851307600458e+01
-9.201999999999999602e+01,-6.056866427393799768e+01
-9.200000000000000000e+01,-6.055550003479999788e+01
-9.198000000000000398e+01,-6.054233579566200518e+01
-9.195999999999999375e+01,-6.052917155652399828e+01
-9.193999999999999773e+01,-6.051600731738599848e+01
-9.192000000000000171e+01,-6.050284307824799868e+01
-9.190000000000000568e+01,-6.048967883911000598e+01
-9.187999999999999545e+01,-6.047651459997199908e+01
-9.185999999999999943e+01,-6.046335036083399928e+01
-9.184000000000000341e+01,-6.045018612169599947e+01
-9.181999999999999318e+01,-6.043702188255799257e+01
-9.179999999999999716e+01,-6.042385764341999987e+01
-9.178000000000000114e+01,-6.041069340428200007e+01
-9.176000000000000512e+01,-6.039752916514400738e+01
-9.173999999999999488e+01,-6.038436492600600047e+01
-9.171999999999999886e+01,-6.037120068686800067e+01
-9.170000000000000284e+01,-6.035803644773000087e+01
-9.167999999999999261e+01,-6.034487220859199397e+01
-9.165999999999999659e+01,-6.033170796945400127e+01
-9.164000000000000057e+01,-6.031854373031600147e+01
-9.162000000000000455e+01,-6.030537949117800167e+01
-9.159999999999999432e+01,-6.029221525203999477e+01
-9.157999999999999829e+01,-6.027905101290200207e+01
-9.156000000000000227e+01,-6.026588677376400227e+01
-9.154000000000000625e+01,-6.025272253462600247e+01
-9.151999999999999602e+01,-6.023955829548799557e+01
-9.150000000000000000e+01,-6.022639405635000287e+01
-9.148000000000000398e+01,-6.021322981721200307e+01
-9.145999999999999375e+01,-6.020006557807399616e+01
-9.143999999999999773e+01,-6.018690133893599636e+01
-9.142000000000000171e+01,-6.017373709979800367e+01
-9.140000000000000568e+01,-6.016057286066000387e+01
-9.137999999999999545e+01,-6.014740862152199696e+01
-9.135999999999999943e+01,-6.013424438238399716e+01
-9.134000000000000341e+01,-6.012108014324600447e+01
-9.131999999999999318e+01,-6.010791590410799756e+01
-9.129999999999999716e+01,-6.009475166496999776e+01
-9.128000000000000114e+01,-6.008158742583199796e+01
-9.126000000000000512e+01,-6.006842318669400527e+01
-9.123999999999999488e+01,-6.005525894755599836e+01
-9.121999999999999886e+01,-6.004209470841799856e+01
-9.120000000000000284e+01,-6.002893046928000587e+01
-9.117999999999999261e+01,-6.001576623014199896e+01
-9.115999999999999659e+01,-6.000260199100399916e+01
-9.114000000000000057e+01,-5.998943775186599936e+01
-9.112000000000000455e+01,-5.997627351272800666e+01
-9.109999999999999432e+01,-5.996310927358999976e+01
-9.107999999999999829e+01,-5.994994503445199996e+01
-9.106000000000000227e+01,-5.993678079531400016e+01
-9.104000000000000625e+01,-5.992361655617600746e+01
-9.101999999999999602e+01,-5.991045231703800056e+01
-9.100000000000000000e+01,-5.989728807790000076e+01
-9.098000000000000398e+01,-5.988412383876200096e+01
-9.095999999999999375e+01,-5.987095959962399405e+01
-9.093999999999999773e+01,-5.985779536048600136e+01
-9.092000000000000171e+01,-5.984463112134800156e+01
-9.090000000000000568e+01,-5.983146688221000176e+01
-9.087999999999999545e+01,-5.981830264307199485e+01
-9.085999999999999943e+01,-5.980513840393400216e+01
-9.084000000000000341e+01,-5.979197416479600236e+01
-9.081999999999999318e+01,-5.977880992565799545e+01
-9.079999999999999716e+01,-5.976564568651999565e+01
-9.078000000000000114e+01,-5.975248144738200295e+01
-9.076000000000000512e+01,-5.973931720824400315e+01
-9.073999999999999488e+01,-5.972615296910599625e+01
-9.071999999999999886e+01,-5.971298872996799645e+01
-9.070000000000000284e+01,-5.969982449083000375e+01
-9.067999999999999261e+01,-5.968666025169199685e+01
-9.065999999999999659e+01,-5.967349601255399705e+01
-9.064000000000000057e+01,-5.966033177341600435e+01
-9.062000000000000455e+01,-5.964716753427800455e+01
-9.059999999999999432e+01,-5.963400329513999765e+01
-9.057999999999999829e+01,-5.962083905600199785e+01
-9.056000000000000227e+01,-5.960767481686400515e+01
-9.054000000000000625e+01,-5.959451057772600535e+01
-9.051999999999999602e+01,-5.958134633858799845e+01
-9.050000000000000000e+01,-5.956818209944999865e+01
-9.048000000000000398e+01,-5.955501786031200595e+01
-9.045999999999999375e+01,-5.954185362117399904e+01
-9.043999999999999773e+01,-5.952868938203599924e+01
-9.042000000000000171e+01,-5.951552514289799944e+01
-9.040000000000000568e+01,-5.950236090376000675e+01
-9.037999999999999545e+01,-5.948919666462199984e+01
-9.035999999999999943e+01,-5.947603242548400004e+01
-9.034000000000000341e+01,-5.946286818634600024e+01
-9.031999999999999318e+01,-5.944970394720799334e+01
-9.029999999999999716e+01,-5.943653970807000064e+01
-9.028000000000000114e+01,-5.942337546893200084e+01
-9.026000000000000512e+01,-5.941021122979400104e+01
-9.023999999999999488e+01,-5.939704699065599414e+01
-9.021999999999999886e+01,-5.938388275151800144e+01
-9.020000000000000284e+01,-5.937071851238000164e+01
-9.017999999999999261e+01,-5.935755427324199474e+01
-9.015999999999999659e+01,-5.934439003410399494e+01
-9.014000000000000057e+01,-5.933122579496600224e+01
-9.012000000000000455e+01,-5.931806155582800244e+01
-9.009999999999999432e+01,-5.930489731668999553e+01
-9.007999999999999829e+01,-5.929173307755200284e+01
-9.006000000000000227e+01,-5.927856883841400304e+01
-9.004000000000000625e+01,-5.926540459927600324e+01
-9.001999999999999602e+01,-5.925224036013799633e+01
-9.000000000000000000e+01,-5.923907612100000364e+01
-8.998000000000000398e+01,-5.922591188186200384e+01
-8.995999999999999375e+01,-5.921274764272399693e+01
-8.993999999999999773e+01,-5.919958340358599713e+01
-8.992000000000000171e+01,-5.918641916444800444e+01
-8.990000000000000568e+01,-5.917325492531000464e+01
-8.987999999999999545e+01,-5.916009068617199773e+01
-8.985999999999999943e+01,-5.914692644703399793e+01
-8.984000000000000341e+01,-5.913376220789600524e+01
-8.981999999999999318e+01,-5.912059796875799833e+01
-8.979999999999999716e+01,-5.910743372961999853e+01
-8.978000000000000114e+01,-5.909426949048199873e+01
-8.976000000000000512e+01,-5.908110525134400604e+01
-8.973999999999999488e+01,-5.906794101220599913e+01
-8.971999999999999886e+01,-5.905477677306799933e+01
-8.970000000000000284e+01,-5.904161253392999953e+01
-8.967999999999999261e+01,-5.902844829479199262e+01
-8.965999999999999659e+01,-5.901528405565399993e+01
-8.964000000000000057e+01,-5.900211981651600013e+01
-8.962000000000000455e+01,-5.898895557737800033e+01
-8.959999999999999432e+01,-5.897579133823999342e+01
-8.957999999999999829e+01,-5.896262709910200073e+01
-8.956000000000000227e+01,-5.894946285996400093e+01
-8.954000000000000625e+01,-5.893629862082600113e+01
-8.951999999999999602e+01,-5.892313438168800133e+01
-8.950000000000000000e+01,-5.890997014255000153e+01
-8.948000000000000398e+01,-5.889680590341200173e+01
-8.945999999999999375e+01,-5.888364166427399482e+01
-8.943999999999999773e+01,-5.887047742513600213e+01
-8.942000000000000171e+01,-5.885731318599800233e+01
-8.940000000000000568e+01,-5.884414894686000252e+01
-8.937999999999999545e+01,-5.883098470772199562e+01
-8.935999999999999943e+01,-5.881782046858400292e+01
-8.934000000000000341e+01,-5.880465622944600312e+01
-8.931999999999999318e+01,-5.879149199030799622e+01
-8.929999999999999716e+01,-5.877832775116999642e+01
-8.928000000000000114e+01,-5.876516351203200372e+01
-8.926000000000000512e+01,-5.875199927289400392e+01
-8.923999999999999488e+01,-5.873883503375599702e+01
-8.921999999999999886e+01,-5.872567079461799722e+01
-8.920000000000000284e+01,-5.871250655548000452e+01
-8.917999999999999261e+01,-5.869934231634199762e+01
-8.915999999999999659e+01,-5.868617807720399782e+01
-8.914000000000000057e+01,-5.867301383806599802e+01
-8.912000000000000455e+01,-5.865984959892800532e+01
-8.909999999999999432e+01,-5.864668535978999842e+01
-8.907999999999999829e+01,-5.863352112065199861e+01
-8.906000000000000227e+01,-5.862035688151399881e+01
-8.903999999999999204e+01,-5.860719264237599191e+01
-8.901999999999999602e+01,-5.859402840323799921e+01
-8.900000000000000000e+01,-5.858086416409999941e+01
-8.898000000000000398e+01,-5.856769992496199961e+01
-8.895999999999999375e+01,-5.855453568582399981e+01
-8.893999999999999773e+01,-5.854137144668600001e+01
-8.892000000000000171e+01,-5.852820720754800021e+01
-8.890000000000000568e+01,-5.851504296841000752e+01
-8.887999999999999545e+01,-5.850187872927200061e+01
-8.885999999999999943e+01,-5.848871449013400081e+01
-8.884000000000000341e+01,-5.847555025099600101e+01
-8.881999999999999318e+01,-5.846238601185799411e+01
-8.879999999999999716e+01,-5.844922177272000141e+01
-8.878000000000000114e+01,-5.843605753358200161e+01
-8.876000000000000512e+01,-5.842289329444400181e+01
-8.873999999999999488e+01,-5.840972905530599490e+01
-8.871999999999999886e+01,-5.839656481616800221e+01
-8.870000000000000284e+01,-5.838340057703000241e+01
-8.867999999999999261e+01,-5.837023633789199550e+01
-8.865999999999999659e+01,-5.835707209875399570e+01
-8.864000000000000057e+01,-5.834390785961600301e+01
-8.862000000000000455e+01,-5.833074362047800321e+01
-8.859999999999999432e+01,-5.831757938133999630e+01
-8.857999999999999829e+01,-5.830441514220199650e+01
-8.856000000000000227e+01,-5.829125090306400381e+01
-8.853999999999999204e+01,-5.827808666392599690e+01
-8.851999999999999602e+01,-5.826492242478799710e+01
-8.850000000000000000e+01,-5.825175818564999730e+01
-8.848000000000000398e+01,-5.823859394651200461e+01
-8.845999999999999375e+01,-5.822542970737399770e+01
-8.843999999999999773e+01,-5.821226546823599790e+01
-8.842000000000000171e+01,-5.819910122909799810e+01
-8.840000000000000568e+01,-5.818593698996000541e+01
-8.837999999999999545e+01,-5.817277275082199850e+01
-8.835999999999999943e+01,-5.815960851168399870e+01
-8.834000000000000341e+01,-5.814644427254600600e+01
-8.831999999999999318e+01,-5.813328003340799910e+01
-8.829999999999999716e+01,-5.812011579426999930e+01
-8.828000000000000114e+01,-5.810695155513199950e+01
-8.826000000000000512e+01,-5.809378731599400680e+01
-8.823999999999999488e+01,-5.808062307685599990e+01
-8.821999999999999886e+01,-5.806745883771800010e+01
-8.820000000000000284e+01,-5.805429459858000030e+01
-8.817999999999999261e+01,-5.804113035944199339e+01
-8.815999999999999659e+01,-5.802796612030400070e+01
-8.814000000000000057e+01,-5.801480188116600090e+01
-8.812000000000000455e+01,-5.800163764202800110e+01
-8.809999999999999432e+01,-5.798847340288999419e+01
-8.807999999999999829e+01,-5.797530916375200150e+01
-8.806000000000000227e+01,-5.796214492461400170e+01
-8.803999999999999204e+01,-5.794898068547599479e+01
-8.801999999999999602e+01,-5.793581644633799499e+01
-8.800000000000000000e+01,-5.792265220720000229e+01
-8.798000000000000398e+01,-5.790948796806200249e+01
-8.795999999999999375e+01,-5.789632372892399559e+01
-8.793999999999999773e+01,-5.788315948978599579e+01
-8.792000000000000171e+01,-5.786999525064800309e+01
-8.790000000000000568e+01,-5.785683101151000329e+01
-8.787999999999999545e+01,-5.784366677237199639e+01
-8.785999999999999943e+01,-5.783050253323400369e+01
-8.784000000000000341e+01,-5.781733829409600389e+01
-8.781999999999999318e+01,-5.780417405495799699e+01
-8.779999999999999716e+01,-5.779100981581999719e+01
-8.778000000000000114e+01,-5.777784557668200449e+01
-8.776000000000000512e+01,-5.776468133754400469e+01
-8.773999999999999488e+01,-5.775151709840599779e+01
-8.771999999999999886e+01,-5.773835285926799799e+01
-8.770000000000000284e+01,-5.772518862013000529e+01
-8.767999999999999261e+01,-5.771202438099199838e+01
-8.765999999999999659e+01,-5.769886014185399858e+01
-8.764000000000000057e+01,-5.768569590271599878e+01
-8.762000000000000455e+01,-5.767253166357800609e+01
-8.759999999999999432e+01,-5.765936742443999918e+01
-8.757999999999999829e+01,-5.764620318530199938e+01
-8.756000000000000227e+01,-5.763303894616399958e+01
-8.753999999999999204e+01,-5.761987470702599268e+01
-8.751999999999999602e+01,-5.760671046788799998e+01
-8.750000000000000000e+01,-5.759354622875000018e+01
-8.748000000000000398e+01,-5.758038198961200038e+01
-8.745999999999999375e+01,-5.756721775047399348e+01
-8.743999999999999773e+01,-5.755405351133600078e+01
-8.742000000000000171e+01,-5.754088927219800098e+01
-8.740000000000000568e+01,-5.752772503306000118e+01
-8.737999999999999545e+01,-5.751456079392199428e+01
-8.735999999999999943e+01,-5.750139655478400158e+01
-8.734000000000000341e+01,-5.748823231564600178e+01
-8.731999999999999318e+01,-5.747506807650799487e+01
-8.729999999999999716e+01,-5.746190383737000218e+01
-8.728000000000000114e+01,-5.744873959823200238e+01
-8.726000000000000512e+01,-5.743557535909400258e+01
-8.723999999999999488e+01,-5.742241111995599567e+01
-8.721999999999999886e+01,-5.740924688081800298e+01
-8.720000000000000284e+01,-5.739608264168000318e+01
-8.717999999999999261e+01,-5.738291840254199627e+01
-8.715999999999999659e+01,-5.736975416340399647e+01
-8.714000000000000057e+01,-5.735658992426600378e+01
-8.712000000000000455e+01,-5.734342568512800398e+01
-8.709999999999999432e+01,-5.733026144598999707e+01
-8.707999999999999829e+01,-5.731709720685199727e+01
-8.706000000000000227e+01,-5.730393296771400458e+01
-8.703999999999999204e+01,-5.729076872857599767e+01
-8.701999999999999602e+01,-5.727760448943799787e+01
-8.700000000000000000e+01,-5.726444025029999807e+01
-8.698000000000000398e+01,-5.725127601116200537e+01
-8.695999999999999375e+01,-5.723811177202399847e+01
-8.693999999999999773e+01,-5.722494753288599867e+01
-8.692000000000000171e+01,-5.721178329374799887e+01
-8.690000000000000568e+01,-5.719861905461000617e+01
-8.687999999999999545e+01,-5.718545481547199927e+01
-8.685999999999999943e+01,-5.717229057633399947e+01
-8.684000000000000341e+01,-5.715912633719599967e+01
-8.681999999999999318e+01,-5.714596209805799276e+01
-8.679999999999999716e+01,-5.713279785892000007e+01
-8.678000000000000114e+01,-5.711963361978200027e+01
-8.676000000000000512e+01,-5.710646938064400047e+01
-8.673999999999999488e+01,-5.709330514150600067e+01
-8.671999999999999886e+01,-5.708014090236800087e+01
-8.670000000000000284e+01,-5.706697666323000107e+01
-8.667999999999999261e+01,-5.705381242409199416e+01
-8.665999999999999659e+01,-5.704064818495400147e+01
-8.664000000000000057e+01,-5.702748394581600166e+01
-8.662000000000000455e+01,-5.701431970667800186e+01
-8.659999999999999432e+01,-5.700115546753999496e+01
-8.657999999999999829e+01,-5.698799122840200226e+01
-8.656000000000000227e+01,-5.697482698926400246e+01
-8.653999999999999204e+01,-5.696166275012599556e+01
-8.651999999999999602e+01,-5.694849851098799576e+01
-8.650000000000000000e+01,-5.693533427185000306e+01
-8.648000000000000398e+01,-5.692217003271200326e+01
-8.645999999999999375e+01,-5.690900579357399636e+01
-8.643999999999999773e+01,-5.689584155443599656e+01
-8.642000000000000171e+01,-5.688267731529800386e+01
-8.640000000000000568e+01,-5.686951307616000406e+01
-8.637999999999999545e+01,-5.685634883702199716e+01
-8.635999999999999943e+01,-5.684318459788399736e+01
-8.634000000000000341e+01,-5.683002035874600466e+01
-8.631999999999999318e+01,-5.681685611960799775e+01
-8.629999999999999716e+01,-5.680369188046999795e+01
-8.628000000000000114e+01,-5.679052764133199815e+01
-8.626000000000000512e+01,-5.677736340219400546e+01
-8.623999999999999488e+01,-5.676419916305599855e+01
-8.621999999999999886e+01,-5.675103492391799875e+01
-8.620000000000000284e+01,-5.673787068477999895e+01
-8.617999999999999261e+01,-5.672470644564199915e+01
-8.615999999999999659e+01,-5.671154220650399935e+01
-8.614000000000000057e+01,-5.669837796736599955e+01
-8.612000000000000455e+01,-5.668521372822800686e+01
-8.609999999999999432e+01,-5.667204948908999995e+01
-8.607999999999999829e+01,-5.665888524995200015e+01
-8.606000000000000227e+01,-5.664572101081400035e+01
-8.603999999999999204e+01,-5.663255677167599345e+01
-8.601999999999999602e+01,-5.661939253253800075e+01
-8.600000000000000000e+01,-5.660622829340000095e+01
-8.598000000000000398e+01,-5.659306405426200115e+01
-8.595999999999999375e+01,-5.657989981512399424e+01
-8.593999999999999773e+01,-5.656673557598600155e+01
-8.592000000000000171e+01,-5.655357133684800175e+01
-8.590000000000000568e+01,-5.654040709771000195e+01
-8.587999999999999545e+01,-5.652724285857199504e+01
-8.585999999999999943e+01,-5.651407861943400235e+01
-8.584000000000000341e+01,-5.650091438029600255e+01
-8.581999999999999318e+01,-5.648775014115799564e+01
-8.579999999999999716e+01,-5.647458590201999584e+01
-8.578000000000000114e+01,-5.646142166288200315e+01
-8.576000000000000512e+01,-5.644825742374400335e+01
-8.573999999999999488e+01,-5.643509318460599644e+01
-8.571999999999999886e+01,-5.642192894546799664e+01
-8.570000000000000284e+01,-5.640876470633000395e+01
-8.567999999999999261e+01,-5.639560046719199704e+01
-8.565999999999999659e+01,-5.638243622805399724e+01
-8.564000000000000057e+01,-5.636927198891599744e+01
-8.562000000000000455e+01,-5.635610774977800475e+01
-8.559999999999999432e+01,-5.634294351063999784e+01
-8.557999999999999829e+01,-5.632977927150199804e+01
-8.556000000000000227e+01,-5.631661503236400534e+01
-8.553999999999999204e+01,-5.630345079322599844e+01
-8.551999999999999602e+01,-5.629028655408799864e+01
-8.550000000000000000e+01,-5.627712231494999884e+01
-8.548000000000000398e+01,-5.626395807581200614e+01
-8.545999999999999375e+01,-5.625079383667399924e+01
-8.543999999999999773e+01,-5.623762959753599944e+01
-8.542000000000000171e+01,-5.622446535839799964e+01
-8.540000000000000568e+01,-5.621130111926000694e+01
-8.537999999999999545e+01,-5.619813688012200004e+01
-8.535999999999999943e+01,-5.618497264098400024e+01
-8.534000000000000341e+01,-5.617180840184600044e+01
-8.531999999999999318e+01,-5.615864416270799353e+01
-8.529999999999999716e+01,-5.614547992357000084e+01
-8.528000000000000114e+01,-5.613231568443200104e+01
-8.526000000000000512e+01,-5.611915144529400123e+01
-8.523999999999999488e+01,-5.610598720615599433e+01
-8.521999999999999886e+01,-5.609282296701800163e+01
-8.520000000000000284e+01,-5.607965872788000183e+01
-8.517999999999999261e+01,-5.606649448874199493e+01
-8.515999999999999659e+01,-5.605333024960399513e+01
-8.514000000000000057e+01,-5.604016601046600243e+01
-8.512000000000000455e+01,-5.602700177132800263e+01
-8.509999999999999432e+01,-5.601383753218999573e+01
-8.507999999999999829e+01,-5.600067329305199593e+01
-8.506000000000000227e+01,-5.598750905391400323e+01
-8.503999999999999204e+01,-5.597434481477599633e+01
-8.501999999999999602e+01,-5.596118057563799653e+01
-8.500000000000000000e+01,-5.594801633650000383e+01
-8.498000000000000398e+01,-5.593485209736200403e+01
-8.495999999999999375e+01,-5.592168785822399713e+01
-8.493999999999999773e+01,-5.590852361908599732e+01
-8.492000000000000171e+01,-5.589535937994800463e+01
-8.490000000000000568e+01,-5.588219514081000483e+01
-8.487999999999999545e+01,-5.586903090167199792e+01
-8.485999999999999943e+01,-5.585586666253399812e+01
-8.484000000000000341e+01,-5.584270242339600543e+01
-8.481999999999999318e+01,-5.582953818425799852e+01
-8.479999999999999716e+01,-5.581637394511999872e+01
-8.478000000000000114e+01,-5.580320970598199892e+01
-8.476000000000000512e+01,-5.579004546684400623e+01
-8.473999999999999488e+01,-5.577688122770599932e+01
-8.471999999999999886e+01,-5.576371698856799952e+01
-8.470000000000000284e+01,-5.575055274942999972e+01
-8.467999999999999261e+01,-5.573738851029199282e+01
-8.465999999999999659e+01,-5.572422427115400012e+01
-8.464000000000000057e+01,-5.571106003201600032e+01
-8.462000000000000455e+01,-5.569789579287800052e+01
-8.459999999999999432e+01,-5.568473155373999361e+01
-8.457999999999999829e+01,-5.567156731460200092e+01
-8.456000000000000227e+01,-5.565840307546400112e+01
-8.453999999999999204e+01,-5.564523883632599421e+01
-8.451999999999999602e+01,-5.563207459718799441e+01
-8.450000000000000000e+01,-5.561891035805000172e+01
-8.448000000000000398e+01,-5.560574611891200192e+01
-8.445999999999999375e+01,-5.559258187977399501e+01
-8.443999999999999773e+01,-5.557941764063600232e+01
-8.442000000000000171e+01,-5.556625340149800252e+01
-8.440000000000000568e+01,-5.555308916236000272e+01
-8.437999999999999545e+01,-5.553992492322199581e+01
-8.435999999999999943e+01,-5.552676068408400312e+01
-8.434000000000000341e+01,-5.551359644494600332e+01
-8.431999999999999318e+01,-5.550043220580799641e+01
-8.429999999999999716e+01,-5.548726796666999661e+01
-8.428000000000000114e+01,-5.547410372753200392e+01
-8.426000000000000512e+01,-5.546093948839400412e+01
-8.423999999999999488e+01,-5.544777524925599721e+01
-8.421999999999999886e+01,-5.543461101011799741e+01
-8.420000000000000284e+01,-5.542144677098000471e+01
-8.417999999999999261e+01,-5.540828253184199781e+01
-8.415999999999999659e+01,-5.539511829270399801e+01
-8.414000000000000057e+01,-5.538195405356599821e+01
-8.412000000000000455e+01,-5.536878981442800551e+01
-8.409999999999999432e+01,-5.535562557528999861e+01
-8.407999999999999829e+01,-5.534246133615199881e+01
-8.406000000000000227e+01,-5.532929709701399901e+01
-8.403999999999999204e+01,-5.531613285787599210e+01
-8.401999999999999602e+01,-5.530296861873799941e+01
-8.400000000000000000e+01,-5.528980437959999961e+01
-8.398000000000000398e+01,-5.527664014046199981e+01
-8.395999999999999375e+01,-5.526347590132399290e+01
-8.393999999999999773e+01,-5.525031166218600021e+01
-8.392000000000000171e+01,-5.523714742304800041e+01
-8.390000000000000568e+01,-5.522398318391000771e+01
-8.387999999999999545e+01,-5.521081894477200080e+01
-8.385999999999999943e+01,-5.519765470563400100e+01
-8.384000000000000341e+01,-5.518449046649600120e+01
-8.381999999999999318e+01,-5.517132622735799430e+01
-8.379999999999999716e+01,-5.515816198822000160e+01
-8.378000000000000114e+01,-5.514499774908200180e+01
-8.376000000000000512e+01,-5.513183350994400200e+01
-8.373999999999999488e+01,-5.511866927080599510e+01
-8.371999999999999886e+01,-5.510550503166800240e+01
-8.370000000000000284e+01,-5.509234079253000260e+01
-8.367999999999999261e+01,-5.507917655339199570e+01
-8.365999999999999659e+01,-5.506601231425399590e+01
-8.364000000000000057e+01,-5.505284807511600320e+01
-8.362000000000000455e+01,-5.503968383597800340e+01
-8.359999999999999432e+01,-5.502651959683999650e+01
-8.357999999999999829e+01,-5.501335535770199670e+01
-8.356000000000000227e+01,-5.500019111856400400e+01
-8.353999999999999204e+01,-5.498702687942599709e+01
-8.351999999999999602e+01,-5.497386264028799729e+01
-8.350000000000000000e+01,-5.496069840114999749e+01
-8.348000000000000398e+01,-5.494753416201200480e+01
-8.345999999999999375e+01,-5.493436992287399789e+01
-8.343999999999999773e+01,-5.492120568373599809e+01
-8.342000000000000171e+01,-5.490804144459799829e+01
-8.340000000000000568e+01,-5.489487720546000560e+01
-8.337999999999999545e+01,-5.488171296632199869e+01
-8.335999999999999943e+01,-5.486854872718399889e+01
-8.334000000000000341e+01,-5.485538448804600620e+01
-8.331999999999999318e+01,-5.484222024890799929e+01
-8.329999999999999716e+01,-5.482905600976999949e+01
-8.328000000000000114e+01,-5.481589177063199969e+01
-8.326000000000000512e+01,-5.480272753149400700e+01
-8.323999999999999488e+01,-5.478956329235600009e+01
-8.321999999999999886e+01,-5.477639905321800029e+01
-8.320000000000000284e+01,-5.476323481408000049e+01
-8.317999999999999261e+01,-5.475007057494199358e+01
-8.315999999999999659e+01,-5.473690633580400089e+01
-8.314000000000000057e+01,-5.472374209666600109e+01
-8.312000000000000455e+01,-5.471057785752800129e+01
-8.309999999999999432e+01,-5.469741361838999438e+01
-8.307999999999999829e+01,-5.468424937925200169e+01
-8.306000000000000227e+01,-5.467108514011400189e+01
-8.303999999999999204e+01,-5.465792090097599498e+01
-8.301999999999999602e+01,-5.464475666183799518e+01
-8.300000000000000000e+01,-5.463159242270000249e+01
-8.298000000000000398e+01,-5.461842818356200269e+01
-8.295999999999999375e+01,-5.460526394442399578e+01
-8.293999999999999773e+01,-5.459209970528599598e+01
-8.292000000000000171e+01,-5.457893546614800329e+01
-8.290000000000000568e+01,-5.456577122701000349e+01
-8.287999999999999545e+01,-5.455260698787199658e+01
-8.285999999999999943e+01,-5.453944274873399678e+01
-8.284000000000000341e+01,-5.452627850959600408e+01
-8.281999999999999318e+01,-5.451311427045799718e+01
-8.279999999999999716e+01,-5.449995003131999738e+01
-8.278000000000000114e+01,-5.448678579218200468e+01
-8.276000000000000512e+01,-5.447362155304400488e+01
-8.273999999999999488e+01,-5.446045731390599798e+01
-8.271999999999999886e+01,-5.444729307476799818e+01
-8.270000000000000284e+01,-5.443412883563000548e+01
-8.267999999999999261e+01,-5.442096459649199858e+01
-8.265999999999999659e+01,-5.440780035735399878e+01
-8.264000000000000057e+01,-5.439463611821599898e+01
-8.262000000000000455e+01,-5.438147187907800628e+01
-8.259999999999999432e+01,-5.436830763993999938e+01
-8.257999999999999829e+01,-5.435514340080199958e+01
-8.256000000000000227e+01,-5.434197916166399978e+01
-8.253999999999999204e+01,-5.432881492252599287e+01
-8.251999999999999602e+01,-5.431565068338800018e+01
-8.250000000000000000e+01,-5.430248644425000037e+01
-8.248000000000000398e+01,-5.428932220511200057e+01
-8.245999999999999375e+01,-5.427615796597399367e+01
-8.243999999999999773e+01,-5.426299372683600097e+01
-8.242000000000000171e+01,-5.424982948769800117e+01
-8.240000000000000568e+01,-5.423666524856000137e+01
-8.237999999999999545e+01,-5.422350100942199447e+01
-8.235999999999999943e+01,-5.421033677028400177e+01
-8.234000000000000341e+01,-5.419717253114600197e+01
-8.231999999999999318e+01,-5.418400829200799507e+01
-8.229999999999999716e+01,-5.417084405286999527e+01
-8.228000000000000114e+01,-5.415767981373200257e+01
-8.226000000000000512e+01,-5.414451557459400277e+01
-8.223999999999999488e+01,-5.413135133545599587e+01
-8.221999999999999886e+01,-5.411818709631800317e+01
-8.220000000000000284e+01,-5.410502285718000337e+01
-8.217999999999999261e+01,-5.409185861804199646e+01
-8.215999999999999659e+01,-5.407869437890399666e+01
-8.214000000000000057e+01,-5.406553013976600397e+01
-8.212000000000000455e+01,-5.405236590062800417e+01
-8.209999999999999432e+01,-5.403920166148999726e+01
-8.207999999999999829e+01,-5.402603742235199746e+01
-8.206000000000000227e+01,-5.401287318321400477e+01
-8.203999999999999204e+01,-5.399970894407599786e+01
-8.201999999999999602e+01,-5.398654470493799806e+01
-8.200000000000000000e+01,-5.397338046579999826e+01
-8.198000000000000398e+01,-5.396021622666200557e+01
-8.195999999999999375e+01,-5.394705198752399866e+01
-8.193999999999999773e+01,-5.393388774838599886e+01
-8.192000000000000171e+01,-5.392072350924799906e+01
-8.190000000000000568e+01,-5.390755927011000637e+01
-8.187999999999999545e+01,-5.389439503097199946e+01
-8.185999999999999943e+01,-5.388123079183399966e+01
-8.184000000000000341e+01,-5.386806655269599986e+01
-8.181999999999999318e+01,-5.385490231355799295e+01
-8.179999999999999716e+01,-5.384173807442000026e+01
-8.178000000000000114e+01,-5.382857383528200046e+01
-8.176000000000000512e+01,-5.381540959614400066e+01
-8.173999999999999488e+01,-5.380224535700599375e+01
-8.171999999999999886e+01,-5.378908111786800106e+01
-8.170000000000000284e+01,-5.377591687873000126e+01
-8.167999999999999261e+01,-5.376275263959199435e+01
-8.165999999999999659e+01,-5.374958840045400166e+01
-8.164000000000000057e+01,-5.373642416131600186e+01
-8.162000000000000455e+01,-5.372325992217800206e+01
-8.159999999999999432e+01,-5.371009568303999515e+01
-8.157999999999999829e+01,-5.369693144390200246e+01
-8.156000000000000227e+01,-5.368376720476400266e+01
-8.153999999999999204e+01,-5.367060296562599575e+01
-8.151999999999999602e+01,-5.365743872648799595e+01
-8.150000000000000000e+01,-5.364427448735000326e+01
-8.148000000000000398e+01,-5.363111024821200346e+01
-8.145999999999999375e+01,-5.361794600907399655e+01
-8.143999999999999773e+01,-5.360478176993599675e+01
-8.142000000000000171e+01,-5.359161753079800405e+01
-8.140000000000000568e+01,-5.357845329166000425e+01
-8.137999999999999545e+01,-5.356528905252199735e+01
-8.135999999999999943e+01,-5.355212481338399755e+01
-8.134000000000000341e+01,-5.353896057424600485e+01
-8.131999999999999318e+01,-5.352579633510799795e+01
-8.129999999999999716e+01,-5.351263209596999815e+01
-8.128000000000000114e+01,-5.349946785683199835e+01
-8.126000000000000512e+01,-5.348630361769400565e+01
-8.123999999999999488e+01,-5.347313937855599875e+01
-8.121999999999999886e+01,-5.345997513941799895e+01
-8.120000000000000284e+01,-5.344681090027999915e+01
-8.117999999999999261e+01,-5.343364666114199224e+01
-8.115999999999999659e+01,-5.342048242200399955e+01
-8.114000000000000057e+01,-5.340731818286599974e+01
-8.112000000000000455e+01,-5.339415394372799994e+01
-8.109999999999999432e+01,-5.338098970459000014e+01
-8.107999999999999829e+01,-5.336782546545200034e+01
-8.106000000000000227e+01,-5.335466122631400054e+01
-8.103999999999999204e+01,-5.334149698717599364e+01
-8.101999999999999602e+01,-5.332833274803800094e+01
-8.100000000000000000e+01,-5.331516850890000114e+01
-8.098000000000000398e+01,-5.330200426976200134e+01
-8.095999999999999375e+01,-5.328884003062399444e+01
-8.093999999999999773e+01,-5.327567579148600174e+01
-8.092000000000000171e+01,-5.326251155234800194e+01
-8.090000000000000568e+01,-5.324934731321000214e+01
-8.087999999999999545e+01,-5.323618307407199524e+01
-8.085999999999999943e+01,-5.322301883493400254e+01
-8.084000000000000341e+01,-5.320985459579600274e+01
-8.081999999999999318e+01,-5.319669035665799584e+01
-8.079999999999999716e+01,-5.318352611751999603e+01
-8.078000000000000114e+01,-5.317036187838200334e+01
-8.076000000000000512e+01,-5.315719763924400354e+01
-8.073999999999999488e+01,-5.314403340010599663e+01
-8.071999999999999886e+01,-5.313086916096799683e+01
-8.070000000000000284e+01,-5.311770492183000414e+01
-8.067999999999999261e+01,-5.310454068269199723e+01
-8.065999999999999659e+01,-5.309137644355399743e+01
-8.064000000000000057e+01,-5.307821220441599763e+01
-8.062000000000000455e+01,-5.306504796527800494e+01
-8.059999999999999432e+01,-5.305188372613999803e+01
-8.057999999999999829e+01,-5.303871948700199823e+01
-8.056000000000000227e+01,-5.302555524786399843e+01
-8.053999999999999204e+01,-5.301239100872599863e+01
-8.051999999999999602e+01,-5.299922676958799883e+01
-8.050000000000000000e+01,-5.298606253044999903e+01
-8.048000000000000398e+01,-5.297289829131200634e+01
-8.045999999999999375e+01,-5.295973405217399943e+01
-8.043999999999999773e+01,-5.294656981303599963e+01
-8.042000000000000171e+01,-5.293340557389799983e+01
-8.040000000000000568e+01,-5.292024133476000713e+01
-8.037999999999999545e+01,-5.290707709562200023e+01
-8.035999999999999943e+01,-5.289391285648400043e+01
-8.034000000000000341e+01,-5.288074861734600063e+01
-8.031999999999999318e+01,-5.286758437820799372e+01
-8.029999999999999716e+01,-5.285442013907000103e+01
-8.028000000000000114e+01,-5.284125589993200123e+01
-8.026000000000000512e+01,-5.282809166079400143e+01
-8.023999999999999488e+01,-5.281492742165599452e+01
-8.021999999999999886e+01,-5.280176318251800183e+01
-8.020000000000000284e+01,-5.278859894338000203e+01
-8.017999999999999261e+01,-5.277543470424199512e+01
-8.015999999999999659e+01,-5.276227046510399532e+01
-8.014000000000000057e+01,-5.274910622596600263e+01
-8.012000000000000455e+01,-5.273594198682800283e+01
-8.009999999999999432e+01,-5.272277774768999592e+01
-8.007999999999999829e+01,-5.270961350855199612e+01
-8.006000000000000227e+01,-5.269644926941400342e+01
-8.003999999999999204e+01,-5.268328503027599652e+01
-8.001999999999999602e+01,-5.267012079113799672e+01
-8.000000000000000000e+01,-5.265695655199999692e+01
-7.998000000000000398e+01,-5.264379231286200422e+01
-7.995999999999999375e+01,-5.263062807372399732e+01
-7.993999999999999773e+01,-5.261746383458599752e+01
-7.992000000000000171e+01,-5.260429959544800482e+01
-7.990000000000000568e+01,-5.259113535631000502e+01
-7.987999999999999545e+01,-5.257797111717199812e+01
-7.985999999999999943e+01,-5.256480687803399832e+01
-7.984000000000000341e+01,-5.255164263889600562e+01
-7.981999999999999318e+01,-5.253847839975799872e+01
-7.979999999999999716e+01,-5.252531416061999892e+01
-7.978000000000000114e+01,-5.251214992148199912e+01
-7.976000000000000512e+01,-5.249898568234400642e+01
-7.973999999999999488e+01,-5.248582144320599951e+01
-7.971999999999999886e+01,-5.247265720406799971e+01
-7.970000000000000284e+01,-5.245949296492999991e+01
-7.967999999999999261e+01,-5.244632872579199301e+01
-7.965999999999999659e+01,-5.243316448665400031e+01
-7.964000000000000057e+01,-5.242000024751600051e+01
-7.962000000000000455e+01,-5.240683600837800071e+01
-7.959999999999999432e+01,-5.239367176923999381e+01
-7.957999999999999829e+01,-5.238050753010200111e+01
-7.956000000000000227e+01,-5.236734329096400131e+01
-7.953999999999999204e+01,-5.235417905182599441e+01
-7.951999999999999602e+01,-5.234101481268799461e+01
-7.950000000000000000e+01,-5.232785057355000191e+01
-7.948000000000000398e+01,-5.231468633441200211e+01
-7.945999999999999375e+01,-5.230152209527399521e+01
-7.943999999999999773e+01,-5.228835785613600251e+01
-7.942000000000000171e+01,-5.227519361699800271e+01
-7.940000000000000568e+01,-5.226202937786000291e+01
-7.937999999999999545e+01,-5.224886513872199600e+01
-7.935999999999999943e+01,-5.223570089958400331e+01
-7.934000000000000341e+01,-5.222253666044600351e+01
-7.931999999999999318e+01,-5.220937242130799660e+01
-7.929999999999999716e+01,-5.219620818216999680e+01
-7.928000000000000114e+01,-5.218304394303200411e+01
-7.926000000000000512e+01,-5.216987970389400431e+01
-7.923999999999999488e+01,-5.215671546475599740e+01
-7.921999999999999886e+01,-5.214355122561799760e+01
-7.920000000000000284e+01,-5.213038698648000491e+01
-7.917999999999999261e+01,-5.211722274734199800e+01
-7.915999999999999659e+01,-5.210405850820399820e+01
-7.914000000000000057e+01,-5.209089426906599840e+01
-7.912000000000000455e+01,-5.207773002992800571e+01
-7.909999999999999432e+01,-5.206456579078999880e+01
-7.907999999999999829e+01,-5.205140155165199900e+01
-7.906000000000000227e+01,-5.203823731251399920e+01
-7.903999999999999204e+01,-5.202507307337599229e+01
-7.901999999999999602e+01,-5.201190883423799960e+01
-7.900000000000000000e+01,-5.199874459509999980e+01
-7.898000000000000398e+01,-5.198558035596200000e+01
-7.895999999999999375e+01,-5.197241611682399309e+01
-7.893999999999999773e+01,-5.195925187768600040e+01
-7.892000000000000171e+01,-5.194608763854800060e+01
-7.890000000000000568e+01,-5.193292339941000080e+01
-7.887999999999999545e+01,-5.191975916027200100e+01
-7.885999999999999943e+01,-5.190659492113400120e+01
-7.884000000000000341e+01,-5.189343068199600140e+01
-7.881999999999999318e+01,-5.188026644285799449e+01
-7.879999999999999716e+01,-5.186710220372000180e+01
-7.878000000000000114e+01,-5.185393796458200200e+01
-7.876000000000000512e+01,-5.184077372544400220e+01
-7.873999999999999488e+01,-5.182760948630599529e+01
-7.871999999999999886e+01,-5.181444524716800260e+01
-7.870000000000000284e+01,-5.180128100803000279e+01
-7.867999999999999261e+01,-5.178811676889199589e+01
-7.865999999999999659e+01,-5.177495252975399609e+01
-7.864000000000000057e+01,-5.176178829061600339e+01
-7.862000000000000455e+01,-5.174862405147800359e+01
-7.859999999999999432e+01,-5.173545981233999669e+01
-7.857999999999999829e+01,-5.172229557320199689e+01
-7.856000000000000227e+01,-5.170913133406400419e+01
-7.853999999999999204e+01,-5.169596709492599729e+01
-7.851999999999999602e+01,-5.168280285578799749e+01
-7.850000000000000000e+01,-5.166963861664999769e+01
-7.848000000000000398e+01,-5.165647437751200499e+01
-7.845999999999999375e+01,-5.164331013837399809e+01
-7.843999999999999773e+01,-5.163014589923599829e+01
-7.842000000000000171e+01,-5.161698166009799849e+01
-7.840000000000000568e+01,-5.160381742096000579e+01
-7.837999999999999545e+01,-5.159065318182199888e+01
-7.835999999999999943e+01,-5.157748894268399908e+01
-7.834000000000000341e+01,-5.156432470354599928e+01
-7.831999999999999318e+01,-5.155116046440799948e+01
-7.829999999999999716e+01,-5.153799622526999968e+01
-7.828000000000000114e+01,-5.152483198613199988e+01
-7.826000000000000512e+01,-5.151166774699400719e+01
-7.823999999999999488e+01,-5.149850350785600028e+01
-7.821999999999999886e+01,-5.148533926871800048e+01
-7.820000000000000284e+01,-5.147217502958000068e+01
-7.817999999999999261e+01,-5.145901079044199378e+01
-7.815999999999999659e+01,-5.144584655130400108e+01
-7.814000000000000057e+01,-5.143268231216600128e+01
-7.812000000000000455e+01,-5.141951807302800148e+01
-7.809999999999999432e+01,-5.140635383388999458e+01
-7.807999999999999829e+01,-5.139318959475200188e+01
-7.806000000000000227e+01,-5.138002535561400208e+01
-7.803999999999999204e+01,-5.136686111647599517e+01
-7.801999999999999602e+01,-5.135369687733799537e+01
-7.800000000000000000e+01,-5.134053263820000268e+01
-7.798000000000000398e+01,-5.132736839906200288e+01
-7.795999999999999375e+01,-5.131420415992399597e+01
-7.793999999999999773e+01,-5.130103992078599617e+01
-7.792000000000000171e+01,-5.128787568164800348e+01
-7.790000000000000568e+01,-5.127471144251000368e+01
-7.787999999999999545e+01,-5.126154720337199677e+01
-7.785999999999999943e+01,-5.124838296423399697e+01
-7.784000000000000341e+01,-5.123521872509600428e+01
-7.781999999999999318e+01,-5.122205448595799737e+01
-7.779999999999999716e+01,-5.120889024681999757e+01
-7.778000000000000114e+01,-5.119572600768199777e+01
-7.776000000000000512e+01,-5.118256176854400508e+01
-7.773999999999999488e+01,-5.116939752940599817e+01
-7.771999999999999886e+01,-5.115623329026799837e+01
-7.770000000000000284e+01,-5.114306905113000568e+01
-7.767999999999999261e+01,-5.112990481199199877e+01
-7.765999999999999659e+01,-5.111674057285399897e+01
-7.764000000000000057e+01,-5.110357633371599917e+01
-7.762000000000000455e+01,-5.109041209457800647e+01
-7.759999999999999432e+01,-5.107724785543999957e+01
-7.757999999999999829e+01,-5.106408361630199977e+01
-7.756000000000000227e+01,-5.105091937716399997e+01
-7.753999999999999204e+01,-5.103775513802599306e+01
-7.751999999999999602e+01,-5.102459089888800037e+01
-7.750000000000000000e+01,-5.101142665975000057e+01
-7.748000000000000398e+01,-5.099826242061200077e+01
-7.745999999999999375e+01,-5.098509818147399386e+01
-7.743999999999999773e+01,-5.097193394233600117e+01
-7.742000000000000171e+01,-5.095876970319800137e+01
-7.740000000000000568e+01,-5.094560546406000157e+01
-7.737999999999999545e+01,-5.093244122492199466e+01
-7.735999999999999943e+01,-5.091927698578400197e+01
-7.734000000000000341e+01,-5.090611274664600217e+01
-7.731999999999999318e+01,-5.089294850750799526e+01
-7.729999999999999716e+01,-5.087978426836999546e+01
-7.728000000000000114e+01,-5.086662002923200276e+01
-7.726000000000000512e+01,-5.085345579009400296e+01
-7.723999999999999488e+01,-5.084029155095599606e+01
-7.721999999999999886e+01,-5.082712731181799626e+01
-7.720000000000000284e+01,-5.081396307268000356e+01
-7.717999999999999261e+01,-5.080079883354199666e+01
-7.715999999999999659e+01,-5.078763459440399686e+01
-7.714000000000000057e+01,-5.077447035526600416e+01
-7.712000000000000455e+01,-5.076130611612800436e+01
-7.709999999999999432e+01,-5.074814187698999746e+01
-7.707999999999999829e+01,-5.073497763785199766e+01
-7.706000000000000227e+01,-5.072181339871400496e+01
-7.703999999999999204e+01,-5.070864915957599806e+01
-7.701999999999999602e+01,-5.069548492043799826e+01
-7.700000000000000000e+01,-5.068232068129999845e+01
-7.698000000000000398e+01,-5.066915644216200576e+01
-7.695999999999999375e+01,-5.065599220302399885e+01
-7.693999999999999773e+01,-5.064282796388599905e+01
-7.692000000000000171e+01,-5.062966372474799925e+01
-7.690000000000000568e+01,-5.061649948561000656e+01
-7.687999999999999545e+01,-5.060333524647199965e+01
-7.685999999999999943e+01,-5.059017100733399985e+01
-7.684000000000000341e+01,-5.057700676819600005e+01
-7.681999999999999318e+01,-5.056384252905799315e+01
-7.679999999999999716e+01,-5.055067828992000045e+01
-7.678000000000000114e+01,-5.053751405078200065e+01
-7.676000000000000512e+01,-5.052434981164400085e+01
-7.673999999999999488e+01,-5.051118557250599395e+01
-7.671999999999999886e+01,-5.049802133336800125e+01
-7.670000000000000284e+01,-5.048485709423000145e+01
-7.667999999999999261e+01,-5.047169285509199455e+01
-7.665999999999999659e+01,-5.045852861595399474e+01
-7.664000000000000057e+01,-5.044536437681600205e+01
-7.662000000000000455e+01,-5.043220013767800225e+01
-7.659999999999999432e+01,-5.041903589853999534e+01
-7.657999999999999829e+01,-5.040587165940200265e+01
-7.656000000000000227e+01,-5.039270742026400285e+01
-7.653999999999999204e+01,-5.037954318112599594e+01
-7.651999999999999602e+01,-5.036637894198799614e+01
-7.650000000000000000e+01,-5.035321470285000345e+01
-7.648000000000000398e+01,-5.034005046371200365e+01
-7.645999999999999375e+01,-5.032688622457399674e+01
-7.643999999999999773e+01,-5.031372198543599694e+01
-7.642000000000000171e+01,-5.030055774629800425e+01
-7.640000000000000568e+01,-5.028739350716000445e+01
-7.637999999999999545e+01,-5.027422926802199754e+01
-7.635999999999999943e+01,-5.026106502888399774e+01
-7.634000000000000341e+01,-5.024790078974600505e+01
-7.631999999999999318e+01,-5.023473655060799814e+01
-7.629999999999999716e+01,-5.022157231146999834e+01
-7.628000000000000114e+01,-5.020840807233199854e+01
-7.626000000000000512e+01,-5.019524383319400584e+01
-7.623999999999999488e+01,-5.018207959405599894e+01
-7.621999999999999886e+01,-5.016891535491799914e+01
-7.620000000000000284e+01,-5.015575111577999934e+01
-7.617999999999999261e+01,-5.014258687664199243e+01
-7.615999999999999659e+01,-5.012942263750399974e+01
-7.614000000000000057e+01,-5.011625839836599994e+01
-7.612000000000000455e+01,-5.010309415922800014e+01
-7.609999999999999432e+01,-5.008992992008999323e+01
-7.607999999999999829e+01,-5.007676568095200054e+01
-7.606000000000000227e+01,-5.006360144181400074e+01
-7.603999999999999204e+01,-5.005043720267599383e+01
-7.601999999999999602e+01,-5.003727296353800114e+01
-7.600000000000000000e+01,-5.002410872440000134e+01
-7.598000000000000398e+01,-5.001094448526200154e+01
-7.595999999999999375e+01,-4.999778024612399463e+01
-7.593999999999999773e+01,-4.998461600698600193e+01
-7.592000000000000171e+01,-4.997145176784800213e+01
-7.590000000000000568e+01,-4.995828752871000233e+01
-7.587999999999999545e+01,-4.994512328957199543e+01
-7.585999999999999943e+01,-4.993195905043400273e+01
-7.584000000000000341e+01,-4.991879481129600293e+01
-7.581999999999999318e+01,-4.990563057215799603e+01
-7.579999999999999716e+01,-4.989246633301999623e+01
-7.578000000000000114e+01,-4.987930209388200353e+01
-7.576000000000000512e+01,-4.986613785474400373e+01
-7.573999999999999488e+01,-4.985297361560599683e+01
-7.571999999999999886e+01,-4.983980937646799703e+01
-7.570000000000000284e+01,-4.982664513733000433e+01
-7.567999999999999261e+01,-4.981348089819199743e+01
-7.565999999999999659e+01,-4.980031665905399763e+01
-7.564000000000000057e+01,-4.978715241991599783e+01
-7.562000000000000455e+01,-4.977398818077800513e+01
-7.559999999999999432e+01,-4.976082394163999822e+01
-7.557999999999999829e+01,-4.974765970250199842e+01
-7.556000000000000227e+01,-4.973449546336399862e+01
-7.553999999999999204e+01,-4.972133122422599172e+01
-7.551999999999999602e+01,-4.970816698508799902e+01
-7.550000000000000000e+01,-4.969500274594999922e+01
-7.548000000000000398e+01,-4.968183850681200653e+01
-7.545999999999999375e+01,-4.966867426767399962e+01
-7.543999999999999773e+01,-4.965551002853599982e+01
-7.542000000000000171e+01,-4.964234578939800002e+01
-7.540000000000000568e+01,-4.962918155026000733e+01
-7.537999999999999545e+01,-4.961601731112200042e+01
-7.535999999999999943e+01,-4.960285307198400062e+01
-7.534000000000000341e+01,-4.958968883284600082e+01
-7.531999999999999318e+01,-4.957652459370799392e+01
-7.529999999999999716e+01,-4.956336035457000122e+01
-7.528000000000000114e+01,-4.955019611543200142e+01
-7.526000000000000512e+01,-4.953703187629400162e+01
-7.523999999999999488e+01,-4.952386763715599471e+01
-7.521999999999999886e+01,-4.951070339801800202e+01
-7.520000000000000284e+01,-4.949753915888000222e+01
-7.517999999999999261e+01,-4.948437491974199531e+01
-7.515999999999999659e+01,-4.947121068060399551e+01
-7.514000000000000057e+01,-4.945804644146600282e+01
-7.512000000000000455e+01,-4.944488220232800302e+01
-7.509999999999999432e+01,-4.943171796318999611e+01
-7.507999999999999829e+01,-4.941855372405199631e+01
-7.506000000000000227e+01,-4.940538948491400362e+01
-7.503999999999999204e+01,-4.939222524577599671e+01
-7.501999999999999602e+01,-4.937906100663799691e+01
-7.500000000000000000e+01,-4.936589676749999711e+01
-7.498000000000000398e+01,-4.935273252836200442e+01
-7.495999999999999375e+01,-4.933956828922399751e+01
-7.493999999999999773e+01,-4.932640405008599771e+01
-7.492000000000000171e+01,-4.931323981094800502e+01
-7.490000000000000568e+01,-4.930007557181000521e+01
-7.487999999999999545e+01,-4.928691133267199831e+01
-7.485999999999999943e+01,-4.927374709353399851e+01
-7.484000000000000341e+01,-4.926058285439600581e+01
-7.481999999999999318e+01,-4.924741861525799891e+01
-7.479999999999999716e+01,-4.923425437611999911e+01
-7.478000000000000114e+01,-4.922109013698199931e+01
-7.476000000000000512e+01,-4.920792589784400661e+01
-7.473999999999999488e+01,-4.919476165870599971e+01
-7.471999999999999886e+01,-4.918159741956799991e+01
-7.470000000000000284e+01,-4.916843318043000011e+01
-7.467999999999999261e+01,-4.915526894129199320e+01
-7.465999999999999659e+01,-4.914210470215400051e+01
-7.464000000000000057e+01,-4.912894046301600071e+01
-7.462000000000000455e+01,-4.911577622387800091e+01
-7.459999999999999432e+01,-4.910261198473999400e+01
-7.457999999999999829e+01,-4.908944774560200131e+01
-7.456000000000000227e+01,-4.907628350646400150e+01
-7.453999999999999204e+01,-4.906311926732599460e+01
-7.451999999999999602e+01,-4.904995502818799480e+01
-7.450000000000000000e+01,-4.903679078905000210e+01
-7.448000000000000398e+01,-4.902362654991200230e+01
-7.445999999999999375e+01,-4.901046231077399540e+01
-7.443999999999999773e+01,-4.899729807163599560e+01
-7.442000000000000171e+01,-4.898413383249800290e+01
-7.440000000000000568e+01,-4.897096959336000310e+01
-7.437999999999999545e+01,-4.895780535422199620e+01
-7.435999999999999943e+01,-4.894464111508400350e+01
-7.434000000000000341e+01,-4.893147687594600370e+01
-7.431999999999999318e+01,-4.891831263680799680e+01
-7.429999999999999716e+01,-4.890514839766999700e+01
-7.428000000000000114e+01,-4.889198415853200430e+01
-7.426000000000000512e+01,-4.887881991939400450e+01
-7.423999999999999488e+01,-4.886565568025599759e+01
-7.421999999999999886e+01,-4.885249144111799779e+01
-7.420000000000000284e+01,-4.883932720198000510e+01
-7.417999999999999261e+01,-4.882616296284199819e+01
-7.415999999999999659e+01,-4.881299872370399839e+01
-7.414000000000000057e+01,-4.879983448456599859e+01
-7.412000000000000455e+01,-4.878667024542800590e+01
-7.409999999999999432e+01,-4.877350600628999899e+01
-7.407999999999999829e+01,-4.876034176715199919e+01
-7.406000000000000227e+01,-4.874717752801399939e+01
-7.403999999999999204e+01,-4.873401328887599249e+01
-7.401999999999999602e+01,-4.872084904973799979e+01
-7.400000000000000000e+01,-4.870768481059999999e+01
-7.398000000000000398e+01,-4.869452057146200019e+01
-7.395999999999999375e+01,-4.868135633232399329e+01
-7.393999999999999773e+01,-4.866819209318600059e+01
-7.392000000000000171e+01,-4.865502785404800079e+01
-7.390000000000000568e+01,-4.864186361491000099e+01
-7.387999999999999545e+01,-4.862869937577199408e+01
-7.385999999999999943e+01,-4.861553513663400139e+01
-7.384000000000000341e+01,-4.860237089749600159e+01
-7.381999999999999318e+01,-4.858920665835799468e+01
-7.379999999999999716e+01,-4.857604241922000199e+01
-7.378000000000000114e+01,-4.856287818008200219e+01
-7.376000000000000512e+01,-4.854971394094400239e+01
-7.373999999999999488e+01,-4.853654970180599548e+01
-7.371999999999999886e+01,-4.852338546266800279e+01
-7.370000000000000284e+01,-4.851022122353000299e+01
-7.367999999999999261e+01,-4.849705698439199608e+01
-7.365999999999999659e+01,-4.848389274525399628e+01
-7.364000000000000057e+01,-4.847072850611600359e+01
-7.362000000000000455e+01,-4.845756426697800379e+01
-7.359999999999999432e+01,-4.844440002783999688e+01
-7.357999999999999829e+01,-4.843123578870199708e+01
-7.356000000000000227e+01,-4.841807154956400439e+01
-7.353999999999999204e+01,-4.840490731042599748e+01
-7.351999999999999602e+01,-4.839174307128799768e+01
-7.350000000000000000e+01,-4.837857883214999788e+01
-7.348000000000000398e+01,-4.836541459301200518e+01
-7.345999999999999375e+01,-4.835225035387399828e+01
-7.343999999999999773e+01,-4.833908611473599848e+01
-7.342000000000000171e+01,-4.832592187559799868e+01
-7.340000000000000568e+01,-4.831275763646000598e+01
-7.337999999999999545e+01,-4.829959339732199908e+01
-7.335999999999999943e+01,-4.828642915818399928e+01
-7.334000000000000341e+01,-4.827326491904599948e+01
-7.331999999999999318e+01,-4.826010067990799257e+01
-7.329999999999999716e+01,-4.824693644076999988e+01
-7.328000000000000114e+01,-4.823377220163200008e+01
-7.326000000000000512e+01,-4.822060796249400028e+01
-7.323999999999999488e+01,-4.820744372335600048e+01
-7.321999999999999886e+01,-4.819427948421800068e+01
-7.320000000000000284e+01,-4.818111524508000088e+01
-7.317999999999999261e+01,-4.816795100594199397e+01
-7.315999999999999659e+01,-4.815478676680400127e+01
-7.314000000000000057e+01,-4.814162252766600147e+01
-7.312000000000000455e+01,-4.812845828852800167e+01
-7.309999999999999432e+01,-4.811529404938999477e+01
-7.307999999999999829e+01,-4.810212981025200207e+01
-7.306000000000000227e+01,-4.808896557111400227e+01
-7.303999999999999204e+01,-4.807580133197599537e+01
-7.301999999999999602e+01,-4.806263709283799557e+01
-7.300000000000000000e+01,-4.804947285370000287e+01
-7.298000000000000398e+01,-4.803630861456200307e+01
-7.295999999999999375e+01,-4.802314437542399617e+01
-7.293999999999999773e+01,-4.800998013628599637e+01
-7.292000000000000171e+01,-4.799681589714800367e+01
-7.290000000000000568e+01,-4.798365165801000387e+01
-7.287999999999999545e+01,-4.797048741887199697e+01
-7.285999999999999943e+01,-4.795732317973399716e+01
-7.284000000000000341e+01,-4.794415894059600447e+01
-7.281999999999999318e+01,-4.793099470145799756e+01
-7.279999999999999716e+01,-4.791783046231999776e+01
-7.278000000000000114e+01,-4.790466622318199796e+01
-7.276000000000000512e+01,-4.789150198404400527e+01
-7.273999999999999488e+01,-4.787833774490599836e+01
-7.271999999999999886e+01,-4.786517350576799856e+01
-7.270000000000000284e+01,-4.785200926662999876e+01
-7.267999999999999261e+01,-4.783884502749199896e+01
-7.265999999999999659e+01,-4.782568078835399916e+01
-7.264000000000000057e+01,-4.781251654921599936e+01
-7.262000000000000455e+01,-4.779935231007800667e+01
-7.259999999999999432e+01,-4.778618807093999976e+01
-7.257999999999999829e+01,-4.777302383180199996e+01
-7.256000000000000227e+01,-4.775985959266400016e+01
-7.253999999999999204e+01,-4.774669535352599326e+01
-7.251999999999999602e+01,-4.773353111438800056e+01
-7.250000000000000000e+01,-4.772036687525000076e+01
-7.248000000000000398e+01,-4.770720263611200096e+01
-7.245999999999999375e+01,-4.769403839697399405e+01
-7.243999999999999773e+01,-4.768087415783600136e+01
-7.242000000000000171e+01,-4.766770991869800156e+01
-7.240000000000000568e+01,-4.765454567956000176e+01
-7.237999999999999545e+01,-4.764138144042199485e+01
-7.235999999999999943e+01,-4.762821720128400216e+01
-7.234000000000000341e+01,-4.761505296214600236e+01
-7.231999999999999318e+01,-4.760188872300799545e+01
-7.229999999999999716e+01,-4.758872448386999565e+01
-7.228000000000000114e+01,-4.757556024473200296e+01
-7.226000000000000512e+01,-4.756239600559400316e+01
-7.223999999999999488e+01,-4.754923176645599625e+01
-7.221999999999999886e+01,-4.753606752731799645e+01
-7.220000000000000284e+01,-4.752290328818000376e+01
-7.217999999999999261e+01,-4.750973904904199685e+01
-7.215999999999999659e+01,-4.749657480990399705e+01
-7.214000000000000057e+01,-4.748341057076599725e+01
-7.212000000000000455e+01,-4.747024633162800455e+01
-7.209999999999999432e+01,-4.745708209248999765e+01
-7.207999999999999829e+01,-4.744391785335199785e+01
-7.206000000000000227e+01,-4.743075361421400515e+01
-7.203999999999999204e+01,-4.741758937507599825e+01
-7.201999999999999602e+01,-4.740442513593799845e+01
-7.200000000000000000e+01,-4.739126089679999865e+01
-7.198000000000000398e+01,-4.737809665766200595e+01
-7.195999999999999375e+01,-4.736493241852399905e+01
-7.193999999999999773e+01,-4.735176817938599925e+01
-7.192000000000000171e+01,-4.733860394024799945e+01
-7.190000000000000568e+01,-4.732543970111000675e+01
-7.187999999999999545e+01,-4.731227546197199985e+01
-7.185999999999999943e+01,-4.729911122283400005e+01
-7.184000000000000341e+01,-4.728594698369600025e+01
-7.181999999999999318e+01,-4.727278274455799334e+01
-7.179999999999999716e+01,-4.725961850542000064e+01
-7.178000000000000114e+01,-4.724645426628200084e+01
-7.176000000000000512e+01,-4.723329002714400104e+01
-7.173999999999999488e+01,-4.722012578800599414e+01
-7.171999999999999886e+01,-4.720696154886800144e+01
-7.170000000000000284e+01,-4.719379730973000164e+01
-7.167999999999999261e+01,-4.718063307059199474e+01
-7.165999999999999659e+01,-4.716746883145399494e+01
-7.164000000000000057e+01,-4.715430459231600224e+01
-7.162000000000000455e+01,-4.714114035317800244e+01
-7.159999999999999432e+01,-4.712797611403999554e+01
-7.157999999999999829e+01,-4.711481187490200284e+01
-7.156000000000000227e+01,-4.710164763576400304e+01
-7.153999999999999204e+01,-4.708848339662599614e+01
-7.151999999999999602e+01,-4.707531915748799634e+01
-7.150000000000000000e+01,-4.706215491835000364e+01
-7.148000000000000398e+01,-4.704899067921200384e+01
-7.145999999999999375e+01,-4.703582644007399693e+01
-7.143999999999999773e+01,-4.702266220093599713e+01
-7.142000000000000171e+01,-4.700949796179800444e+01
-7.140000000000000568e+01,-4.699633372266000464e+01
-7.137999999999999545e+01,-4.698316948352199773e+01
-7.135999999999999943e+01,-4.697000524438399793e+01
-7.134000000000000341e+01,-4.695684100524600524e+01
-7.131999999999999318e+01,-4.694367676610799833e+01
-7.129999999999999716e+01,-4.693051252696999853e+01
-7.128000000000000114e+01,-4.691734828783199873e+01
-7.126000000000000512e+01,-4.690418404869400604e+01
-7.123999999999999488e+01,-4.689101980955599913e+01
-7.121999999999999886e+01,-4.687785557041799933e+01
-7.120000000000000284e+01,-4.686469133127999953e+01
-7.117999999999999261e+01,-4.685152709214199263e+01
-7.115999999999999659e+01,-4.683836285300399993e+01
-7.114000000000000057e+01,-4.682519861386600013e+01
-7.112000000000000455e+01,-4.681203437472800033e+01
-7.109999999999999432e+01,-4.679887013558999342e+01
-7.107999999999999829e+01,-4.678570589645200073e+01
-7.106000000000000227e+01,-4.677254165731400093e+01
-7.103999999999999204e+01,-4.675937741817599402e+01
-7.101999999999999602e+01,-4.674621317903800133e+01
-7.100000000000000000e+01,-4.673304893990000153e+01
-7.098000000000000398e+01,-4.671988470076200173e+01
-7.095999999999999375e+01,-4.670672046162399482e+01
-7.093999999999999773e+01,-4.669355622248600213e+01
-7.092000000000000171e+01,-4.668039198334800233e+01
-7.090000000000000568e+01,-4.666722774421000253e+01
-7.087999999999999545e+01,-4.665406350507199562e+01
-7.085999999999999943e+01,-4.664089926593400293e+01
-7.084000000000000341e+01,-4.662773502679600313e+01
-7.081999999999999318e+01,-4.661457078765799622e+01
-7.079999999999999716e+01,-4.660140654851999642e+01
-7.078000000000000114e+01,-4.658824230938200373e+01
-7.076000000000000512e+01,-4.657507807024400392e+01
-7.073999999999999488e+01,-4.656191383110599702e+01
-7.071999999999999886e+01,-4.654874959196799722e+01
-7.070000000000000284e+01,-4.653558535283000452e+01
-7.067999999999999261e+01,-4.652242111369199762e+01
-7.065999999999999659e+01,-4.650925687455399782e+01
-7.064000000000000057e+01,-4.649609263541599802e+01
-7.062000000000000455e+01,-4.648292839627800532e+01
-7.059999999999999432e+01,-4.646976415713999842e+01
-7.057999999999999829e+01,-4.645659991800199862e+01
-7.056000000000000227e+01,-4.644343567886399882e+01
-7.053999999999999204e+01,-4.643027143972599191e+01
-7.051999999999999602e+01,-4.641710720058799922e+01
-7.050000000000000000e+01,-4.640394296144999942e+01
-7.048000000000000398e+01,-4.639077872231199962e+01
-7.045999999999999375e+01,-4.637761448317399982e+01
-7.043999999999999773e+01,-4.636445024403600002e+01
-7.042000000000000171e+01,-4.635128600489800021e+01
-7.040000000000000568e+01,-4.633812176576000752e+01
-7.037999999999999545e+01,-4.632495752662200061e+01
-7.035999999999999943e+01,-4.631179328748400081e+01
-7.034000000000000341e+01,-4.629862904834600101e+01
-7.031999999999999318e+01,-4.628546480920799411e+01
-7.029999999999999716e+01,-4.627230057007000141e+01
-7.028000000000000114e+01,-4.625913633093200161e+01
-7.026000000000000512e+01,-4.624597209179400181e+01
-7.023999999999999488e+01,-4.623280785265599491e+01
-7.021999999999999886e+01,-4.621964361351800221e+01
-7.020000000000000284e+01,-4.620647937438000241e+01
-7.017999999999999261e+01,-4.619331513524199551e+01
-7.015999999999999659e+01,-4.618015089610399571e+01
-7.014000000000000057e+01,-4.616698665696600301e+01
-7.012000000000000455e+01,-4.615382241782800321e+01
-7.009999999999999432e+01,-4.614065817868999630e+01
-7.007999999999999829e+01,-4.612749393955199650e+01
-7.006000000000000227e+01,-4.611432970041400381e+01
-7.003999999999999204e+01,-4.610116546127599690e+01
-7.001999999999999602e+01,-4.608800122213799710e+01
-7.000000000000000000e+01,-4.607483698299999730e+01
-6.998000000000000398e+01,-4.606167274386200461e+01
-6.995999999999999375e+01,-4.604850850472399770e+01
-6.993999999999999773e+01,-4.603534426558599790e+01
-6.992000000000000171e+01,-4.602218002644799810e+01
-6.990000000000000568e+01,-4.600901578731000541e+01
-6.987999999999999545e+01,-4.599585154817199850e+01
-6.985999999999999943e+01,-4.598268730903399870e+01
-6.984000000000000341e+01,-4.596952306989600601e+01
-6.981999999999999318e+01,-4.595635883075799910e+01
-6.979999999999999716e+01,-4.594319459161999930e+01
-6.978000000000000114e+01,-4.593003035248199950e+01
-6.976000000000000512e+01,-4.591686611334400681e+01
-6.973999999999999488e+01,-4.590370187420599990e+01
-6.971999999999999886e+01,-4.589053763506800010e+01
-6.970000000000000284e+01,-4.587737339593000030e+01
-6.967999999999999261e+01,-4.586420915679199339e+01
-6.965999999999999659e+01,-4.585104491765400070e+01
-6.964000000000000057e+01,-4.583788067851600090e+01
-6.962000000000000455e+01,-4.582471643937800110e+01
-6.959999999999999432e+01,-4.581155220023999419e+01
-6.957999999999999829e+01,-4.579838796110200150e+01
-6.956000000000000227e+01,-4.578522372196400170e+01
-6.953999999999999204e+01,-4.577205948282599479e+01
-6.951999999999999602e+01,-4.575889524368799499e+01
-6.950000000000000000e+01,-4.574573100455000230e+01
-6.948000000000000398e+01,-4.573256676541200250e+01
-6.945999999999999375e+01,-4.571940252627399559e+01
-6.943999999999999773e+01,-4.570623828713599579e+01
-6.942000000000000171e+01,-4.569307404799800310e+01
-6.940000000000000568e+01,-4.567990980886000330e+01
-6.937999999999999545e+01,-4.566674556972199639e+01
-6.935999999999999943e+01,-4.565358133058399659e+01
-6.934000000000000341e+01,-4.564041709144600389e+01
-6.931999999999999318e+01,-4.562725285230799699e+01
-6.929999999999999716e+01,-4.561408861316999719e+01
-6.928000000000000114e+01,-4.560092437403200449e+01
-6.926000000000000512e+01,-4.558776013489400469e+01
-6.923999999999999488e+01,-4.557459589575599779e+01
-6.921999999999999886e+01,-4.556143165661799799e+01
-6.920000000000000284e+01,-4.554826741748000529e+01
-6.917999999999999261e+01,-4.553510317834199839e+01
-6.915999999999999659e+01,-4.552193893920399859e+01
-6.914000000000000057e+01,-4.550877470006599879e+01
-6.912000000000000455e+01,-4.549561046092800609e+01
-6.909999999999999432e+01,-4.548244622178999919e+01
-6.907999999999999829e+01,-4.546928198265199939e+01
-6.906000000000000227e+01,-4.545611774351399959e+01
-6.903999999999999204e+01,-4.544295350437599268e+01
-6.901999999999999602e+01,-4.542978926523799998e+01
-6.900000000000000000e+01,-4.541662502610000018e+01
-6.898000000000000398e+01,-4.540346078696200038e+01
-6.895999999999999375e+01,-4.539029654782399348e+01
-6.893999999999999773e+01,-4.537713230868600078e+01
-6.892000000000000171e+01,-4.536396806954800098e+01
-6.890000000000000568e+01,-4.535080383041000118e+01
-6.887999999999999545e+01,-4.533763959127199428e+01
-6.885999999999999943e+01,-4.532447535213400158e+01
-6.884000000000000341e+01,-4.531131111299600178e+01
-6.881999999999999318e+01,-4.529814687385799488e+01
-6.879999999999999716e+01,-4.528498263471999508e+01
-6.878000000000000114e+01,-4.527181839558200238e+01
-6.876000000000000512e+01,-4.525865415644400258e+01
-6.873999999999999488e+01,-4.524548991730599568e+01
-6.871999999999999886e+01,-4.523232567816800298e+01
-6.870000000000000284e+01,-4.521916143903000318e+01
-6.867999999999999261e+01,-4.520599719989199627e+01
-6.865999999999999659e+01,-4.519283296075399647e+01
-6.864000000000000057e+01,-4.517966872161600378e+01
-6.862000000000000455e+01,-4.516650448247800398e+01
-6.859999999999999432e+01,-4.515334024333999707e+01
-6.857999999999999829e+01,-4.514017600420199727e+01
-6.856000000000000227e+01,-4.512701176506400458e+01
-6.853999999999999204e+01,-4.511384752592599767e+01
-6.851999999999999602e+01,-4.510068328678799787e+01
-6.850000000000000000e+01,-4.508751904764999807e+01
-6.848000000000000398e+01,-4.507435480851200538e+01
-6.845999999999999375e+01,-4.506119056937399847e+01
-6.843999999999999773e+01,-4.504802633023599867e+01
-6.842000000000000171e+01,-4.503486209109799887e+01
-6.840000000000000568e+01,-4.502169785196000618e+01
-6.837999999999999545e+01,-4.500853361282199927e+01
-6.835999999999999943e+01,-4.499536937368399947e+01
-6.834000000000000341e+01,-4.498220513454599967e+01
-6.831999999999999318e+01,-4.496904089540799276e+01
-6.829999999999999716e+01,-4.495587665627000007e+01
-6.828000000000000114e+01,-4.494271241713200027e+01
-6.826000000000000512e+01,-4.492954817799400047e+01
-6.823999999999999488e+01,-4.491638393885599356e+01
-6.821999999999999886e+01,-4.490321969971800087e+01
-6.820000000000000284e+01,-4.489005546058000107e+01
-6.817999999999999261e+01,-4.487689122144199416e+01
-6.815999999999999659e+01,-4.486372698230400147e+01
-6.814000000000000057e+01,-4.485056274316600167e+01
-6.812000000000000455e+01,-4.483739850402800187e+01
-6.809999999999999432e+01,-4.482423426488999496e+01
-6.807999999999999829e+01,-4.481107002575200227e+01
-6.806000000000000227e+01,-4.479790578661400247e+01
-6.803999999999999204e+01,-4.478474154747599556e+01
-6.801999999999999602e+01,-4.477157730833799576e+01
-6.800000000000000000e+01,-4.475841306920000306e+01
-6.798000000000000398e+01,-4.474524883006200326e+01
-6.795999999999999375e+01,-4.473208459092399636e+01
-6.793999999999999773e+01,-4.471892035178599656e+01
-6.792000000000000171e+01,-4.470575611264800386e+01
-6.790000000000000568e+01,-4.469259187351000406e+01
-6.787999999999999545e+01,-4.467942763437199716e+01
-6.785999999999999943e+01,-4.466626339523399736e+01
-6.784000000000000341e+01,-4.465309915609600466e+01
-6.781999999999999318e+01,-4.463993491695799776e+01
-6.779999999999999716e+01,-4.462677067781999796e+01
-6.778000000000000114e+01,-4.461360643868199816e+01
-6.776000000000000512e+01,-4.460044219954400546e+01
-6.773999999999999488e+01,-4.458727796040599856e+01
-6.771999999999999886e+01,-4.457411372126799876e+01
-6.770000000000000284e+01,-4.456094948212999896e+01
-6.767999999999999261e+01,-4.454778524299199205e+01
-6.765999999999999659e+01,-4.453462100385399935e+01
-6.764000000000000057e+01,-4.452145676471599955e+01
-6.762000000000000455e+01,-4.450829252557800686e+01
-6.759999999999999432e+01,-4.449512828643999995e+01
-6.757999999999999829e+01,-4.448196404730200015e+01
-6.756000000000000227e+01,-4.446879980816400035e+01
-6.753999999999999204e+01,-4.445563556902599345e+01
-6.751999999999999602e+01,-4.444247132988800075e+01
-6.750000000000000000e+01,-4.442930709075000095e+01
-6.748000000000000398e+01,-4.441614285161200115e+01
-6.745999999999999375e+01,-4.440297861247399425e+01
-6.743999999999999773e+01,-4.438981437333600155e+01
-6.742000000000000171e+01,-4.437665013419800175e+01
-6.740000000000000568e+01,-4.436348589506000195e+01
-6.737999999999999545e+01,-4.435032165592199505e+01
-6.735999999999999943e+01,-4.433715741678400235e+01
-6.734000000000000341e+01,-4.432399317764600255e+01
-6.731999999999999318e+01,-4.431082893850799564e+01
-6.729999999999999716e+01,-4.429766469936999584e+01
-6.728000000000000114e+01,-4.428450046023200315e+01
-6.726000000000000512e+01,-4.427133622109400335e+01
-6.723999999999999488e+01,-4.425817198195599644e+01
-6.721999999999999886e+01,-4.424500774281799664e+01
-6.720000000000000284e+01,-4.423184350368000395e+01
-6.717999999999999261e+01,-4.421867926454199704e+01
-6.715999999999999659e+01,-4.420551502540399724e+01
-6.714000000000000057e+01,-4.419235078626599744e+01
-6.712000000000000455e+01,-4.417918654712800475e+01
-6.709999999999999432e+01,-4.416602230798999784e+01
-6.707999999999999829e+01,-4.415285806885199804e+01
-6.706000000000000227e+01,-4.413969382971400535e+01
-6.703999999999999204e+01,-4.412652959057599844e+01
-6.701999999999999602e+01,-4.411336535143799864e+01
-6.700000000000000000e+01,-4.410020111229999884e+01
-6.698000000000000398e+01,-4.408703687316200615e+01
-6.695999999999999375e+01,-4.407387263402399924e+01
-6.693999999999999773e+01,-4.406070839488599944e+01
-6.692000000000000171e+01,-4.404754415574799964e+01
-6.690000000000000568e+01,-4.403437991661000694e+01
-6.687999999999999545e+01,-4.402121567747200004e+01
-6.685999999999999943e+01,-4.400805143833400024e+01
-6.684000000000000341e+01,-4.399488719919600044e+01
-6.681999999999999318e+01,-4.398172296005799353e+01
-6.679999999999999716e+01,-4.396855872092000084e+01
-6.678000000000000114e+01,-4.395539448178200104e+01
-6.676000000000000512e+01,-4.394223024264400124e+01
-6.673999999999999488e+01,-4.392906600350599433e+01
-6.671999999999999886e+01,-4.391590176436800164e+01
-6.670000000000000284e+01,-4.390273752523000184e+01
-6.667999999999999261e+01,-4.388957328609199493e+01
-6.665999999999999659e+01,-4.387640904695399513e+01
-6.664000000000000057e+01,-4.386324480781600244e+01
-6.662000000000000455e+01,-4.385008056867800263e+01
-6.659999999999999432e+01,-4.383691632953999573e+01
-6.657999999999999829e+01,-4.382375209040199593e+01
-6.656000000000000227e+01,-4.381058785126400323e+01
-6.653999999999999204e+01,-4.379742361212599633e+01
-6.651999999999999602e+01,-4.378425937298799653e+01
-6.650000000000000000e+01,-4.377109513385000383e+01
-6.648000000000000398e+01,-4.375793089471200403e+01
-6.645999999999999375e+01,-4.374476665557399713e+01
-6.643999999999999773e+01,-4.373160241643599733e+01
-6.642000000000000171e+01,-4.371843817729800463e+01
-6.640000000000000568e+01,-4.370527393816000483e+01
-6.637999999999999545e+01,-4.369210969902199793e+01
-6.635999999999999943e+01,-4.367894545988399813e+01
-6.634000000000000341e+01,-4.366578122074600543e+01
-6.631999999999999318e+01,-4.365261698160799853e+01
-6.629999999999999716e+01,-4.363945274246999873e+01
-6.628000000000000114e+01,-4.362628850333199892e+01
-6.626000000000000512e+01,-4.361312426419400623e+01
-6.623999999999999488e+01,-4.359996002505599932e+01
-6.621999999999999886e+01,-4.358679578591799952e+01
-6.620000000000000284e+01,-4.357363154677999972e+01
-6.617999999999999261e+01,-4.356046730764199282e+01
-6.615999999999999659e+01,-4.354730306850400012e+01
-6.614000000000000057e+01,-4.353413882936600032e+01
-6.612000000000000455e+01,-4.352097459022800052e+01
-6.609999999999999432e+01,-4.350781035108999362e+01
-6.607999999999999829e+01,-4.349464611195200092e+01
-6.606000000000000227e+01,-4.348148187281400112e+01
-6.603999999999999204e+01,-4.346831763367599422e+01
-6.601999999999999602e+01,-4.345515339453799442e+01
-6.600000000000000000e+01,-4.344198915540000172e+01
-6.598000000000000398e+01,-4.342882491626200192e+01
-6.595999999999999375e+01,-4.341566067712399501e+01
-6.593999999999999773e+01,-4.340249643798600232e+01
-6.592000000000000171e+01,-4.338933219884800252e+01
-6.590000000000000568e+01,-4.337616795971000272e+01
-6.587999999999999545e+01,-4.336300372057199581e+01
-6.585999999999999943e+01,-4.334983948143400312e+01
-6.584000000000000341e+01,-4.333667524229600332e+01
-6.581999999999999318e+01,-4.332351100315799641e+01
-6.579999999999999716e+01,-4.331034676401999661e+01
-6.578000000000000114e+01,-4.329718252488200392e+01
-6.576000000000000512e+01,-4.328401828574400412e+01
-6.573999999999999488e+01,-4.327085404660599721e+01
-6.571999999999999886e+01,-4.325768980746799741e+01
-6.570000000000000284e+01,-4.324452556833000472e+01
-6.567999999999999261e+01,-4.323136132919199781e+01
-6.565999999999999659e+01,-4.321819709005399801e+01
-6.564000000000000057e+01,-4.320503285091599821e+01
-6.562000000000000455e+01,-4.319186861177800552e+01
-6.559999999999999432e+01,-4.317870437263999861e+01
-6.557999999999999829e+01,-4.316554013350199881e+01
-6.556000000000000227e+01,-4.315237589436399901e+01
-6.553999999999999204e+01,-4.313921165522599210e+01
-6.551999999999999602e+01,-4.312604741608799941e+01
-6.550000000000000000e+01,-4.311288317694999961e+01
-6.548000000000000398e+01,-4.309971893781199981e+01
-6.545999999999999375e+01,-4.308655469867399290e+01
-6.543999999999999773e+01,-4.307339045953600021e+01
-6.542000000000000171e+01,-4.306022622039800041e+01
-6.540000000000000568e+01,-4.304706198126000061e+01
-6.537999999999999545e+01,-4.303389774212200081e+01
-6.535999999999999943e+01,-4.302073350298400101e+01
-6.534000000000000341e+01,-4.300756926384600121e+01
-6.531999999999999318e+01,-4.299440502470799430e+01
-6.529999999999999716e+01,-4.298124078557000161e+01
-6.528000000000000114e+01,-4.296807654643200181e+01
-6.526000000000000512e+01,-4.295491230729400201e+01
-6.523999999999999488e+01,-4.294174806815599510e+01
-6.521999999999999886e+01,-4.292858382901800240e+01
-6.520000000000000284e+01,-4.291541958988000260e+01
-6.517999999999999261e+01,-4.290225535074199570e+01
-6.515999999999999659e+01,-4.288909111160399590e+01
-6.514000000000000057e+01,-4.287592687246600320e+01
-6.512000000000000455e+01,-4.286276263332800340e+01
-6.509999999999999432e+01,-4.284959839418999650e+01
-6.507999999999999829e+01,-4.283643415505199670e+01
-6.506000000000000227e+01,-4.282326991591400400e+01
-6.503999999999999204e+01,-4.281010567677599710e+01
-6.501999999999999602e+01,-4.279694143763799730e+01
-6.500000000000000000e+01,-4.278377719849999750e+01
-6.498000000000000398e+01,-4.277061295936200480e+01
-6.495999999999999375e+01,-4.275744872022399790e+01
-6.493999999999999773e+01,-4.274428448108599810e+01
-6.492000000000000171e+01,-4.273112024194799830e+01
-6.490000000000000568e+01,-4.271795600281000560e+01
-6.487999999999999545e+01,-4.270479176367199869e+01
-6.485999999999999943e+01,-4.269162752453399889e+01
-6.484000000000000341e+01,-4.267846328539599909e+01
-6.481999999999999318e+01,-4.266529904625799929e+01
-6.479999999999999716e+01,-4.265213480711999949e+01
-6.478000000000000114e+01,-4.263897056798199969e+01
-6.476000000000000512e+01,-4.262580632884400700e+01
-6.473999999999999488e+01,-4.261264208970600009e+01
-6.471999999999999886e+01,-4.259947785056800029e+01
-6.470000000000000284e+01,-4.258631361143000049e+01
-6.467999999999999261e+01,-4.257314937229199359e+01
-6.465999999999999659e+01,-4.255998513315400089e+01
-6.464000000000000057e+01,-4.254682089401600109e+01
-6.462000000000000455e+01,-4.253365665487800129e+01
-6.459999999999999432e+01,-4.252049241573999439e+01
-6.457999999999999829e+01,-4.250732817660200169e+01
-6.456000000000000227e+01,-4.249416393746400189e+01
-6.453999999999999204e+01,-4.248099969832599498e+01
-6.451999999999999602e+01,-4.246783545918799518e+01
-6.450000000000000000e+01,-4.245467122005000249e+01
-6.448000000000000398e+01,-4.244150698091200269e+01
-6.445999999999999375e+01,-4.242834274177399578e+01
-6.443999999999999773e+01,-4.241517850263599598e+01
-6.442000000000000171e+01,-4.240201426349800329e+01
-6.440000000000000568e+01,-4.238885002436000349e+01
-6.437999999999999545e+01,-4.237568578522199658e+01
-6.435999999999999943e+01,-4.236252154608399678e+01
-6.434000000000000341e+01,-4.234935730694600409e+01
-6.431999999999999318e+01,-4.233619306780799718e+01
-6.429999999999999716e+01,-4.232302882866999738e+01
-6.428000000000000114e+01,-4.230986458953199758e+01
-6.426000000000000512e+01,-4.229670035039400489e+01
-6.423999999999999488e+01,-4.228353611125599798e+01
-6.421999999999999886e+01,-4.227037187211799818e+01
-6.420000000000000284e+01,-4.225720763298000549e+01
-6.417999999999999261e+01,-4.224404339384199858e+01
-6.415999999999999659e+01,-4.223087915470399878e+01
-6.414000000000000057e+01,-4.221771491556599898e+01
-6.412000000000000455e+01,-4.220455067642800628e+01
-6.409999999999999432e+01,-4.219138643728999938e+01
-6.407999999999999829e+01,-4.217822219815199958e+01
-6.406000000000000227e+01,-4.216505795901399978e+01
-6.403999999999999204e+01,-4.215189371987599287e+01
-6.401999999999999602e+01,-4.213872948073800018e+01
-6.400000000000000000e+01,-4.212556524160000038e+01
-6.397999999999999687e+01,-4.211240100246200058e+01
-6.396000000000000085e+01,-4.209923676332400078e+01
-6.393999999999999773e+01,-4.208607252418600098e+01
-6.392000000000000171e+01,-4.207290828504800118e+01
-6.389999999999999858e+01,-4.205974404591000138e+01
-6.387999999999999545e+01,-4.204657980677199447e+01
-6.385999999999999943e+01,-4.203341556763400177e+01
-6.383999999999999631e+01,-4.202025132849599487e+01
-6.382000000000000028e+01,-4.200708708935800217e+01
-6.379999999999999716e+01,-4.199392285021999527e+01
-6.378000000000000114e+01,-4.198075861108200257e+01
-6.375999999999999801e+01,-4.196759437194399567e+01
-6.374000000000000199e+01,-4.195443013280600297e+01
-6.371999999999999886e+01,-4.194126589366800317e+01
-6.369999999999999574e+01,-4.192810165452999627e+01
-6.367999999999999972e+01,-4.191493741539200357e+01
-6.365999999999999659e+01,-4.190177317625399667e+01
-6.364000000000000057e+01,-4.188860893711600397e+01
-6.361999999999999744e+01,-4.187544469797799707e+01
-6.360000000000000142e+01,-4.186228045884000437e+01
-6.357999999999999829e+01,-4.184911621970199747e+01
-6.355999999999999517e+01,-4.183595198056399767e+01
-6.353999999999999915e+01,-4.182278774142599787e+01
-6.351999999999999602e+01,-4.180962350228799806e+01
-6.350000000000000000e+01,-4.179645926314999826e+01
-6.347999999999999687e+01,-4.178329502401199846e+01
-6.346000000000000085e+01,-4.177013078487399866e+01
-6.343999999999999773e+01,-4.175696654573599886e+01
-6.342000000000000171e+01,-4.174380230659799906e+01
-6.339999999999999858e+01,-4.173063806745999926e+01
-6.337999999999999545e+01,-4.171747382832199946e+01
-6.335999999999999943e+01,-4.170430958918399966e+01
-6.333999999999999631e+01,-4.169114535004599986e+01
-6.332000000000000028e+01,-4.167798111090800006e+01
-6.329999999999999716e+01,-4.166481687177000026e+01
-6.328000000000000114e+01,-4.165165263263200046e+01
-6.325999999999999801e+01,-4.163848839349400066e+01
-6.324000000000000199e+01,-4.162532415435600086e+01
-6.321999999999999886e+01,-4.161215991521800106e+01
-6.319999999999999574e+01,-4.159899567607999415e+01
-6.317999999999999972e+01,-4.158583143694200146e+01
-6.315999999999999659e+01,-4.157266719780400166e+01
-6.314000000000000057e+01,-4.155950295866600186e+01
-6.311999999999999744e+01,-4.154633871952800206e+01
-6.310000000000000142e+01,-4.153317448039000226e+01
-6.307999999999999829e+01,-4.152001024125200246e+01
-6.305999999999999517e+01,-4.150684600211399555e+01
-6.303999999999999915e+01,-4.149368176297600286e+01
-6.301999999999999602e+01,-4.148051752383799595e+01
-6.300000000000000000e+01,-4.146735328470000326e+01
-6.297999999999999687e+01,-4.145418904556199635e+01
-6.296000000000000085e+01,-4.144102480642400366e+01
-6.293999999999999773e+01,-4.142786056728599675e+01
-6.292000000000000171e+01,-4.141469632814800406e+01
-6.289999999999999858e+01,-4.140153208900999715e+01
-6.287999999999999545e+01,-4.138836784987199735e+01
-6.285999999999999943e+01,-4.137520361073399755e+01
-6.283999999999999631e+01,-4.136203937159599775e+01
-6.282000000000000028e+01,-4.134887513245799795e+01
-6.279999999999999716e+01,-4.133571089331999815e+01
-6.278000000000000114e+01,-4.132254665418199835e+01
-6.275999999999999801e+01,-4.130938241504399855e+01
-6.274000000000000199e+01,-4.129621817590599875e+01
-6.271999999999999886e+01,-4.128305393676799895e+01
-6.269999999999999574e+01,-4.126988969762999915e+01
-6.267999999999999972e+01,-4.125672545849199935e+01
-6.265999999999999659e+01,-4.124356121935399955e+01
-6.264000000000000057e+01,-4.123039698021599975e+01
-6.261999999999999744e+01,-4.121723274107799995e+01
-6.260000000000000142e+01,-4.120406850194000015e+01
-6.257999999999999829e+01,-4.119090426280200035e+01
-6.255999999999999517e+01,-4.117774002366400055e+01
-6.253999999999999915e+01,-4.116457578452600075e+01
-6.251999999999999602e+01,-4.115141154538800095e+01
-6.250000000000000000e+01,-4.113824730625000115e+01
-6.247999999999999687e+01,-4.112508306711200134e+01
-6.246000000000000085e+01,-4.111191882797400154e+01
-6.243999999999999773e+01,-4.109875458883600174e+01
-6.242000000000000171e+01,-4.108559034969800194e+01
-6.239999999999999858e+01,-4.107242611056000214e+01
-6.237999999999999545e+01,-4.105926187142199524e+01
-6.235999999999999943e+01,-4.104609763228400254e+01
-6.233999999999999631e+01,-4.103293339314599564e+01
-6.232000000000000028e+01,-4.101976915400800294e+01
-6.229999999999999716e+01,-4.100660491486999604e+01
-6.228000000000000114e+01,-4.099344067573200334e+01
-6.225999999999999801e+01,-4.098027643659399644e+01
-6.224000000000000199e+01,-4.096711219745600374e+01
-6.221999999999999886e+01,-4.095394795831799684e+01
-6.219999999999999574e+01,-4.094078371917999704e+01
-6.217999999999999972e+01,-4.092761948004199724e+01
-6.215999999999999659e+01,-4.091445524090399743e+01
-6.214000000000000057e+01,-4.090129100176599763e+01
-6.211999999999999744e+01,-4.088812676262799783e+01
-6.210000000000000142e+01,-4.087496252348999803e+01
-6.207999999999999829e+01,-4.086179828435199823e+01
-6.205999999999999517e+01,-4.084863404521399843e+01
-6.203999999999999915e+01,-4.083546980607599863e+01
-6.201999999999999602e+01,-4.082230556693799883e+01
-6.200000000000000000e+01,-4.080914132779999903e+01
-6.197999999999999687e+01,-4.079597708866199923e+01
-6.196000000000000085e+01,-4.078281284952399943e+01
-6.193999999999999773e+01,-4.076964861038599963e+01
-6.192000000000000171e+01,-4.075648437124799983e+01
-6.189999999999999858e+01,-4.074332013211000003e+01
-6.187999999999999545e+01,-4.073015589297200023e+01
-6.185999999999999943e+01,-4.071699165383400043e+01
-6.183999999999999631e+01,-4.070382741469600063e+01
-6.182000000000000028e+01,-4.069066317555800083e+01
-6.179999999999999716e+01,-4.067749893642000103e+01
-6.178000000000000114e+01,-4.066433469728200123e+01
-6.175999999999999801e+01,-4.065117045814400143e+01
-6.174000000000000199e+01,-4.063800621900600163e+01
-6.171999999999999886e+01,-4.062484197986800183e+01
-6.169999999999999574e+01,-4.061167774072999492e+01
-6.167999999999999972e+01,-4.059851350159200223e+01
-6.165999999999999659e+01,-4.058534926245399532e+01
-6.164000000000000057e+01,-4.057218502331600263e+01
-6.161999999999999744e+01,-4.055902078417799572e+01
-6.160000000000000142e+01,-4.054585654504000303e+01
-6.157999999999999829e+01,-4.053269230590199612e+01
-6.155999999999999517e+01,-4.051952806676399632e+01
-6.153999999999999915e+01,-4.050636382762599652e+01
-6.151999999999999602e+01,-4.049319958848799672e+01
-6.150000000000000000e+01,-4.048003534934999692e+01
-6.147999999999999687e+01,-4.046687111021199712e+01
-6.146000000000000085e+01,-4.045370687107400443e+01
-6.143999999999999773e+01,-4.044054263193599752e+01
-6.142000000000000171e+01,-4.042737839279800482e+01
-6.139999999999999858e+01,-4.041421415365999792e+01
-6.137999999999999545e+01,-4.040104991452199812e+01
-6.135999999999999943e+01,-4.038788567538399832e+01
-6.133999999999999631e+01,-4.037472143624599852e+01
-6.132000000000000028e+01,-4.036155719710799872e+01
-6.129999999999999716e+01,-4.034839295796999892e+01
-6.128000000000000114e+01,-4.033522871883199912e+01
-6.125999999999999801e+01,-4.032206447969399932e+01
-6.124000000000000199e+01,-4.030890024055599952e+01
-6.121999999999999886e+01,-4.029573600141799972e+01
-6.119999999999999574e+01,-4.028257176227999992e+01
-6.117999999999999972e+01,-4.026940752314200012e+01
-6.115999999999999659e+01,-4.025624328400400032e+01
-6.114000000000000057e+01,-4.024307904486600052e+01
-6.111999999999999744e+01,-4.022991480572800072e+01
-6.110000000000000142e+01,-4.021675056659000091e+01
-6.107999999999999829e+01,-4.020358632745200111e+01
-6.105999999999999517e+01,-4.019042208831399421e+01
-6.103999999999999915e+01,-4.017725784917600151e+01
-6.101999999999999602e+01,-4.016409361003799461e+01
-6.100000000000000000e+01,-4.015092937090000191e+01
-6.097999999999999687e+01,-4.013776513176199501e+01
-6.096000000000000085e+01,-4.012460089262400231e+01
-6.093999999999999773e+01,-4.011143665348599541e+01
-6.092000000000000171e+01,-4.009827241434800271e+01
-6.089999999999999858e+01,-4.008510817521000291e+01
-6.087999999999999545e+01,-4.007194393607199601e+01
-6.085999999999999943e+01,-4.005877969693400331e+01
-6.083999999999999631e+01,-4.004561545779599641e+01
-6.082000000000000028e+01,-4.003245121865800371e+01
-6.079999999999999716e+01,-4.001928697951999681e+01
-6.078000000000000114e+01,-4.000612274038200411e+01
-6.075999999999999801e+01,-3.999295850124399720e+01
-6.074000000000000199e+01,-3.997979426210600451e+01
-6.071999999999999886e+01,-3.996663002296799760e+01
-6.069999999999999574e+01,-3.995346578382999780e+01
-6.067999999999999972e+01,-3.994030154469199800e+01
-6.065999999999999659e+01,-3.992713730555399820e+01
-6.064000000000000057e+01,-3.991397306641599840e+01
-6.061999999999999744e+01,-3.990080882727799860e+01
-6.060000000000000142e+01,-3.988764458813999880e+01
-6.057999999999999829e+01,-3.987448034900199900e+01
-6.055999999999999517e+01,-3.986131610986399920e+01
-6.053999999999999915e+01,-3.984815187072599940e+01
-6.051999999999999602e+01,-3.983498763158799960e+01
-6.050000000000000000e+01,-3.982182339244999980e+01
-6.047999999999999687e+01,-3.980865915331200000e+01
-6.046000000000000085e+01,-3.979549491417400020e+01
-6.043999999999999773e+01,-3.978233067503600040e+01
-6.042000000000000171e+01,-3.976916643589800060e+01
-6.039999999999999858e+01,-3.975600219676000080e+01
-6.037999999999999545e+01,-3.974283795762199389e+01
-6.035999999999999943e+01,-3.972967371848400120e+01
-6.033999999999999631e+01,-3.971650947934600140e+01
-6.032000000000000028e+01,-3.970334524020800160e+01
-6.029999999999999716e+01,-3.969018100107000180e+01
-6.028000000000000114e+01,-3.967701676193200200e+01
-6.025999999999999801e+01,-3.966385252279400220e+01
-6.024000000000000199e+01,-3.965068828365600240e+01
-6.021999999999999886e+01,-3.963752404451800260e+01
-6.019999999999999574e+01,-3.962435980537999569e+01
-6.017999999999999972e+01,-3.961119556624200300e+01
-6.015999999999999659e+01,-3.959803132710399609e+01
-6.014000000000000057e+01,-3.958486708796600340e+01
-6.011999999999999744e+01,-3.957170284882799649e+01
-6.010000000000000142e+01,-3.955853860969000380e+01
-6.007999999999999829e+01,-3.954537437055199689e+01
-6.005999999999999517e+01,-3.953221013141399709e+01
-6.003999999999999915e+01,-3.951904589227599729e+01
-6.001999999999999602e+01,-3.950588165313799749e+01
-6.000000000000000000e+01,-3.949271741399999769e+01
-5.997999999999999687e+01,-3.947955317486199789e+01
-5.996000000000000085e+01,-3.946638893572399809e+01
-5.993999999999999773e+01,-3.945322469658599829e+01
-5.992000000000000171e+01,-3.944006045744799849e+01
-5.989999999999999858e+01,-3.942689621830999869e+01
-5.987999999999999545e+01,-3.941373197917199889e+01
-5.985999999999999943e+01,-3.940056774003399909e+01
-5.983999999999999631e+01,-3.938740350089599929e+01
-5.982000000000000028e+01,-3.937423926175799949e+01
-5.979999999999999716e+01,-3.936107502261999969e+01
-5.978000000000000114e+01,-3.934791078348199989e+01
-5.975999999999999801e+01,-3.933474654434400009e+01
-5.974000000000000199e+01,-3.932158230520600029e+01
-5.971999999999999886e+01,-3.930841806606800048e+01
-5.969999999999999574e+01,-3.929525382693000068e+01
-5.967999999999999972e+01,-3.928208958779200088e+01
-5.965999999999999659e+01,-3.926892534865400108e+01
-5.964000000000000057e+01,-3.925576110951600128e+01
-5.961999999999999744e+01,-3.924259687037800148e+01
-5.960000000000000142e+01,-3.922943263124000168e+01
-5.957999999999999829e+01,-3.921626839210200188e+01
-5.955999999999999517e+01,-3.920310415296399498e+01
-5.953999999999999915e+01,-3.918993991382600228e+01
-5.951999999999999602e+01,-3.917677567468799538e+01
-5.950000000000000000e+01,-3.916361143555000268e+01
-5.947999999999999687e+01,-3.915044719641199578e+01
-5.946000000000000085e+01,-3.913728295727400308e+01
-5.943999999999999773e+01,-3.912411871813599618e+01
-5.942000000000000171e+01,-3.911095447899800348e+01
-5.939999999999999858e+01,-3.909779023985999657e+01
-5.937999999999999545e+01,-3.908462600072199677e+01
-5.935999999999999943e+01,-3.907146176158399697e+01
-5.933999999999999631e+01,-3.905829752244599717e+01
-5.932000000000000028e+01,-3.904513328330799737e+01
-5.929999999999999716e+01,-3.903196904416999757e+01
-5.928000000000000114e+01,-3.901880480503199777e+01
-5.925999999999999801e+01,-3.900564056589399797e+01
-5.924000000000000199e+01,-3.899247632675599817e+01
-5.921999999999999886e+01,-3.897931208761799837e+01
-5.919999999999999574e+01,-3.896614784847999857e+01
-5.917999999999999972e+01,-3.895298360934199877e+01
-5.915999999999999659e+01,-3.893981937020399897e+01
-5.914000000000000057e+01,-3.892665513106599917e+01
-5.911999999999999744e+01,-3.891349089192799937e+01
-5.910000000000000142e+01,-3.890032665278999957e+01
-5.907999999999999829e+01,-3.888716241365199977e+01
-5.905999999999999517e+01,-3.887399817451399997e+01
-5.903999999999999915e+01,-3.886083393537600017e+01
-5.901999999999999602e+01,-3.884766969623800037e+01
-5.900000000000000000e+01,-3.883450545710000057e+01
-5.897999999999999687e+01,-3.882134121796200077e+01
-5.896000000000000085e+01,-3.880817697882400097e+01
-5.893999999999999773e+01,-3.879501273968600117e+01
-5.892000000000000171e+01,-3.878184850054800137e+01
-5.889999999999999858e+01,-3.876868426141000157e+01
-5.887999999999999545e+01,-3.875552002227199466e+01
-5.885999999999999943e+01,-3.874235578313400197e+01
-5.883999999999999631e+01,-3.872919154399599506e+01
-5.882000000000000028e+01,-3.871602730485800237e+01
-5.879999999999999716e+01,-3.870286306571999546e+01
-5.878000000000000114e+01,-3.868969882658200277e+01
-5.875999999999999801e+01,-3.867653458744399586e+01
-5.874000000000000199e+01,-3.866337034830600317e+01
-5.871999999999999886e+01,-3.865020610916799626e+01
-5.869999999999999574e+01,-3.863704187002999646e+01
-5.867999999999999972e+01,-3.862387763089199666e+01
-5.865999999999999659e+01,-3.861071339175399686e+01
-5.864000000000000057e+01,-3.859754915261600416e+01
-5.861999999999999744e+01,-3.858438491347799726e+01
-5.860000000000000142e+01,-3.857122067434000456e+01
-5.857999999999999829e+01,-3.855805643520199766e+01
-5.855999999999999517e+01,-3.854489219606399786e+01
-5.853999999999999915e+01,-3.853172795692599806e+01
-5.851999999999999602e+01,-3.851856371778799826e+01
-5.850000000000000000e+01,-3.850539947864999846e+01
-5.847999999999999687e+01,-3.849223523951199866e+01
-5.846000000000000085e+01,-3.847907100037399886e+01
-5.843999999999999773e+01,-3.846590676123599906e+01
-5.842000000000000171e+01,-3.845274252209799926e+01
-5.839999999999999858e+01,-3.843957828295999946e+01
-5.837999999999999545e+01,-3.842641404382199966e+01
-5.835999999999999943e+01,-3.841324980468399986e+01
-5.833999999999999631e+01,-3.840008556554600005e+01
-5.832000000000000028e+01,-3.838692132640800025e+01
-5.829999999999999716e+01,-3.837375708727000045e+01
-5.828000000000000114e+01,-3.836059284813200065e+01
-5.825999999999999801e+01,-3.834742860899400085e+01
-5.824000000000000199e+01,-3.833426436985600105e+01
-5.821999999999999886e+01,-3.832110013071800125e+01
-5.819999999999999574e+01,-3.830793589157999435e+01
-5.817999999999999972e+01,-3.829477165244200165e+01
-5.815999999999999659e+01,-3.828160741330399475e+01
-5.814000000000000057e+01,-3.826844317416600205e+01
-5.811999999999999744e+01,-3.825527893502799515e+01
-5.810000000000000142e+01,-3.824211469589000245e+01
-5.807999999999999829e+01,-3.822895045675200265e+01
-5.805999999999999517e+01,-3.821578621761399575e+01
-5.803999999999999915e+01,-3.820262197847600305e+01
-5.801999999999999602e+01,-3.818945773933799614e+01
-5.800000000000000000e+01,-3.817629350020000345e+01
-5.797999999999999687e+01,-3.816312926106199654e+01
-5.796000000000000085e+01,-3.814996502192400385e+01
-5.793999999999999773e+01,-3.813680078278599694e+01
-5.792000000000000171e+01,-3.812363654364800425e+01
-5.789999999999999858e+01,-3.811047230450999734e+01
-5.787999999999999545e+01,-3.809730806537199754e+01
-5.785999999999999943e+01,-3.808414382623399774e+01
-5.783999999999999631e+01,-3.807097958709599794e+01
-5.782000000000000028e+01,-3.805781534795799814e+01
-5.779999999999999716e+01,-3.804465110881999834e+01
-5.778000000000000114e+01,-3.803148686968199854e+01
-5.775999999999999801e+01,-3.801832263054399874e+01
-5.774000000000000199e+01,-3.800515839140599894e+01
-5.771999999999999886e+01,-3.799199415226799914e+01
-5.769999999999999574e+01,-3.797882991312999934e+01
-5.767999999999999972e+01,-3.796566567399199954e+01
-5.765999999999999659e+01,-3.795250143485399974e+01
-5.764000000000000057e+01,-3.793933719571599994e+01
-5.761999999999999744e+01,-3.792617295657800014e+01
-5.760000000000000142e+01,-3.791300871744000034e+01
-5.757999999999999829e+01,-3.789984447830200054e+01
-5.755999999999999517e+01,-3.788668023916399363e+01
-5.753999999999999915e+01,-3.787351600002600094e+01
-5.751999999999999602e+01,-3.786035176088800114e+01
-5.750000000000000000e+01,-3.784718752175000134e+01
-5.747999999999999687e+01,-3.783402328261200154e+01
-5.746000000000000085e+01,-3.782085904347400174e+01
-5.743999999999999773e+01,-3.780769480433600194e+01
-5.742000000000000171e+01,-3.779453056519800214e+01
-5.739999999999999858e+01,-3.778136632606000234e+01
-5.737999999999999545e+01,-3.776820208692199543e+01
-5.735999999999999943e+01,-3.775503784778400274e+01
-5.733999999999999631e+01,-3.774187360864599583e+01
-5.732000000000000028e+01,-3.772870936950800314e+01
-5.729999999999999716e+01,-3.771554513036999623e+01
-5.728000000000000114e+01,-3.770238089123200353e+01
-5.725999999999999801e+01,-3.768921665209399663e+01
-5.724000000000000199e+01,-3.767605241295600393e+01
-5.721999999999999886e+01,-3.766288817381799703e+01
-5.719999999999999574e+01,-3.764972393467999723e+01
-5.717999999999999972e+01,-3.763655969554199743e+01
-5.715999999999999659e+01,-3.762339545640399763e+01
-5.714000000000000057e+01,-3.761023121726599783e+01
-5.711999999999999744e+01,-3.759706697812799803e+01
-5.710000000000000142e+01,-3.758390273898999823e+01
-5.707999999999999829e+01,-3.757073849985199843e+01
-5.705999999999999517e+01,-3.755757426071399863e+01
-5.703999999999999915e+01,-3.754441002157599883e+01
-5.701999999999999602e+01,-3.753124578243799903e+01
-5.700000000000000000e+01,-3.751808154329999923e+01
-5.697999999999999687e+01,-3.750491730416199943e+01
-5.696000000000000085e+01,-3.749175306502399962e+01
-5.693999999999999773e+01,-3.747858882588599982e+01
-5.692000000000000171e+01,-3.746542458674800002e+01
-5.689999999999999858e+01,-3.745226034761000022e+01
-5.687999999999999545e+01,-3.743909610847200042e+01
-5.685999999999999943e+01,-3.742593186933400062e+01
-5.683999999999999631e+01,-3.741276763019600082e+01
-5.682000000000000028e+01,-3.739960339105800102e+01
-5.679999999999999716e+01,-3.738643915192000122e+01
-5.678000000000000114e+01,-3.737327491278200142e+01
-5.675999999999999801e+01,-3.736011067364400162e+01
-5.674000000000000199e+01,-3.734694643450600182e+01
-5.671999999999999886e+01,-3.733378219536800202e+01
-5.669999999999999574e+01,-3.732061795622999512e+01
-5.667999999999999972e+01,-3.730745371709200242e+01
-5.665999999999999659e+01,-3.729428947795399552e+01
-5.664000000000000057e+01,-3.728112523881600282e+01
-5.661999999999999744e+01,-3.726796099967799591e+01
-5.660000000000000142e+01,-3.725479676054000322e+01
-5.657999999999999829e+01,-3.724163252140199631e+01
-5.655999999999999517e+01,-3.722846828226399651e+01
-5.653999999999999915e+01,-3.721530404312599671e+01
-5.651999999999999602e+01,-3.720213980398799691e+01
-5.650000000000000000e+01,-3.718897556484999711e+01
-5.647999999999999687e+01,-3.717581132571199731e+01
-5.646000000000000085e+01,-3.716264708657399751e+01
-5.643999999999999773e+01,-3.714948284743599771e+01
-5.642000000000000171e+01,-3.713631860829799791e+01
-5.639999999999999858e+01,-3.712315436915999811e+01
-5.637999999999999545e+01,-3.710999013002199831e+01
-5.635999999999999943e+01,-3.709682589088399851e+01
-5.633999999999999631e+01,-3.708366165174599871e+01
-5.632000000000000028e+01,-3.707049741260799891e+01
-5.629999999999999716e+01,-3.705733317346999911e+01
-5.628000000000000114e+01,-3.704416893433199931e+01
-5.625999999999999801e+01,-3.703100469519399951e+01
-5.624000000000000199e+01,-3.701784045605599971e+01
-5.621999999999999886e+01,-3.700467621691799991e+01
-5.619999999999999574e+01,-3.699151197778000011e+01
-5.617999999999999972e+01,-3.697834773864200031e+01
-5.615999999999999659e+01,-3.696518349950400051e+01
-5.614000000000000057e+01,-3.695201926036600071e+01
-5.611999999999999744e+01,-3.693885502122800091e+01
-5.610000000000000142e+01,-3.692569078209000111e+01
-5.607999999999999829e+01,-3.691252654295200131e+01
-5.605999999999999517e+01,-3.689936230381399440e+01
-5.603999999999999915e+01,-3.688619806467600171e+01
-5.601999999999999602e+01,-3.687303382553799480e+01
-5.600000000000000000e+01,-3.685986958640000211e+01
-5.597999999999999687e+01,-3.684670534726199520e+01
-5.596000000000000085e+01,-3.683354110812400251e+01
-5.593999999999999773e+01,-3.682037686898599560e+01
-5.592000000000000171e+01,-3.680721262984800290e+01
-5.589999999999999858e+01,-3.679404839070999600e+01
-5.587999999999999545e+01,-3.678088415157199620e+01
-5.585999999999999943e+01,-3.676771991243400350e+01
-5.583999999999999631e+01,-3.675455567329599660e+01
-5.582000000000000028e+01,-3.674139143415800390e+01
-5.579999999999999716e+01,-3.672822719501999700e+01
-5.578000000000000114e+01,-3.671506295588200430e+01
-5.575999999999999801e+01,-3.670189871674399740e+01
-5.574000000000000199e+01,-3.668873447760600470e+01
-5.571999999999999886e+01,-3.667557023846799780e+01
-5.569999999999999574e+01,-3.666240599932999800e+01
-5.567999999999999972e+01,-3.664924176019199820e+01
-5.565999999999999659e+01,-3.663607752105399840e+01
-5.564000000000000057e+01,-3.662291328191599860e+01
-5.561999999999999744e+01,-3.660974904277799880e+01
-5.560000000000000142e+01,-3.659658480363999900e+01
-5.557999999999999829e+01,-3.658342056450199919e+01
-5.555999999999999517e+01,-3.657025632536399939e+01
-5.553999999999999915e+01,-3.655709208622599959e+01
-5.551999999999999602e+01,-3.654392784708799979e+01
-5.550000000000000000e+01,-3.653076360794999999e+01
-5.547999999999999687e+01,-3.651759936881200019e+01
-5.546000000000000085e+01,-3.650443512967400039e+01
-5.543999999999999773e+01,-3.649127089053600059e+01
-5.542000000000000171e+01,-3.647810665139800079e+01
-5.539999999999999858e+01,-3.646494241226000099e+01
-5.537999999999999545e+01,-3.645177817312199409e+01
-5.535999999999999943e+01,-3.643861393398400139e+01
-5.533999999999999631e+01,-3.642544969484599449e+01
-5.532000000000000028e+01,-3.641228545570800179e+01
-5.529999999999999716e+01,-3.639912121657000199e+01
-5.528000000000000114e+01,-3.638595697743200219e+01
-5.525999999999999801e+01,-3.637279273829400239e+01
-5.524000000000000199e+01,-3.635962849915600259e+01
-5.521999999999999886e+01,-3.634646426001800279e+01
-5.519999999999999574e+01,-3.633330002087999588e+01
-5.517999999999999972e+01,-3.632013578174200319e+01
-5.515999999999999659e+01,-3.630697154260399628e+01
-5.514000000000000057e+01,-3.629380730346600359e+01
-5.511999999999999744e+01,-3.628064306432799668e+01
-5.510000000000000142e+01,-3.626747882519000399e+01
-5.507999999999999829e+01,-3.625431458605199708e+01
-5.505999999999999517e+01,-3.624115034691399728e+01
-5.503999999999999915e+01,-3.622798610777599748e+01
-5.501999999999999602e+01,-3.621482186863799768e+01
-5.500000000000000000e+01,-3.620165762949999788e+01
-5.497999999999999687e+01,-3.618849339036199808e+01
-5.496000000000000085e+01,-3.617532915122399828e+01
-5.493999999999999773e+01,-3.616216491208599848e+01
-5.492000000000000171e+01,-3.614900067294799868e+01
-5.489999999999999858e+01,-3.613583643380999888e+01
-5.487999999999999545e+01,-3.612267219467199908e+01
-5.485999999999999943e+01,-3.610950795553399928e+01
-5.483999999999999631e+01,-3.609634371639599948e+01
-5.482000000000000028e+01,-3.608317947725799968e+01
-5.479999999999999716e+01,-3.607001523811999988e+01
-5.478000000000000114e+01,-3.605685099898200008e+01
-5.475999999999999801e+01,-3.604368675984400028e+01
-5.473999999999999488e+01,-3.603052252070600048e+01
-5.471999999999999886e+01,-3.601735828156800068e+01
-5.469999999999999574e+01,-3.600419404243000088e+01
-5.467999999999999972e+01,-3.599102980329200108e+01
-5.465999999999999659e+01,-3.597786556415400128e+01
-5.464000000000000057e+01,-3.596470132501600148e+01
-5.461999999999999744e+01,-3.595153708587800168e+01
-5.460000000000000142e+01,-3.593837284674000188e+01
-5.457999999999999829e+01,-3.592520860760200208e+01
-5.455999999999999517e+01,-3.591204436846399517e+01
-5.453999999999999915e+01,-3.589888012932600247e+01
-5.451999999999999602e+01,-3.588571589018799557e+01
-5.450000000000000000e+01,-3.587255165105000287e+01
-5.447999999999999687e+01,-3.585938741191199597e+01
-5.446000000000000085e+01,-3.584622317277400327e+01
-5.443999999999999773e+01,-3.583305893363599637e+01
-5.442000000000000171e+01,-3.581989469449800367e+01
-5.439999999999999858e+01,-3.580673045535999677e+01
-5.437999999999999545e+01,-3.579356621622199697e+01
-5.435999999999999943e+01,-3.578040197708399717e+01
-5.433999999999999631e+01,-3.576723773794599737e+01
-5.432000000000000028e+01,-3.575407349880799757e+01
-5.429999999999999716e+01,-3.574090925966999777e+01
-5.428000000000000114e+01,-3.572774502053199797e+01
-5.425999999999999801e+01,-3.571458078139399817e+01
-5.423999999999999488e+01,-3.570141654225599837e+01
-5.421999999999999886e+01,-3.568825230311799857e+01
-5.419999999999999574e+01,-3.567508806397999876e+01
-5.417999999999999972e+01,-3.566192382484199896e+01
-5.415999999999999659e+01,-3.564875958570399916e+01
-5.414000000000000057e+01,-3.563559534656599936e+01
-5.411999999999999744e+01,-3.562243110742799956e+01
-5.410000000000000142e+01,-3.560926686828999976e+01
-5.407999999999999829e+01,-3.559610262915199996e+01
-5.405999999999999517e+01,-3.558293839001400016e+01
-5.403999999999999915e+01,-3.556977415087600036e+01
-5.401999999999999602e+01,-3.555660991173800056e+01
-5.400000000000000000e+01,-3.554344567260000076e+01
-5.397999999999999687e+01,-3.553028143346200096e+01
-5.396000000000000085e+01,-3.551711719432400116e+01
-5.393999999999999773e+01,-3.550395295518600136e+01
-5.392000000000000171e+01,-3.549078871604800156e+01
-5.389999999999999858e+01,-3.547762447691000176e+01
-5.387999999999999545e+01,-3.546446023777199485e+01
-5.385999999999999943e+01,-3.545129599863400216e+01
-5.383999999999999631e+01,-3.543813175949599525e+01
-5.382000000000000028e+01,-3.542496752035800256e+01
-5.379999999999999716e+01,-3.541180328121999565e+01
-5.378000000000000114e+01,-3.539863904208200296e+01
-5.375999999999999801e+01,-3.538547480294399605e+01
-5.373999999999999488e+01,-3.537231056380599625e+01
-5.371999999999999886e+01,-3.535914632466799645e+01
-5.369999999999999574e+01,-3.534598208552999665e+01
-5.367999999999999972e+01,-3.533281784639199685e+01
-5.365999999999999659e+01,-3.531965360725399705e+01
-5.364000000000000057e+01,-3.530648936811599725e+01
-5.361999999999999744e+01,-3.529332512897799745e+01
-5.360000000000000142e+01,-3.528016088984000476e+01
-5.357999999999999829e+01,-3.526699665070199785e+01
-5.355999999999999517e+01,-3.525383241156399805e+01
-5.353999999999999915e+01,-3.524066817242599825e+01
-5.351999999999999602e+01,-3.522750393328799845e+01
-5.350000000000000000e+01,-3.521433969414999865e+01
-5.347999999999999687e+01,-3.520117545501199885e+01
-5.346000000000000085e+01,-3.518801121587399905e+01
-5.343999999999999773e+01,-3.517484697673599925e+01
-5.342000000000000171e+01,-3.516168273759799945e+01
-5.339999999999999858e+01,-3.514851849845999965e+01
-5.337999999999999545e+01,-3.513535425932199985e+01
-5.335999999999999943e+01,-3.512219002018400005e+01
-5.333999999999999631e+01,-3.510902578104600025e+01
-5.332000000000000028e+01,-3.509586154190800045e+01
-5.329999999999999716e+01,-3.508269730277000065e+01
-5.328000000000000114e+01,-3.506953306363200085e+01
-5.325999999999999801e+01,-3.505636882449400105e+01
-5.323999999999999488e+01,-3.504320458535599414e+01
-5.321999999999999886e+01,-3.503004034621800145e+01
-5.319999999999999574e+01,-3.501687610707999454e+01
-5.317999999999999972e+01,-3.500371186794200185e+01
-5.315999999999999659e+01,-3.499054762880399494e+01
-5.314000000000000057e+01,-3.497738338966600224e+01
-5.311999999999999744e+01,-3.496421915052799534e+01
-5.310000000000000142e+01,-3.495105491139000264e+01
-5.307999999999999829e+01,-3.493789067225199574e+01
-5.305999999999999517e+01,-3.492472643311399594e+01
-5.303999999999999915e+01,-3.491156219397600324e+01
-5.301999999999999602e+01,-3.489839795483799634e+01
-5.300000000000000000e+01,-3.488523371570000364e+01
-5.297999999999999687e+01,-3.487206947656199674e+01
-5.296000000000000085e+01,-3.485890523742400404e+01
-5.293999999999999773e+01,-3.484574099828599714e+01
-5.292000000000000171e+01,-3.483257675914800444e+01
-5.289999999999999858e+01,-3.481941252000999754e+01
-5.287999999999999545e+01,-3.480624828087199774e+01
-5.285999999999999943e+01,-3.479308404173399794e+01
-5.283999999999999631e+01,-3.477991980259599814e+01
-5.282000000000000028e+01,-3.476675556345799833e+01
-5.279999999999999716e+01,-3.475359132431999853e+01
-5.278000000000000114e+01,-3.474042708518199873e+01
-5.275999999999999801e+01,-3.472726284604399893e+01
-5.273999999999999488e+01,-3.471409860690599913e+01
-5.271999999999999886e+01,-3.470093436776799933e+01
-5.269999999999999574e+01,-3.468777012862999953e+01
-5.267999999999999972e+01,-3.467460588949199973e+01
-5.265999999999999659e+01,-3.466144165035399993e+01
-5.264000000000000057e+01,-3.464827741121600013e+01
-5.261999999999999744e+01,-3.463511317207800033e+01
-5.260000000000000142e+01,-3.462194893294000053e+01
-5.257999999999999829e+01,-3.460878469380200073e+01
-5.255999999999999517e+01,-3.459562045466399383e+01
-5.253999999999999915e+01,-3.458245621552600113e+01
-5.251999999999999602e+01,-3.456929197638799423e+01
-5.250000000000000000e+01,-3.455612773725000153e+01
-5.247999999999999687e+01,-3.454296349811200173e+01
-5.246000000000000085e+01,-3.452979925897400193e+01
-5.243999999999999773e+01,-3.451663501983600213e+01
-5.242000000000000171e+01,-3.450347078069800233e+01
-5.239999999999999858e+01,-3.449030654156000253e+01
-5.237999999999999545e+01,-3.447714230242199562e+01
-5.235999999999999943e+01,-3.446397806328400293e+01
-5.233999999999999631e+01,-3.445081382414599602e+01
-5.232000000000000028e+01,-3.443764958500800333e+01
-5.229999999999999716e+01,-3.442448534586999642e+01
-5.228000000000000114e+01,-3.441132110673200373e+01
-5.225999999999999801e+01,-3.439815686759399682e+01
-5.223999999999999488e+01,-3.438499262845599702e+01
-5.221999999999999886e+01,-3.437182838931799722e+01
-5.219999999999999574e+01,-3.435866415017999742e+01
-5.217999999999999972e+01,-3.434549991104199762e+01
-5.215999999999999659e+01,-3.433233567190399782e+01
-5.214000000000000057e+01,-3.431917143276599802e+01
-5.211999999999999744e+01,-3.430600719362799822e+01
-5.210000000000000142e+01,-3.429284295448999842e+01
-5.207999999999999829e+01,-3.427967871535199862e+01
-5.205999999999999517e+01,-3.426651447621399882e+01
-5.203999999999999915e+01,-3.425335023707599902e+01
-5.201999999999999602e+01,-3.424018599793799922e+01
-5.200000000000000000e+01,-3.422702175879999942e+01
-5.197999999999999687e+01,-3.421385751966199962e+01
-5.196000000000000085e+01,-3.420069328052399982e+01
-5.193999999999999773e+01,-3.418752904138600002e+01
-5.192000000000000171e+01,-3.417436480224800022e+01
-5.189999999999999858e+01,-3.416120056311000042e+01
-5.187999999999999545e+01,-3.414803632397200062e+01
-5.185999999999999943e+01,-3.413487208483400082e+01
-5.183999999999999631e+01,-3.412170784569600102e+01
-5.182000000000000028e+01,-3.410854360655800122e+01
-5.179999999999999716e+01,-3.409537936742000142e+01
-5.178000000000000114e+01,-3.408221512828200161e+01
-5.175999999999999801e+01,-3.406905088914400181e+01
-5.173999999999999488e+01,-3.405588665000599491e+01
-5.171999999999999886e+01,-3.404272241086800221e+01
-5.169999999999999574e+01,-3.402955817172999531e+01
-5.167999999999999972e+01,-3.401639393259200261e+01
-5.165999999999999659e+01,-3.400322969345399571e+01
-5.164000000000000057e+01,-3.399006545431600301e+01
-5.161999999999999744e+01,-3.397690121517799611e+01
-5.160000000000000142e+01,-3.396373697604000341e+01
-5.157999999999999829e+01,-3.395057273690199651e+01
-5.155999999999999517e+01,-3.393740849776399671e+01
-5.153999999999999915e+01,-3.392424425862599691e+01
-5.151999999999999602e+01,-3.391108001948799711e+01
-5.150000000000000000e+01,-3.389791578034999731e+01
-5.147999999999999687e+01,-3.388475154121199751e+01
-5.146000000000000085e+01,-3.387158730207399771e+01
-5.143999999999999773e+01,-3.385842306293599790e+01
-5.142000000000000171e+01,-3.384525882379799810e+01
-5.139999999999999858e+01,-3.383209458465999830e+01
-5.137999999999999545e+01,-3.381893034552199850e+01
-5.135999999999999943e+01,-3.380576610638399870e+01
-5.133999999999999631e+01,-3.379260186724599890e+01
-5.132000000000000028e+01,-3.377943762810799910e+01
-5.129999999999999716e+01,-3.376627338896999930e+01
-5.128000000000000114e+01,-3.375310914983199950e+01
-5.125999999999999801e+01,-3.373994491069399970e+01
-5.123999999999999488e+01,-3.372678067155599990e+01
-5.121999999999999886e+01,-3.371361643241800010e+01
-5.119999999999999574e+01,-3.370045219328000030e+01
-5.117999999999999972e+01,-3.368728795414200050e+01
-5.115999999999999659e+01,-3.367412371500400070e+01
-5.114000000000000057e+01,-3.366095947586600090e+01
-5.111999999999999744e+01,-3.364779523672800110e+01
-5.110000000000000142e+01,-3.363463099759000130e+01
-5.107999999999999829e+01,-3.362146675845200150e+01
-5.105999999999999517e+01,-3.360830251931399459e+01
-5.103999999999999915e+01,-3.359513828017600190e+01
-5.101999999999999602e+01,-3.358197404103799499e+01
-5.100000000000000000e+01,-3.356880980190000230e+01
-5.097999999999999687e+01,-3.355564556276199539e+01
-5.096000000000000085e+01,-3.354248132362400270e+01
-5.093999999999999773e+01,-3.352931708448599579e+01
-5.092000000000000171e+01,-3.351615284534800310e+01
-5.089999999999999858e+01,-3.350298860620999619e+01
-5.087999999999999545e+01,-3.348982436707199639e+01
-5.085999999999999943e+01,-3.347666012793399659e+01
-5.083999999999999631e+01,-3.346349588879599679e+01
-5.082000000000000028e+01,-3.345033164965799699e+01
-5.079999999999999716e+01,-3.343716741051999719e+01
-5.078000000000000114e+01,-3.342400317138200450e+01
-5.075999999999999801e+01,-3.341083893224399759e+01
-5.073999999999999488e+01,-3.339767469310599779e+01
-5.071999999999999886e+01,-3.338451045396799799e+01
-5.069999999999999574e+01,-3.337134621482999819e+01
-5.067999999999999972e+01,-3.335818197569199839e+01
-5.065999999999999659e+01,-3.334501773655399859e+01
-5.064000000000000057e+01,-3.333185349741599879e+01
-5.061999999999999744e+01,-3.331868925827799899e+01
-5.060000000000000142e+01,-3.330552501913999919e+01
-5.057999999999999829e+01,-3.329236078000199939e+01
-5.055999999999999517e+01,-3.327919654086399959e+01
-5.053999999999999915e+01,-3.326603230172599979e+01
-5.051999999999999602e+01,-3.325286806258799999e+01
-5.050000000000000000e+01,-3.323970382345000019e+01
-5.047999999999999687e+01,-3.322653958431200039e+01
-5.046000000000000085e+01,-3.321337534517400059e+01
-5.043999999999999773e+01,-3.320021110603600079e+01
-5.042000000000000171e+01,-3.318704686689800099e+01
-5.039999999999999858e+01,-3.317388262776000118e+01
-5.037999999999999545e+01,-3.316071838862199428e+01
-5.035999999999999943e+01,-3.314755414948400158e+01
-5.033999999999999631e+01,-3.313438991034599468e+01
-5.032000000000000028e+01,-3.312122567120800198e+01
-5.029999999999999716e+01,-3.310806143206999508e+01
-5.028000000000000114e+01,-3.309489719293200238e+01
-5.025999999999999801e+01,-3.308173295379399548e+01
-5.023999999999999488e+01,-3.306856871465599568e+01
-5.021999999999999886e+01,-3.305540447551800298e+01
-5.019999999999999574e+01,-3.304224023637999608e+01
-5.017999999999999972e+01,-3.302907599724200338e+01
-5.015999999999999659e+01,-3.301591175810399648e+01
-5.014000000000000057e+01,-3.300274751896600378e+01
-5.011999999999999744e+01,-3.298958327982799688e+01
-5.010000000000000142e+01,-3.297641904069000418e+01
-5.007999999999999829e+01,-3.296325480155199728e+01
-5.005999999999999517e+01,-3.295009056241399747e+01
-5.003999999999999915e+01,-3.293692632327599767e+01
-5.001999999999999602e+01,-3.292376208413799787e+01
-5.000000000000000000e+01,-3.291059784499999807e+01
-4.997999999999999687e+01,-3.289743360586199827e+01
-4.996000000000000085e+01,-3.288426936672399847e+01
-4.993999999999999773e+01,-3.287110512758599867e+01
-4.992000000000000171e+01,-3.285794088844799887e+01
-4.989999999999999858e+01,-3.284477664930999907e+01
-4.987999999999999545e+01,-3.283161241017199927e+01
-4.985999999999999943e+01,-3.281844817103399947e+01
-4.983999999999999631e+01,-3.280528393189599967e+01
-4.982000000000000028e+01,-3.279211969275799987e+01
-4.979999999999999716e+01,-3.277895545362000007e+01
-4.978000000000000114e+01,-3.276579121448200027e+01
-4.975999999999999801e+01,-3.275262697534400047e+01
-4.973999999999999488e+01,-3.273946273620599356e+01
-4.971999999999999886e+01,-3.272629849706800087e+01
-4.969999999999999574e+01,-3.271313425792999396e+01
-4.967999999999999972e+01,-3.269997001879200127e+01
-4.965999999999999659e+01,-3.268680577965400147e+01
-4.964000000000000057e+01,-3.267364154051600167e+01
-4.961999999999999744e+01,-3.266047730137800187e+01
-4.960000000000000142e+01,-3.264731306224000207e+01
-4.957999999999999829e+01,-3.263414882310200227e+01
-4.955999999999999517e+01,-3.262098458396399536e+01
-4.953999999999999915e+01,-3.260782034482600267e+01
-4.951999999999999602e+01,-3.259465610568799576e+01
-4.950000000000000000e+01,-3.258149186655000307e+01
-4.947999999999999687e+01,-3.256832762741199616e+01
-4.946000000000000085e+01,-3.255516338827400347e+01
-4.943999999999999773e+01,-3.254199914913599656e+01
-4.942000000000000171e+01,-3.252883490999800387e+01
-4.939999999999999858e+01,-3.251567067085999696e+01
-4.937999999999999545e+01,-3.250250643172199716e+01
-4.935999999999999943e+01,-3.248934219258399736e+01
-4.933999999999999631e+01,-3.247617795344599756e+01
-4.932000000000000028e+01,-3.246301371430799776e+01
-4.929999999999999716e+01,-3.244984947516999796e+01
-4.928000000000000114e+01,-3.243668523603199816e+01
-4.925999999999999801e+01,-3.242352099689399836e+01
-4.923999999999999488e+01,-3.241035675775599856e+01
-4.921999999999999886e+01,-3.239719251861799876e+01
-4.919999999999999574e+01,-3.238402827947999896e+01
-4.917999999999999972e+01,-3.237086404034199916e+01
-4.915999999999999659e+01,-3.235769980120399936e+01
-4.914000000000000057e+01,-3.234453556206599956e+01
-4.911999999999999744e+01,-3.233137132292799976e+01
-4.910000000000000142e+01,-3.231820708378999996e+01
-4.907999999999999829e+01,-3.230504284465200016e+01
-4.905999999999999517e+01,-3.229187860551400036e+01
-4.903999999999999915e+01,-3.227871436637600056e+01
-4.901999999999999602e+01,-3.226555012723800075e+01
-4.900000000000000000e+01,-3.225238588810000095e+01
-4.897999999999999687e+01,-3.223922164896200115e+01
-4.896000000000000085e+01,-3.222605740982400135e+01
-4.893999999999999773e+01,-3.221289317068600155e+01
-4.892000000000000171e+01,-3.219972893154800175e+01
-4.889999999999999858e+01,-3.218656469241000195e+01
-4.887999999999999545e+01,-3.217340045327199505e+01
-4.885999999999999943e+01,-3.216023621413400235e+01
-4.883999999999999631e+01,-3.214707197499599545e+01
-4.882000000000000028e+01,-3.213390773585800275e+01
-4.879999999999999716e+01,-3.212074349671999585e+01
-4.878000000000000114e+01,-3.210757925758200315e+01
-4.875999999999999801e+01,-3.209441501844399625e+01
-4.873999999999999488e+01,-3.208125077930599645e+01
-4.871999999999999886e+01,-3.206808654016799665e+01
-4.869999999999999574e+01,-3.205492230102999685e+01
-4.867999999999999972e+01,-3.204175806189199704e+01
-4.865999999999999659e+01,-3.202859382275399724e+01
-4.864000000000000057e+01,-3.201542958361599744e+01
-4.861999999999999744e+01,-3.200226534447799764e+01
-4.860000000000000142e+01,-3.198910110534000140e+01
-4.857999999999999829e+01,-3.197593686620199804e+01
-4.855999999999999517e+01,-3.196277262706399824e+01
-4.853999999999999915e+01,-3.194960838792599844e+01
-4.851999999999999602e+01,-3.193644414878799864e+01
-4.850000000000000000e+01,-3.192327990964999884e+01
-4.847999999999999687e+01,-3.191011567051199904e+01
-4.846000000000000085e+01,-3.189695143137399924e+01
-4.843999999999999773e+01,-3.188378719223599944e+01
-4.842000000000000171e+01,-3.187062295309799964e+01
-4.839999999999999858e+01,-3.185745871395999984e+01
-4.837999999999999545e+01,-3.184429447482199649e+01
-4.835999999999999943e+01,-3.183113023568400024e+01
-4.833999999999999631e+01,-3.181796599654599689e+01
-4.832000000000000028e+01,-3.180480175740800064e+01
-4.829999999999999716e+01,-3.179163751826999729e+01
-4.828000000000000114e+01,-3.177847327913200104e+01
-4.825999999999999801e+01,-3.176530903999399769e+01
-4.823999999999999488e+01,-3.175214480085599789e+01
-4.821999999999999886e+01,-3.173898056171799809e+01
-4.819999999999999574e+01,-3.172581632257999829e+01
-4.817999999999999972e+01,-3.171265208344199849e+01
-4.815999999999999659e+01,-3.169948784430399868e+01
-4.814000000000000057e+01,-3.168632360516599888e+01
-4.811999999999999744e+01,-3.167315936602799908e+01
-4.810000000000000142e+01,-3.165999512689000284e+01
-4.807999999999999829e+01,-3.164683088775199948e+01
-4.805999999999999517e+01,-3.163366664861399613e+01
-4.803999999999999915e+01,-3.162050240947599988e+01
-4.801999999999999602e+01,-3.160733817033799653e+01
-4.800000000000000000e+01,-3.159417393120000028e+01
-4.797999999999999687e+01,-3.158100969206199693e+01
-4.796000000000000085e+01,-3.156784545292400068e+01
-4.793999999999999773e+01,-3.155468121378599733e+01
-4.792000000000000171e+01,-3.154151697464800108e+01
-4.789999999999999858e+01,-3.152835273550999773e+01
-4.787999999999999545e+01,-3.151518849637199793e+01
-4.785999999999999943e+01,-3.150202425723400168e+01
-4.783999999999999631e+01,-3.148886001809599833e+01
-4.782000000000000028e+01,-3.147569577895800208e+01
-4.779999999999999716e+01,-3.146253153981999873e+01
-4.778000000000000114e+01,-3.144936730068200248e+01
-4.775999999999999801e+01,-3.143620306154399913e+01
-4.773999999999999488e+01,-3.142303882240599577e+01
-4.771999999999999886e+01,-3.140987458326799953e+01
-4.769999999999999574e+01,-3.139671034412999617e+01
-4.767999999999999972e+01,-3.138354610499199993e+01
-4.765999999999999659e+01,-3.137038186585399657e+01
-4.764000000000000057e+01,-3.135721762671600032e+01
-4.761999999999999744e+01,-3.134405338757799697e+01
-4.760000000000000142e+01,-3.133088914844000072e+01
-4.757999999999999829e+01,-3.131772490930200092e+01
-4.755999999999999517e+01,-3.130456067016399757e+01
-4.753999999999999915e+01,-3.129139643102600132e+01
-4.751999999999999602e+01,-3.127823219188799797e+01
-4.750000000000000000e+01,-3.126506795275000172e+01
-4.747999999999999687e+01,-3.125190371361199837e+01
-4.746000000000000085e+01,-3.123873947447400212e+01
-4.743999999999999773e+01,-3.122557523533599877e+01
-4.742000000000000171e+01,-3.121241099619800252e+01
-4.739999999999999858e+01,-3.119924675705999917e+01
-4.737999999999999545e+01,-3.118608251792199582e+01
-4.735999999999999943e+01,-3.117291827878399957e+01
-4.733999999999999631e+01,-3.115975403964599622e+01
-4.732000000000000028e+01,-3.114658980050799997e+01
-4.729999999999999716e+01,-3.113342556137000017e+01
-4.728000000000000114e+01,-3.112026132223200037e+01
-4.725999999999999801e+01,-3.110709708309400057e+01
-4.723999999999999488e+01,-3.109393284395599721e+01
-4.721999999999999886e+01,-3.108076860481800097e+01
-4.719999999999999574e+01,-3.106760436567999761e+01
-4.717999999999999972e+01,-3.105444012654200137e+01
-4.715999999999999659e+01,-3.104127588740399801e+01
-4.714000000000000057e+01,-3.102811164826600177e+01
-4.711999999999999744e+01,-3.101494740912799841e+01
-4.710000000000000142e+01,-3.100178316999000216e+01
-4.707999999999999829e+01,-3.098861893085199881e+01
-4.705999999999999517e+01,-3.097545469171399546e+01
-4.703999999999999915e+01,-3.096229045257599921e+01
-4.701999999999999602e+01,-3.094912621343799941e+01
-4.700000000000000000e+01,-3.093596197429999961e+01
-4.697999999999999687e+01,-3.092279773516199981e+01
-4.696000000000000085e+01,-3.090963349602400001e+01
-4.693999999999999773e+01,-3.089646925688600021e+01
-4.692000000000000171e+01,-3.088330501774800041e+01
-4.689999999999999858e+01,-3.087014077861000061e+01
-4.687999999999999545e+01,-3.085697653947199726e+01
-4.685999999999999943e+01,-3.084381230033400101e+01
-4.683999999999999631e+01,-3.083064806119599766e+01
-4.682000000000000028e+01,-3.081748382205800141e+01
-4.679999999999999716e+01,-3.080431958291999806e+01
-4.678000000000000114e+01,-3.079115534378200181e+01
-4.675999999999999801e+01,-3.077799110464399845e+01
-4.673999999999999488e+01,-3.076482686550599865e+01
-4.671999999999999886e+01,-3.075166262636799885e+01
-4.669999999999999574e+01,-3.073849838722999905e+01
-4.667999999999999972e+01,-3.072533414809199925e+01
-4.665999999999999659e+01,-3.071216990895399945e+01
-4.664000000000000057e+01,-3.069900566981599965e+01
-4.661999999999999744e+01,-3.068584143067799985e+01
-4.660000000000000142e+01,-3.067267719154000005e+01
-4.657999999999999829e+01,-3.065951295240200025e+01
-4.655999999999999517e+01,-3.064634871326399690e+01
-4.653999999999999915e+01,-3.063318447412600065e+01
-4.651999999999999602e+01,-3.062002023498799730e+01
-4.650000000000000000e+01,-3.060685599585000105e+01
-4.647999999999999687e+01,-3.059369175671199770e+01
-4.646000000000000085e+01,-3.058052751757400145e+01
-4.643999999999999773e+01,-3.056736327843599810e+01
-4.642000000000000171e+01,-3.055419903929800185e+01
-4.639999999999999858e+01,-3.054103480015999850e+01
-4.637999999999999545e+01,-3.052787056102199870e+01
-4.635999999999999943e+01,-3.051470632188399890e+01
-4.633999999999999631e+01,-3.050154208274599910e+01
-4.632000000000000028e+01,-3.048837784360799930e+01
-4.629999999999999716e+01,-3.047521360446999950e+01
-4.628000000000000114e+01,-3.046204936533199970e+01
-4.625999999999999801e+01,-3.044888512619399989e+01
-4.623999999999999488e+01,-3.043572088705599654e+01
-4.621999999999999886e+01,-3.042255664791800029e+01
-4.619999999999999574e+01,-3.040939240877999694e+01
-4.617999999999999972e+01,-3.039622816964200069e+01
-4.615999999999999659e+01,-3.038306393050399734e+01
-4.614000000000000057e+01,-3.036989969136600109e+01
-4.611999999999999744e+01,-3.035673545222799774e+01
-4.610000000000000142e+01,-3.034357121309000149e+01
-4.607999999999999829e+01,-3.033040697395199814e+01
-4.605999999999999517e+01,-3.031724273481399834e+01
-4.603999999999999915e+01,-3.030407849567599854e+01
-4.601999999999999602e+01,-3.029091425653799874e+01
-4.600000000000000000e+01,-3.027775001739999894e+01
-4.597999999999999687e+01,-3.026458577826199914e+01
-4.596000000000000085e+01,-3.025142153912399934e+01
-4.593999999999999773e+01,-3.023825729998599954e+01
-4.592000000000000171e+01,-3.022509306084799974e+01
-4.589999999999999858e+01,-3.021192882170999994e+01
-4.587999999999999545e+01,-3.019876458257199658e+01
-4.585999999999999943e+01,-3.018560034343400034e+01
-4.583999999999999631e+01,-3.017243610429599698e+01
-4.582000000000000028e+01,-3.015927186515800074e+01
-4.579999999999999716e+01,-3.014610762601999738e+01
-4.578000000000000114e+01,-3.013294338688200114e+01
-4.575999999999999801e+01,-3.011977914774399778e+01
-4.573999999999999488e+01,-3.010661490860599798e+01
-4.571999999999999886e+01,-3.009345066946799818e+01
-4.569999999999999574e+01,-3.008028643032999838e+01
-4.567999999999999972e+01,-3.006712219119199858e+01
-4.565999999999999659e+01,-3.005395795205399878e+01
-4.564000000000000057e+01,-3.004079371291599898e+01
-4.561999999999999744e+01,-3.002762947377799918e+01
-4.560000000000000142e+01,-3.001446523464000293e+01
-4.557999999999999829e+01,-3.000130099550199958e+01
-4.555999999999999517e+01,-2.998813675636399623e+01
-4.553999999999999915e+01,-2.997497251722599998e+01
-4.551999999999999602e+01,-2.996180827808799663e+01
-4.550000000000000000e+01,-2.994864403895000038e+01
-4.547999999999999687e+01,-2.993547979981199703e+01
-4.546000000000000085e+01,-2.992231556067400078e+01
-4.543999999999999773e+01,-2.990915132153599743e+01
-4.542000000000000171e+01,-2.989598708239800118e+01
-4.539999999999999858e+01,-2.988282284325999782e+01
-4.537999999999999545e+01,-2.986965860412199802e+01
-4.535999999999999943e+01,-2.985649436498399822e+01
-4.533999999999999631e+01,-2.984333012584599842e+01
-4.532000000000000028e+01,-2.983016588670800218e+01
-4.529999999999999716e+01,-2.981700164756999882e+01
-4.528000000000000114e+01,-2.980383740843200258e+01
-4.525999999999999801e+01,-2.979067316929399922e+01
-4.523999999999999488e+01,-2.977750893015599587e+01
-4.521999999999999886e+01,-2.976434469101799962e+01
-4.519999999999999574e+01,-2.975118045187999627e+01
-4.517999999999999972e+01,-2.973801621274200002e+01
-4.515999999999999659e+01,-2.972485197360399667e+01
-4.514000000000000057e+01,-2.971168773446600042e+01
-4.511999999999999744e+01,-2.969852349532799707e+01
-4.510000000000000142e+01,-2.968535925619000082e+01
-4.507999999999999829e+01,-2.967219501705199747e+01
-4.505999999999999517e+01,-2.965903077791399767e+01
-4.503999999999999915e+01,-2.964586653877600142e+01
-4.501999999999999602e+01,-2.963270229963799807e+01
-4.500000000000000000e+01,-2.961953806050000182e+01
-4.497999999999999687e+01,-2.960637382136199847e+01
-4.496000000000000085e+01,-2.959320958222400222e+01
-4.493999999999999773e+01,-2.958004534308599887e+01
-4.492000000000000171e+01,-2.956688110394800262e+01
-4.489999999999999858e+01,-2.955371686480999927e+01
-4.487999999999999545e+01,-2.954055262567199591e+01
-4.485999999999999943e+01,-2.952738838653399966e+01
-4.483999999999999631e+01,-2.951422414739599631e+01
-4.482000000000000028e+01,-2.950105990825800006e+01
-4.479999999999999716e+01,-2.948789566911999671e+01
-4.478000000000000114e+01,-2.947473142998200046e+01
-4.475999999999999801e+01,-2.946156719084400066e+01
-4.473999999999999488e+01,-2.944840295170599731e+01
-4.471999999999999886e+01,-2.943523871256800106e+01
-4.469999999999999574e+01,-2.942207447342999771e+01
-4.467999999999999972e+01,-2.940891023429200146e+01
-4.465999999999999659e+01,-2.939574599515399811e+01
-4.464000000000000057e+01,-2.938258175601600186e+01
-4.461999999999999744e+01,-2.936941751687799851e+01
-4.460000000000000142e+01,-2.935625327774000226e+01
-4.457999999999999829e+01,-2.934308903860199891e+01
-4.455999999999999517e+01,-2.932992479946399556e+01
-4.453999999999999915e+01,-2.931676056032599931e+01
-4.451999999999999602e+01,-2.930359632118799595e+01
-4.450000000000000000e+01,-2.929043208204999971e+01
-4.447999999999999687e+01,-2.927726784291199991e+01
-4.446000000000000085e+01,-2.926410360377400011e+01
-4.443999999999999773e+01,-2.925093936463600031e+01
-4.442000000000000171e+01,-2.923777512549800051e+01
-4.439999999999999858e+01,-2.922461088636000071e+01
-4.437999999999999545e+01,-2.921144664722199735e+01
-4.435999999999999943e+01,-2.919828240808400110e+01
-4.433999999999999631e+01,-2.918511816894599775e+01
-4.432000000000000028e+01,-2.917195392980800150e+01
-4.429999999999999716e+01,-2.915878969066999815e+01
-4.428000000000000114e+01,-2.914562545153200190e+01
-4.425999999999999801e+01,-2.913246121239399855e+01
-4.423999999999999488e+01,-2.911929697325599520e+01
-4.421999999999999886e+01,-2.910613273411799895e+01
-4.419999999999999574e+01,-2.909296849497999915e+01
-4.417999999999999972e+01,-2.907980425584199935e+01
-4.415999999999999659e+01,-2.906664001670399955e+01
-4.414000000000000057e+01,-2.905347577756599975e+01
-4.411999999999999744e+01,-2.904031153842799995e+01
-4.410000000000000142e+01,-2.902714729929000015e+01
-4.407999999999999829e+01,-2.901398306015200035e+01
-4.405999999999999517e+01,-2.900081882101399700e+01
-4.403999999999999915e+01,-2.898765458187600075e+01
-4.401999999999999602e+01,-2.897449034273799739e+01
-4.400000000000000000e+01,-2.896132610360000115e+01
-4.397999999999999687e+01,-2.894816186446199779e+01
-4.396000000000000085e+01,-2.893499762532400155e+01
-4.393999999999999773e+01,-2.892183338618599819e+01
-4.392000000000000171e+01,-2.890866914704800195e+01
-4.389999999999999858e+01,-2.889550490790999859e+01
-4.387999999999999545e+01,-2.888234066877199879e+01
-4.385999999999999943e+01,-2.886917642963399899e+01
-4.383999999999999631e+01,-2.885601219049599919e+01
-4.382000000000000028e+01,-2.884284795135799939e+01
-4.379999999999999716e+01,-2.882968371221999959e+01
-4.378000000000000114e+01,-2.881651947308199979e+01
-4.375999999999999801e+01,-2.880335523394399999e+01
-4.373999999999999488e+01,-2.879019099480599664e+01
-4.371999999999999886e+01,-2.877702675566800039e+01
-4.369999999999999574e+01,-2.876386251652999704e+01
-4.367999999999999972e+01,-2.875069827739200079e+01
-4.365999999999999659e+01,-2.873753403825399744e+01
-4.364000000000000057e+01,-2.872436979911600119e+01
-4.361999999999999744e+01,-2.871120555997799784e+01
-4.360000000000000142e+01,-2.869804132084000159e+01
-4.357999999999999829e+01,-2.868487708170199824e+01
-4.355999999999999517e+01,-2.867171284256399844e+01
-4.353999999999999915e+01,-2.865854860342599864e+01
-4.351999999999999602e+01,-2.864538436428799884e+01
-4.350000000000000000e+01,-2.863222012514999903e+01
-4.347999999999999687e+01,-2.861905588601199923e+01
-4.346000000000000085e+01,-2.860589164687399943e+01
-4.343999999999999773e+01,-2.859272740773599963e+01
-4.342000000000000171e+01,-2.857956316859799983e+01
-4.339999999999999858e+01,-2.856639892946000003e+01
-4.337999999999999545e+01,-2.855323469032199668e+01
-4.335999999999999943e+01,-2.854007045118400043e+01
-4.333999999999999631e+01,-2.852690621204599708e+01
-4.332000000000000028e+01,-2.851374197290800083e+01
-4.329999999999999716e+01,-2.850057773376999748e+01
-4.328000000000000114e+01,-2.848741349463200123e+01
-4.325999999999999801e+01,-2.847424925549399788e+01
-4.323999999999999488e+01,-2.846108501635599808e+01
-4.321999999999999886e+01,-2.844792077721799828e+01
-4.319999999999999574e+01,-2.843475653807999848e+01
-4.317999999999999972e+01,-2.842159229894199868e+01
-4.315999999999999659e+01,-2.840842805980399888e+01
-4.314000000000000057e+01,-2.839526382066599908e+01
-4.311999999999999744e+01,-2.838209958152799928e+01
-4.310000000000000142e+01,-2.836893534238999948e+01
-4.307999999999999829e+01,-2.835577110325199968e+01
-4.305999999999999517e+01,-2.834260686411399632e+01
-4.303999999999999915e+01,-2.832944262497600008e+01
-4.301999999999999602e+01,-2.831627838583799672e+01
-4.300000000000000000e+01,-2.830311414670000048e+01
-4.297999999999999687e+01,-2.828994990756199712e+01
-4.296000000000000085e+01,-2.827678566842400087e+01
-4.293999999999999773e+01,-2.826362142928599752e+01
-4.292000000000000171e+01,-2.825045719014800127e+01
-4.289999999999999858e+01,-2.823729295100999792e+01
-4.287999999999999545e+01,-2.822412871187199812e+01
-4.285999999999999943e+01,-2.821096447273399832e+01
-4.283999999999999631e+01,-2.819780023359599852e+01
-4.282000000000000028e+01,-2.818463599445799872e+01
-4.279999999999999716e+01,-2.817147175531999892e+01
-4.278000000000000114e+01,-2.815830751618200267e+01
-4.275999999999999801e+01,-2.814514327704399932e+01
-4.273999999999999488e+01,-2.813197903790599597e+01
-4.271999999999999886e+01,-2.811881479876799972e+01
-4.269999999999999574e+01,-2.810565055962999637e+01
-4.267999999999999972e+01,-2.809248632049200012e+01
-4.265999999999999659e+01,-2.807932208135399677e+01
-4.264000000000000057e+01,-2.806615784221600052e+01
-4.261999999999999744e+01,-2.805299360307799716e+01
-4.260000000000000142e+01,-2.803982936394000092e+01
-4.257999999999999829e+01,-2.802666512480199756e+01
-4.255999999999999517e+01,-2.801350088566399776e+01
-4.253999999999999915e+01,-2.800033664652599796e+01
-4.251999999999999602e+01,-2.798717240738799816e+01
-4.250000000000000000e+01,-2.797400816825000192e+01
-4.247999999999999687e+01,-2.796084392911199856e+01
-4.246000000000000085e+01,-2.794767968997400232e+01
-4.243999999999999773e+01,-2.793451545083599896e+01
-4.242000000000000171e+01,-2.792135121169800271e+01
-4.239999999999999858e+01,-2.790818697255999936e+01
-4.237999999999999545e+01,-2.789502273342199601e+01
-4.235999999999999943e+01,-2.788185849428399976e+01
-4.233999999999999631e+01,-2.786869425514599641e+01
-4.232000000000000028e+01,-2.785553001600800016e+01
-4.229999999999999716e+01,-2.784236577686999681e+01
-4.228000000000000114e+01,-2.782920153773200056e+01
-4.225999999999999801e+01,-2.781603729859399721e+01
-4.223999999999999488e+01,-2.780287305945599741e+01
-4.221999999999999886e+01,-2.778970882031800116e+01
-4.219999999999999574e+01,-2.777654458117999781e+01
-4.217999999999999972e+01,-2.776338034204200156e+01
-4.215999999999999659e+01,-2.775021610290399821e+01
-4.214000000000000057e+01,-2.773705186376600196e+01
-4.211999999999999744e+01,-2.772388762462799860e+01
-4.210000000000000142e+01,-2.771072338549000236e+01
-4.207999999999999829e+01,-2.769755914635199900e+01
-4.205999999999999517e+01,-2.768439490721399565e+01
-4.203999999999999915e+01,-2.767123066807599940e+01
-4.201999999999999602e+01,-2.765806642893799605e+01
-4.200000000000000000e+01,-2.764490218979999980e+01
-4.197999999999999687e+01,-2.763173795066199645e+01
-4.196000000000000085e+01,-2.761857371152400020e+01
-4.193999999999999773e+01,-2.760540947238600040e+01
-4.192000000000000171e+01,-2.759224523324800060e+01
-4.189999999999999858e+01,-2.757908099411000080e+01
-4.187999999999999545e+01,-2.756591675497199745e+01
-4.185999999999999943e+01,-2.755275251583400120e+01
-4.183999999999999631e+01,-2.753958827669599785e+01
-4.182000000000000028e+01,-2.752642403755800160e+01
-4.179999999999999716e+01,-2.751325979841999825e+01
-4.178000000000000114e+01,-2.750009555928200200e+01
-4.175999999999999801e+01,-2.748693132014399865e+01
-4.173999999999999488e+01,-2.747376708100599529e+01
-4.171999999999999886e+01,-2.746060284186799905e+01
-4.169999999999999574e+01,-2.744743860272999569e+01
-4.167999999999999972e+01,-2.743427436359199945e+01
-4.165999999999999659e+01,-2.742111012445399965e+01
-4.164000000000000057e+01,-2.740794588531599985e+01
-4.161999999999999744e+01,-2.739478164617800005e+01
-4.160000000000000142e+01,-2.738161740704000024e+01
-4.157999999999999829e+01,-2.736845316790200044e+01
-4.155999999999999517e+01,-2.735528892876399709e+01
-4.153999999999999915e+01,-2.734212468962600084e+01
-4.151999999999999602e+01,-2.732896045048799749e+01
-4.150000000000000000e+01,-2.731579621135000124e+01
-4.147999999999999687e+01,-2.730263197221199789e+01
-4.146000000000000085e+01,-2.728946773307400164e+01
-4.143999999999999773e+01,-2.727630349393599829e+01
-4.142000000000000171e+01,-2.726313925479800204e+01
-4.139999999999999858e+01,-2.724997501565999869e+01
-4.137999999999999545e+01,-2.723681077652199889e+01
-4.135999999999999943e+01,-2.722364653738399909e+01
-4.133999999999999631e+01,-2.721048229824599929e+01
-4.132000000000000028e+01,-2.719731805910799949e+01
-4.129999999999999716e+01,-2.718415381996999969e+01
-4.128000000000000114e+01,-2.717098958083199989e+01
-4.125999999999999801e+01,-2.715782534169400009e+01
-4.123999999999999488e+01,-2.714466110255599673e+01
-4.121999999999999886e+01,-2.713149686341800049e+01
-4.119999999999999574e+01,-2.711833262427999713e+01
-4.117999999999999972e+01,-2.710516838514200089e+01
-4.115999999999999659e+01,-2.709200414600399753e+01
-4.114000000000000057e+01,-2.707883990686600129e+01
-4.111999999999999744e+01,-2.706567566772799793e+01
-4.110000000000000142e+01,-2.705251142859000169e+01
-4.107999999999999829e+01,-2.703934718945199833e+01
-4.105999999999999517e+01,-2.702618295031399853e+01
-4.103999999999999915e+01,-2.701301871117599873e+01
-4.101999999999999602e+01,-2.699985447203799893e+01
-4.100000000000000000e+01,-2.698669023289999913e+01
-4.097999999999999687e+01,-2.697352599376199933e+01
-4.096000000000000085e+01,-2.696036175462399953e+01
-4.093999999999999773e+01,-2.694719751548599973e+01
-4.091999999999999460e+01,-2.693403327634799638e+01
-4.089999999999999858e+01,-2.692086903721000013e+01
-4.087999999999999545e+01,-2.690770479807199678e+01
-4.085999999999999943e+01,-2.689454055893400053e+01
-4.083999999999999631e+01,-2.688137631979599718e+01
-4.082000000000000028e+01,-2.686821208065800093e+01
-4.079999999999999716e+01,-2.685504784151999758e+01
-4.078000000000000114e+01,-2.684188360238200133e+01
-4.075999999999999801e+01,-2.682871936324399798e+01
-4.073999999999999488e+01,-2.681555512410599817e+01
-4.071999999999999886e+01,-2.680239088496799837e+01
-4.069999999999999574e+01,-2.678922664582999857e+01
-4.067999999999999972e+01,-2.677606240669199877e+01
-4.065999999999999659e+01,-2.676289816755399897e+01
-4.064000000000000057e+01,-2.674973392841599917e+01
-4.061999999999999744e+01,-2.673656968927799937e+01
-4.060000000000000142e+01,-2.672340545013999957e+01
-4.057999999999999829e+01,-2.671024121100199977e+01
-4.055999999999999517e+01,-2.669707697186399642e+01
-4.053999999999999915e+01,-2.668391273272600017e+01
-4.051999999999999602e+01,-2.667074849358799682e+01
-4.050000000000000000e+01,-2.665758425445000057e+01
-4.047999999999999687e+01,-2.664442001531199722e+01
-4.046000000000000085e+01,-2.663125577617400097e+01
-4.043999999999999773e+01,-2.661809153703599762e+01
-4.041999999999999460e+01,-2.660492729789799782e+01
-4.039999999999999858e+01,-2.659176305875999802e+01
-4.037999999999999545e+01,-2.657859881962199822e+01
-4.035999999999999943e+01,-2.656543458048399842e+01
-4.033999999999999631e+01,-2.655227034134599862e+01
-4.032000000000000028e+01,-2.653910610220799882e+01
-4.029999999999999716e+01,-2.652594186306999902e+01
-4.028000000000000114e+01,-2.651277762393199922e+01
-4.025999999999999801e+01,-2.649961338479399942e+01
-4.023999999999999488e+01,-2.648644914565599606e+01
-4.021999999999999886e+01,-2.647328490651799981e+01
-4.019999999999999574e+01,-2.646012066737999646e+01
-4.017999999999999972e+01,-2.644695642824200021e+01
-4.015999999999999659e+01,-2.643379218910399686e+01
-4.014000000000000057e+01,-2.642062794996600061e+01
-4.011999999999999744e+01,-2.640746371082799726e+01
-4.010000000000000142e+01,-2.639429947169000101e+01
-4.007999999999999829e+01,-2.638113523255199766e+01
-4.005999999999999517e+01,-2.636797099341399786e+01
-4.003999999999999915e+01,-2.635480675427599806e+01
-4.001999999999999602e+01,-2.634164251513799826e+01
-4.000000000000000000e+01,-2.632847827599999846e+01
-3.997999999999999687e+01,-2.631531403686199866e+01
-3.996000000000000085e+01,-2.630214979772400241e+01
-3.993999999999999773e+01,-2.628898555858599906e+01
-3.991999999999999460e+01,-2.627582131944799571e+01
-3.989999999999999858e+01,-2.626265708030999946e+01
-3.987999999999999545e+01,-2.624949284117199610e+01
-3.985999999999999943e+01,-2.623632860203399986e+01
-3.983999999999999631e+01,-2.622316436289599650e+01
-3.982000000000000028e+01,-2.621000012375800026e+01
-3.979999999999999716e+01,-2.619683588461999690e+01
-3.978000000000000114e+01,-2.618367164548200066e+01
-3.975999999999999801e+01,-2.617050740634399730e+01
-3.973999999999999488e+01,-2.615734316720599750e+01
-3.971999999999999886e+01,-2.614417892806800126e+01
-3.969999999999999574e+01,-2.613101468892999790e+01
-3.967999999999999972e+01,-2.611785044979200165e+01
-3.965999999999999659e+01,-2.610468621065399830e+01
-3.964000000000000057e+01,-2.609152197151600205e+01
-3.961999999999999744e+01,-2.607835773237799870e+01
-3.960000000000000142e+01,-2.606519349324000245e+01
-3.957999999999999829e+01,-2.605202925410199910e+01
-3.955999999999999517e+01,-2.603886501496399575e+01
-3.953999999999999915e+01,-2.602570077582599950e+01
-3.951999999999999602e+01,-2.601253653668799615e+01
-3.950000000000000000e+01,-2.599937229754999990e+01
-3.947999999999999687e+01,-2.598620805841199655e+01
-3.946000000000000085e+01,-2.597304381927400030e+01
-3.943999999999999773e+01,-2.595987958013600050e+01
-3.941999999999999460e+01,-2.594671534099799715e+01
-3.939999999999999858e+01,-2.593355110186000090e+01
-3.937999999999999545e+01,-2.592038686272199755e+01
-3.935999999999999943e+01,-2.590722262358400130e+01
-3.933999999999999631e+01,-2.589405838444599794e+01
-3.932000000000000028e+01,-2.588089414530800170e+01
-3.929999999999999716e+01,-2.586772990616999834e+01
-3.928000000000000114e+01,-2.585456566703200210e+01
-3.925999999999999801e+01,-2.584140142789399874e+01
-3.923999999999999488e+01,-2.582823718875599539e+01
-3.921999999999999886e+01,-2.581507294961799914e+01
-3.919999999999999574e+01,-2.580190871047999579e+01
-3.917999999999999972e+01,-2.578874447134199954e+01
-3.915999999999999659e+01,-2.577558023220399974e+01
-3.914000000000000057e+01,-2.576241599306599994e+01
-3.911999999999999744e+01,-2.574925175392800014e+01
-3.910000000000000142e+01,-2.573608751479000034e+01
-3.907999999999999829e+01,-2.572292327565200054e+01
-3.905999999999999517e+01,-2.570975903651399719e+01
-3.903999999999999915e+01,-2.569659479737600094e+01
-3.901999999999999602e+01,-2.568343055823799759e+01
-3.900000000000000000e+01,-2.567026631910000134e+01
-3.897999999999999687e+01,-2.565710207996199799e+01
-3.896000000000000085e+01,-2.564393784082400174e+01
-3.893999999999999773e+01,-2.563077360168599839e+01
-3.891999999999999460e+01,-2.561760936254799503e+01
-3.889999999999999858e+01,-2.560444512340999879e+01
-3.887999999999999545e+01,-2.559128088427199899e+01
-3.885999999999999943e+01,-2.557811664513399919e+01
-3.883999999999999631e+01,-2.556495240599599938e+01
-3.882000000000000028e+01,-2.555178816685799958e+01
-3.879999999999999716e+01,-2.553862392771999978e+01
-3.878000000000000114e+01,-2.552545968858199998e+01
-3.875999999999999801e+01,-2.551229544944400018e+01
-3.873999999999999488e+01,-2.549913121030599683e+01
-3.871999999999999886e+01,-2.548596697116800058e+01
-3.869999999999999574e+01,-2.547280273202999723e+01
-3.867999999999999972e+01,-2.545963849289200098e+01
-3.865999999999999659e+01,-2.544647425375399763e+01
-3.864000000000000057e+01,-2.543331001461600138e+01
-3.861999999999999744e+01,-2.542014577547799803e+01
-3.860000000000000142e+01,-2.540698153634000178e+01
-3.857999999999999829e+01,-2.539381729720199843e+01
-3.855999999999999517e+01,-2.538065305806399863e+01
-3.853999999999999915e+01,-2.536748881892599883e+01
-3.851999999999999602e+01,-2.535432457978799903e+01
-3.850000000000000000e+01,-2.534116034064999923e+01
-3.847999999999999687e+01,-2.532799610151199943e+01
-3.846000000000000085e+01,-2.531483186237399963e+01
-3.843999999999999773e+01,-2.530166762323599983e+01
-3.841999999999999460e+01,-2.528850338409799647e+01
-3.839999999999999858e+01,-2.527533914496000023e+01
-3.837999999999999545e+01,-2.526217490582199687e+01
-3.835999999999999943e+01,-2.524901066668400063e+01
-3.833999999999999631e+01,-2.523584642754599727e+01
-3.832000000000000028e+01,-2.522268218840800102e+01
-3.829999999999999716e+01,-2.520951794926999767e+01
-3.828000000000000114e+01,-2.519635371013200142e+01
-3.825999999999999801e+01,-2.518318947099399807e+01
-3.823999999999999488e+01,-2.517002523185599827e+01
-3.821999999999999886e+01,-2.515686099271799847e+01
-3.819999999999999574e+01,-2.514369675357999867e+01
-3.817999999999999972e+01,-2.513053251444199887e+01
-3.815999999999999659e+01,-2.511736827530399907e+01
-3.814000000000000057e+01,-2.510420403616599927e+01
-3.811999999999999744e+01,-2.509103979702799947e+01
-3.810000000000000142e+01,-2.507787555788999967e+01
-3.807999999999999829e+01,-2.506471131875199987e+01
-3.805999999999999517e+01,-2.505154707961399652e+01
-3.803999999999999915e+01,-2.503838284047600027e+01
-3.801999999999999602e+01,-2.502521860133799692e+01
-3.800000000000000000e+01,-2.501205436220000067e+01
-3.797999999999999687e+01,-2.499889012306199731e+01
-3.796000000000000085e+01,-2.498572588392400107e+01
-3.793999999999999773e+01,-2.497256164478599771e+01
-3.791999999999999460e+01,-2.495939740564799791e+01
-3.789999999999999858e+01,-2.494623316650999811e+01
-3.787999999999999545e+01,-2.493306892737199831e+01
-3.785999999999999943e+01,-2.491990468823399851e+01
-3.783999999999999631e+01,-2.490674044909599871e+01
-3.782000000000000028e+01,-2.489357620995799891e+01
-3.779999999999999716e+01,-2.488041197081999911e+01
-3.778000000000000114e+01,-2.486724773168199931e+01
-3.775999999999999801e+01,-2.485408349254399951e+01
-3.773999999999999488e+01,-2.484091925340599616e+01
-3.771999999999999886e+01,-2.482775501426799991e+01
-3.769999999999999574e+01,-2.481459077512999656e+01
-3.767999999999999972e+01,-2.480142653599200031e+01
-3.765999999999999659e+01,-2.478826229685399696e+01
-3.764000000000000057e+01,-2.477509805771600071e+01
-3.761999999999999744e+01,-2.476193381857799736e+01
-3.760000000000000142e+01,-2.474876957944000111e+01
-3.757999999999999829e+01,-2.473560534030199776e+01
-3.755999999999999517e+01,-2.472244110116399796e+01
-3.753999999999999915e+01,-2.470927686202599816e+01
-3.751999999999999602e+01,-2.469611262288799836e+01
-3.750000000000000000e+01,-2.468294838374999856e+01
-3.747999999999999687e+01,-2.466978414461199876e+01
-3.746000000000000085e+01,-2.465661990547400251e+01
-3.743999999999999773e+01,-2.464345566633599915e+01
-3.741999999999999460e+01,-2.463029142719799580e+01
-3.739999999999999858e+01,-2.461712718805999955e+01
-3.737999999999999545e+01,-2.460396294892199620e+01
-3.735999999999999943e+01,-2.459079870978399995e+01
-3.733999999999999631e+01,-2.457763447064599660e+01
-3.732000000000000028e+01,-2.456447023150800035e+01
-3.729999999999999716e+01,-2.455130599236999700e+01
-3.728000000000000114e+01,-2.453814175323200075e+01
-3.725999999999999801e+01,-2.452497751409399740e+01
-3.723999999999999488e+01,-2.451181327495599760e+01
-3.721999999999999886e+01,-2.449864903581799780e+01
-3.719999999999999574e+01,-2.448548479667999800e+01
-3.717999999999999972e+01,-2.447232055754200175e+01
-3.715999999999999659e+01,-2.445915631840399840e+01
-3.714000000000000057e+01,-2.444599207926600215e+01
-3.711999999999999744e+01,-2.443282784012799880e+01
-3.710000000000000142e+01,-2.441966360099000255e+01
-3.707999999999999829e+01,-2.440649936185199920e+01
-3.705999999999999517e+01,-2.439333512271399584e+01
-3.703999999999999915e+01,-2.438017088357599960e+01
-3.701999999999999602e+01,-2.436700664443799624e+01
-3.700000000000000000e+01,-2.435384240530000000e+01
-3.697999999999999687e+01,-2.434067816616199664e+01
-3.696000000000000085e+01,-2.432751392702400040e+01
-3.693999999999999773e+01,-2.431434968788599704e+01
-3.691999999999999460e+01,-2.430118544874799724e+01
-3.689999999999999858e+01,-2.428802120961000099e+01
-3.687999999999999545e+01,-2.427485697047199764e+01
-3.685999999999999943e+01,-2.426169273133400139e+01
-3.683999999999999631e+01,-2.424852849219599804e+01
-3.682000000000000028e+01,-2.423536425305800179e+01
-3.679999999999999716e+01,-2.422220001391999844e+01
-3.678000000000000114e+01,-2.420903577478200219e+01
-3.675999999999999801e+01,-2.419587153564399884e+01
-3.673999999999999488e+01,-2.418270729650599549e+01
-3.671999999999999886e+01,-2.416954305736799924e+01
-3.669999999999999574e+01,-2.415637881822999589e+01
-3.667999999999999972e+01,-2.414321457909199964e+01
-3.665999999999999659e+01,-2.413005033995399629e+01
-3.664000000000000057e+01,-2.411688610081600004e+01
-3.661999999999999744e+01,-2.410372186167800024e+01
-3.660000000000000142e+01,-2.409055762254000044e+01
-3.657999999999999829e+01,-2.407739338340200064e+01
-3.655999999999999517e+01,-2.406422914426399728e+01
-3.653999999999999915e+01,-2.405106490512600104e+01
-3.651999999999999602e+01,-2.403790066598799768e+01
-3.650000000000000000e+01,-2.402473642685000144e+01
-3.647999999999999687e+01,-2.401157218771199808e+01
-3.646000000000000085e+01,-2.399840794857400184e+01
-3.643999999999999773e+01,-2.398524370943599848e+01
-3.641999999999999460e+01,-2.397207947029799513e+01
-3.639999999999999858e+01,-2.395891523115999888e+01
-3.637999999999999545e+01,-2.394575099202199553e+01
-3.635999999999999943e+01,-2.393258675288399928e+01
-3.633999999999999631e+01,-2.391942251374599948e+01
-3.632000000000000028e+01,-2.390625827460799968e+01
-3.629999999999999716e+01,-2.389309403546999988e+01
-3.628000000000000114e+01,-2.387992979633200008e+01
-3.625999999999999801e+01,-2.386676555719400028e+01
-3.623999999999999488e+01,-2.385360131805599693e+01
-3.621999999999999886e+01,-2.384043707891800068e+01
-3.619999999999999574e+01,-2.382727283977999733e+01
-3.617999999999999972e+01,-2.381410860064200108e+01
-3.615999999999999659e+01,-2.380094436150399773e+01
-3.614000000000000057e+01,-2.378778012236600148e+01
-3.611999999999999744e+01,-2.377461588322799813e+01
-3.610000000000000142e+01,-2.376145164409000188e+01
-3.607999999999999829e+01,-2.374828740495199852e+01
-3.605999999999999517e+01,-2.373512316581399872e+01
-3.603999999999999915e+01,-2.372195892667599892e+01
-3.601999999999999602e+01,-2.370879468753799912e+01
-3.600000000000000000e+01,-2.369563044839999932e+01
-3.597999999999999687e+01,-2.368246620926199952e+01
-3.596000000000000085e+01,-2.366930197012399972e+01
-3.593999999999999773e+01,-2.365613773098599992e+01
-3.591999999999999460e+01,-2.364297349184799657e+01
-3.589999999999999858e+01,-2.362980925271000032e+01
-3.587999999999999545e+01,-2.361664501357199697e+01
-3.585999999999999943e+01,-2.360348077443400072e+01
-3.583999999999999631e+01,-2.359031653529599737e+01
-3.582000000000000028e+01,-2.357715229615800112e+01
-3.579999999999999716e+01,-2.356398805701999777e+01
-3.578000000000000114e+01,-2.355082381788200152e+01
-3.575999999999999801e+01,-2.353765957874399817e+01
-3.573999999999999488e+01,-2.352449533960599837e+01
-3.571999999999999886e+01,-2.351133110046799857e+01
-3.569999999999999574e+01,-2.349816686132999877e+01
-3.567999999999999972e+01,-2.348500262219199897e+01
-3.565999999999999659e+01,-2.347183838305399917e+01
-3.564000000000000057e+01,-2.345867414391599937e+01
-3.561999999999999744e+01,-2.344550990477799957e+01
-3.560000000000000142e+01,-2.343234566563999977e+01
-3.557999999999999829e+01,-2.341918142650199997e+01
-3.555999999999999517e+01,-2.340601718736399661e+01
-3.553999999999999915e+01,-2.339285294822600036e+01
-3.551999999999999602e+01,-2.337968870908799701e+01
-3.550000000000000000e+01,-2.336652446995000076e+01
-3.547999999999999687e+01,-2.335336023081199741e+01
-3.546000000000000085e+01,-2.334019599167400116e+01
-3.543999999999999773e+01,-2.332703175253599781e+01
-3.541999999999999460e+01,-2.331386751339799801e+01
-3.539999999999999858e+01,-2.330070327425999821e+01
-3.537999999999999545e+01,-2.328753903512199841e+01
-3.535999999999999943e+01,-2.327437479598399861e+01
-3.533999999999999631e+01,-2.326121055684599881e+01
-3.532000000000000028e+01,-2.324804631770799901e+01
-3.529999999999999716e+01,-2.323488207856999921e+01
-3.528000000000000114e+01,-2.322171783943199941e+01
-3.525999999999999801e+01,-2.320855360029399961e+01
-3.523999999999999488e+01,-2.319538936115599626e+01
-3.521999999999999886e+01,-2.318222512201800001e+01
-3.519999999999999574e+01,-2.316906088287999665e+01
-3.517999999999999972e+01,-2.315589664374200041e+01
-3.515999999999999659e+01,-2.314273240460399705e+01
-3.514000000000000057e+01,-2.312956816546600081e+01
-3.511999999999999744e+01,-2.311640392632799745e+01
-3.510000000000000142e+01,-2.310323968719000121e+01
-3.507999999999999829e+01,-2.309007544805199785e+01
-3.505999999999999517e+01,-2.307691120891399805e+01
-3.503999999999999915e+01,-2.306374696977599825e+01
-3.501999999999999602e+01,-2.305058273063799845e+01
-3.500000000000000000e+01,-2.303741849149999865e+01
-3.497999999999999687e+01,-2.302425425236199885e+01
-3.496000000000000085e+01,-2.301109001322399905e+01
-3.493999999999999773e+01,-2.299792577408599925e+01
-3.491999999999999460e+01,-2.298476153494799590e+01
-3.489999999999999858e+01,-2.297159729580999965e+01
-3.487999999999999545e+01,-2.295843305667199630e+01
-3.485999999999999943e+01,-2.294526881753400005e+01
-3.483999999999999631e+01,-2.293210457839599670e+01
-3.482000000000000028e+01,-2.291894033925800045e+01
-3.479999999999999716e+01,-2.290577610011999710e+01
-3.478000000000000114e+01,-2.289261186098200085e+01
-3.475999999999999801e+01,-2.287944762184399750e+01
-3.473999999999999488e+01,-2.286628338270599770e+01
-3.471999999999999886e+01,-2.285311914356799790e+01
-3.469999999999999574e+01,-2.283995490442999809e+01
-3.467999999999999972e+01,-2.282679066529199829e+01
-3.465999999999999659e+01,-2.281362642615399849e+01
-3.464000000000000057e+01,-2.280046218701600225e+01
-3.461999999999999744e+01,-2.278729794787799889e+01
-3.460000000000000142e+01,-2.277413370874000265e+01
-3.457999999999999829e+01,-2.276096946960199929e+01
-3.455999999999999517e+01,-2.274780523046399594e+01
-3.453999999999999915e+01,-2.273464099132599969e+01
-3.451999999999999602e+01,-2.272147675218799634e+01
-3.450000000000000000e+01,-2.270831251305000009e+01
-3.447999999999999687e+01,-2.269514827391199674e+01
-3.446000000000000085e+01,-2.268198403477400049e+01
-3.443999999999999773e+01,-2.266881979563599714e+01
-3.441999999999999460e+01,-2.265565555649799734e+01
-3.439999999999999858e+01,-2.264249131735999754e+01
-3.437999999999999545e+01,-2.262932707822199774e+01
-3.435999999999999943e+01,-2.261616283908400149e+01
-3.433999999999999631e+01,-2.260299859994599814e+01
-3.432000000000000028e+01,-2.258983436080800189e+01
-3.429999999999999716e+01,-2.257667012166999854e+01
-3.428000000000000114e+01,-2.256350588253200229e+01
-3.425999999999999801e+01,-2.255034164339399894e+01
-3.423999999999999488e+01,-2.253717740425599558e+01
-3.421999999999999886e+01,-2.252401316511799934e+01
-3.419999999999999574e+01,-2.251084892597999598e+01
-3.417999999999999972e+01,-2.249768468684199973e+01
-3.415999999999999659e+01,-2.248452044770399638e+01
-3.414000000000000057e+01,-2.247135620856600013e+01
-3.411999999999999744e+01,-2.245819196942799678e+01
-3.410000000000000142e+01,-2.244502773029000053e+01
-3.407999999999999829e+01,-2.243186349115200073e+01
-3.405999999999999517e+01,-2.241869925201399738e+01
-3.403999999999999915e+01,-2.240553501287600113e+01
-3.401999999999999602e+01,-2.239237077373799778e+01
-3.400000000000000000e+01,-2.237920653460000153e+01
-3.397999999999999687e+01,-2.236604229546199818e+01
-3.396000000000000085e+01,-2.235287805632400193e+01
-3.393999999999999773e+01,-2.233971381718599858e+01
-3.391999999999999460e+01,-2.232654957804799523e+01
-3.389999999999999858e+01,-2.231338533890999898e+01
-3.387999999999999545e+01,-2.230022109977199563e+01
-3.385999999999999943e+01,-2.228705686063399938e+01
-3.383999999999999631e+01,-2.227389262149599602e+01
-3.382000000000000028e+01,-2.226072838235799978e+01
-3.379999999999999716e+01,-2.224756414321999998e+01
-3.378000000000000114e+01,-2.223439990408200018e+01
-3.375999999999999801e+01,-2.222123566494400038e+01
-3.373999999999999488e+01,-2.220807142580599702e+01
-3.371999999999999886e+01,-2.219490718666800078e+01
-3.369999999999999574e+01,-2.218174294752999742e+01
-3.367999999999999972e+01,-2.216857870839200118e+01
-3.365999999999999659e+01,-2.215541446925399782e+01
-3.364000000000000057e+01,-2.214225023011600157e+01
-3.361999999999999744e+01,-2.212908599097799822e+01
-3.360000000000000142e+01,-2.211592175184000197e+01
-3.357999999999999829e+01,-2.210275751270199862e+01
-3.355999999999999517e+01,-2.208959327356399527e+01
-3.353999999999999915e+01,-2.207642903442599902e+01
-3.351999999999999602e+01,-2.206326479528799922e+01
-3.350000000000000000e+01,-2.205010055614999942e+01
-3.347999999999999687e+01,-2.203693631701199962e+01
-3.346000000000000085e+01,-2.202377207787399982e+01
-3.343999999999999773e+01,-2.201060783873600002e+01
-3.341999999999999460e+01,-2.199744359959799667e+01
-3.339999999999999858e+01,-2.198427936046000042e+01
-3.337999999999999545e+01,-2.197111512132199707e+01
-3.335999999999999943e+01,-2.195795088218400082e+01
-3.333999999999999631e+01,-2.194478664304599747e+01
-3.332000000000000028e+01,-2.193162240390800122e+01
-3.329999999999999716e+01,-2.191845816476999786e+01
-3.328000000000000114e+01,-2.190529392563200162e+01
-3.325999999999999801e+01,-2.189212968649399826e+01
-3.323999999999999488e+01,-2.187896544735599846e+01
-3.321999999999999886e+01,-2.186580120821799866e+01
-3.319999999999999574e+01,-2.185263696907999886e+01
-3.317999999999999972e+01,-2.183947272994199906e+01
-3.315999999999999659e+01,-2.182630849080399926e+01
-3.314000000000000057e+01,-2.181314425166599946e+01
-3.311999999999999744e+01,-2.179998001252799966e+01
-3.310000000000000142e+01,-2.178681577338999986e+01
-3.307999999999999829e+01,-2.177365153425200006e+01
-3.305999999999999517e+01,-2.176048729511399671e+01
-3.303999999999999915e+01,-2.174732305597600046e+01
-3.301999999999999602e+01,-2.173415881683799711e+01
-3.300000000000000000e+01,-2.172099457770000086e+01
-3.297999999999999687e+01,-2.170783033856199751e+01
-3.296000000000000085e+01,-2.169466609942400126e+01
-3.293999999999999773e+01,-2.168150186028599791e+01
-3.291999999999999460e+01,-2.166833762114799811e+01
-3.289999999999999858e+01,-2.165517338200999831e+01
-3.287999999999999545e+01,-2.164200914287199851e+01
-3.285999999999999943e+01,-2.162884490373399871e+01
-3.283999999999999631e+01,-2.161568066459599891e+01
-3.282000000000000028e+01,-2.160251642545799911e+01
-3.279999999999999716e+01,-2.158935218631999930e+01
-3.278000000000000114e+01,-2.157618794718199950e+01
-3.275999999999999801e+01,-2.156302370804399970e+01
-3.273999999999999488e+01,-2.154985946890599635e+01
-3.271999999999999886e+01,-2.153669522976800010e+01
-3.269999999999999574e+01,-2.152353099062999675e+01
-3.267999999999999972e+01,-2.151036675149200050e+01
-3.265999999999999659e+01,-2.149720251235399715e+01
-3.264000000000000057e+01,-2.148403827321600090e+01
-3.261999999999999744e+01,-2.147087403407799755e+01
-3.260000000000000142e+01,-2.145770979494000130e+01
-3.257999999999999829e+01,-2.144454555580199795e+01
-3.255999999999999517e+01,-2.143138131666399815e+01
-3.253999999999999915e+01,-2.141821707752599835e+01
-3.251999999999999602e+01,-2.140505283838799855e+01
-3.250000000000000000e+01,-2.139188859924999875e+01
-3.247999999999999687e+01,-2.137872436011199895e+01
-3.246000000000000085e+01,-2.136556012097399915e+01
-3.243999999999999773e+01,-2.135239588183599935e+01
-3.241999999999999460e+01,-2.133923164269799599e+01
-3.239999999999999858e+01,-2.132606740355999975e+01
-3.237999999999999545e+01,-2.131290316442199639e+01
-3.235999999999999943e+01,-2.129973892528400015e+01
-3.233999999999999631e+01,-2.128657468614599679e+01
-3.232000000000000028e+01,-2.127341044700800055e+01
-3.229999999999999716e+01,-2.126024620786999719e+01
-3.228000000000000114e+01,-2.124708196873200095e+01
-3.225999999999999801e+01,-2.123391772959399759e+01
-3.223999999999999488e+01,-2.122075349045599779e+01
-3.221999999999999886e+01,-2.120758925131799799e+01
-3.219999999999999574e+01,-2.119442501217999819e+01
-3.217999999999999972e+01,-2.118126077304199839e+01
-3.215999999999999659e+01,-2.116809653390399859e+01
-3.214000000000000057e+01,-2.115493229476599879e+01
-3.211999999999999744e+01,-2.114176805562799899e+01
-3.210000000000000142e+01,-2.112860381649000274e+01
-3.207999999999999829e+01,-2.111543957735199939e+01
-3.205999999999999517e+01,-2.110227533821399604e+01
-3.203999999999999915e+01,-2.108911109907599979e+01
-3.201999999999999602e+01,-2.107594685993799644e+01
-3.199999999999999645e+01,-2.106278262079999664e+01
-3.197999999999999687e+01,-2.104961838166199684e+01
-3.195999999999999730e+01,-2.103645414252399704e+01
-3.193999999999999773e+01,-2.102328990338599723e+01
-3.191999999999999815e+01,-2.101012566424799743e+01
-3.189999999999999858e+01,-2.099696142510999763e+01
-3.187999999999999901e+01,-2.098379718597199783e+01
-3.185999999999999943e+01,-2.097063294683400159e+01
-3.183999999999999631e+01,-2.095746870769599823e+01
-3.181999999999999673e+01,-2.094430446855799843e+01
-3.179999999999999716e+01,-2.093114022941999863e+01
-3.177999999999999758e+01,-2.091797599028199883e+01
-3.175999999999999801e+01,-2.090481175114399903e+01
-3.173999999999999844e+01,-2.089164751200599923e+01
-3.171999999999999886e+01,-2.087848327286799943e+01
-3.169999999999999929e+01,-2.086531903372999963e+01
-3.167999999999999972e+01,-2.085215479459199983e+01
-3.165999999999999659e+01,-2.083899055545399648e+01
-3.163999999999999702e+01,-2.082582631631599668e+01
-3.161999999999999744e+01,-2.081266207717799688e+01
-3.159999999999999787e+01,-2.079949783803999708e+01
-3.157999999999999829e+01,-2.078633359890200083e+01
-3.155999999999999872e+01,-2.077316935976400103e+01
-3.153999999999999915e+01,-2.076000512062600123e+01
-3.151999999999999957e+01,-2.074684088148800143e+01
-3.149999999999999645e+01,-2.073367664234999808e+01
-3.147999999999999687e+01,-2.072051240321199828e+01
-3.145999999999999730e+01,-2.070734816407399848e+01
-3.143999999999999773e+01,-2.069418392493599868e+01
-3.141999999999999815e+01,-2.068101968579799887e+01
-3.139999999999999858e+01,-2.066785544665999907e+01
-3.137999999999999901e+01,-2.065469120752199927e+01
-3.135999999999999943e+01,-2.064152696838399947e+01
-3.133999999999999631e+01,-2.062836272924599612e+01
-3.131999999999999673e+01,-2.061519849010799632e+01
-3.129999999999999716e+01,-2.060203425097000007e+01
-3.127999999999999758e+01,-2.058887001183200027e+01
-3.125999999999999801e+01,-2.057570577269400047e+01
-3.123999999999999844e+01,-2.056254153355600067e+01
-3.121999999999999886e+01,-2.054937729441800087e+01
-3.119999999999999929e+01,-2.053621305528000107e+01
-3.117999999999999972e+01,-2.052304881614200127e+01
-3.115999999999999659e+01,-2.050988457700399792e+01
-3.113999999999999702e+01,-2.049672033786599812e+01
-3.111999999999999744e+01,-2.048355609872799832e+01
-3.109999999999999787e+01,-2.047039185958999852e+01
-3.107999999999999829e+01,-2.045722762045199872e+01
-3.105999999999999872e+01,-2.044406338131399892e+01
-3.103999999999999915e+01,-2.043089914217599912e+01
-3.101999999999999957e+01,-2.041773490303799932e+01
-3.099999999999999645e+01,-2.040457066389999952e+01
-3.097999999999999687e+01,-2.039140642476199972e+01
-3.095999999999999730e+01,-2.037824218562399992e+01
-3.093999999999999773e+01,-2.036507794648600012e+01
-3.091999999999999815e+01,-2.035191370734800032e+01
-3.089999999999999858e+01,-2.033874946821000052e+01
-3.087999999999999901e+01,-2.032558522907200071e+01
-3.085999999999999943e+01,-2.031242098993400091e+01
-3.083999999999999631e+01,-2.029925675079599756e+01
-3.081999999999999673e+01,-2.028609251165799776e+01
-3.079999999999999716e+01,-2.027292827251999796e+01
-3.077999999999999758e+01,-2.025976403338199816e+01
-3.075999999999999801e+01,-2.024659979424399836e+01
-3.073999999999999844e+01,-2.023343555510599856e+01
-3.071999999999999886e+01,-2.022027131596799876e+01
-3.069999999999999929e+01,-2.020710707682999896e+01
-3.067999999999999616e+01,-2.019394283769199916e+01
-3.065999999999999659e+01,-2.018077859855399936e+01
-3.063999999999999702e+01,-2.016761435941599956e+01
-3.061999999999999744e+01,-2.015445012027799976e+01
-3.059999999999999787e+01,-2.014128588113999996e+01
-3.057999999999999829e+01,-2.012812164200200016e+01
-3.055999999999999872e+01,-2.011495740286400036e+01
-3.053999999999999915e+01,-2.010179316372600056e+01
-3.051999999999999957e+01,-2.008862892458800076e+01
-3.049999999999999645e+01,-2.007546468544999740e+01
-3.047999999999999687e+01,-2.006230044631199760e+01
-3.045999999999999730e+01,-2.004913620717399780e+01
-3.043999999999999773e+01,-2.003597196803599800e+01
-3.041999999999999815e+01,-2.002280772889799820e+01
-3.039999999999999858e+01,-2.000964348975999840e+01
-3.037999999999999901e+01,-1.999647925062199860e+01
-3.035999999999999943e+01,-1.998331501148399880e+01
-3.033999999999999631e+01,-1.997015077234599900e+01
-3.031999999999999673e+01,-1.995698653320799920e+01
-3.029999999999999716e+01,-1.994382229406999940e+01
-3.027999999999999758e+01,-1.993065805493199960e+01
-3.025999999999999801e+01,-1.991749381579399980e+01
-3.023999999999999844e+01,-1.990432957665600000e+01
-3.021999999999999886e+01,-1.989116533751800020e+01
-3.019999999999999929e+01,-1.987800109838000040e+01
-3.017999999999999616e+01,-1.986483685924199705e+01
-3.015999999999999659e+01,-1.985167262010399725e+01
-3.013999999999999702e+01,-1.983850838096599745e+01
-3.011999999999999744e+01,-1.982534414182799765e+01
-3.009999999999999787e+01,-1.981217990268999785e+01
-3.007999999999999829e+01,-1.979901566355199805e+01
-3.005999999999999872e+01,-1.978585142441399825e+01
-3.003999999999999915e+01,-1.977268718527599844e+01
-3.001999999999999957e+01,-1.975952294613799864e+01
-2.999999999999999645e+01,-1.974635870699999884e+01
-2.997999999999999687e+01,-1.973319446786199904e+01
-2.995999999999999730e+01,-1.972003022872399924e+01
-2.993999999999999773e+01,-1.970686598958599944e+01
-2.991999999999999815e+01,-1.969370175044799964e+01
-2.989999999999999858e+01,-1.968053751130999984e+01
-2.987999999999999901e+01,-1.966737327217200004e+01
-2.985999999999999943e+01,-1.965420903303400024e+01
-2.983999999999999631e+01,-1.964104479389599689e+01
-2.981999999999999673e+01,-1.962788055475799709e+01
-2.979999999999999716e+01,-1.961471631561999729e+01
-2.977999999999999758e+01,-1.960155207648199749e+01
-2.975999999999999801e+01,-1.958838783734399769e+01
-2.973999999999999844e+01,-1.957522359820599789e+01
-2.971999999999999886e+01,-1.956205935906799809e+01
-2.969999999999999929e+01,-1.954889511992999829e+01
-2.967999999999999616e+01,-1.953573088079199849e+01
-2.965999999999999659e+01,-1.952256664165399869e+01
-2.963999999999999702e+01,-1.950940240251599889e+01
-2.961999999999999744e+01,-1.949623816337799909e+01
-2.959999999999999787e+01,-1.948307392423999929e+01
-2.957999999999999829e+01,-1.946990968510199949e+01
-2.955999999999999872e+01,-1.945674544596399969e+01
-2.953999999999999915e+01,-1.944358120682599989e+01
-2.951999999999999957e+01,-1.943041696768800008e+01
-2.949999999999999645e+01,-1.941725272854999673e+01
-2.947999999999999687e+01,-1.940408848941199693e+01
-2.945999999999999730e+01,-1.939092425027399713e+01
-2.943999999999999773e+01,-1.937776001113599733e+01
-2.941999999999999815e+01,-1.936459577199799753e+01
-2.939999999999999858e+01,-1.935143153285999773e+01
-2.937999999999999901e+01,-1.933826729372199793e+01
-2.935999999999999943e+01,-1.932510305458399813e+01
-2.933999999999999631e+01,-1.931193881544599833e+01
-2.931999999999999673e+01,-1.929877457630799853e+01
-2.929999999999999716e+01,-1.928561033716999873e+01
-2.927999999999999758e+01,-1.927244609803199893e+01
-2.925999999999999801e+01,-1.925928185889399913e+01
-2.923999999999999844e+01,-1.924611761975599933e+01
-2.921999999999999886e+01,-1.923295338061799953e+01
-2.919999999999999929e+01,-1.921978914147999973e+01
-2.917999999999999616e+01,-1.920662490234199637e+01
-2.915999999999999659e+01,-1.919346066320399657e+01
-2.913999999999999702e+01,-1.918029642406599677e+01
-2.911999999999999744e+01,-1.916713218492799697e+01
-2.909999999999999787e+01,-1.915396794578999717e+01
-2.907999999999999829e+01,-1.914080370665199737e+01
-2.905999999999999872e+01,-1.912763946751399757e+01
-2.903999999999999915e+01,-1.911447522837600133e+01
-2.901999999999999957e+01,-1.910131098923800153e+01
-2.899999999999999645e+01,-1.908814675009999817e+01
-2.897999999999999687e+01,-1.907498251096199837e+01
-2.895999999999999730e+01,-1.906181827182399857e+01
-2.893999999999999773e+01,-1.904865403268599877e+01
-2.891999999999999815e+01,-1.903548979354799897e+01
-2.889999999999999858e+01,-1.902232555440999917e+01
-2.887999999999999901e+01,-1.900916131527199937e+01
-2.885999999999999943e+01,-1.899599707613399957e+01
-2.883999999999999631e+01,-1.898283283699599622e+01
-2.881999999999999673e+01,-1.896966859785799642e+01
-2.879999999999999716e+01,-1.895650435871999662e+01
-2.877999999999999758e+01,-1.894334011958199682e+01
-2.875999999999999801e+01,-1.893017588044400057e+01
-2.873999999999999844e+01,-1.891701164130600077e+01
-2.871999999999999886e+01,-1.890384740216800097e+01
-2.869999999999999929e+01,-1.889068316303000117e+01
-2.867999999999999616e+01,-1.887751892389199782e+01
-2.865999999999999659e+01,-1.886435468475399801e+01
-2.863999999999999702e+01,-1.885119044561599821e+01
-2.861999999999999744e+01,-1.883802620647799841e+01
-2.859999999999999787e+01,-1.882486196733999861e+01
-2.857999999999999829e+01,-1.881169772820199881e+01
-2.855999999999999872e+01,-1.879853348906399901e+01
-2.853999999999999915e+01,-1.878536924992599921e+01
-2.851999999999999957e+01,-1.877220501078799941e+01
-2.849999999999999645e+01,-1.875904077164999606e+01
-2.847999999999999687e+01,-1.874587653251199981e+01
-2.845999999999999730e+01,-1.873271229337400001e+01
-2.843999999999999773e+01,-1.871954805423600021e+01
-2.841999999999999815e+01,-1.870638381509800041e+01
-2.839999999999999858e+01,-1.869321957596000061e+01
-2.837999999999999901e+01,-1.868005533682200081e+01
-2.835999999999999943e+01,-1.866689109768400101e+01
-2.833999999999999631e+01,-1.865372685854599766e+01
-2.831999999999999673e+01,-1.864056261940799786e+01
-2.829999999999999716e+01,-1.862739838026999806e+01
-2.827999999999999758e+01,-1.861423414113199826e+01
-2.825999999999999801e+01,-1.860106990199399846e+01
-2.823999999999999844e+01,-1.858790566285599866e+01
-2.821999999999999886e+01,-1.857474142371799886e+01
-2.819999999999999929e+01,-1.856157718457999906e+01
-2.817999999999999616e+01,-1.854841294544199926e+01
-2.815999999999999659e+01,-1.853524870630399946e+01
-2.813999999999999702e+01,-1.852208446716599965e+01
-2.811999999999999744e+01,-1.850892022802799985e+01
-2.809999999999999787e+01,-1.849575598889000005e+01
-2.807999999999999829e+01,-1.848259174975200025e+01
-2.805999999999999872e+01,-1.846942751061400045e+01
-2.803999999999999915e+01,-1.845626327147600065e+01
-2.801999999999999957e+01,-1.844309903233800085e+01
-2.799999999999999645e+01,-1.842993479319999750e+01
-2.797999999999999687e+01,-1.841677055406199770e+01
-2.795999999999999730e+01,-1.840360631492399790e+01
-2.793999999999999773e+01,-1.839044207578599810e+01
-2.791999999999999815e+01,-1.837727783664799830e+01
-2.789999999999999858e+01,-1.836411359750999850e+01
-2.787999999999999901e+01,-1.835094935837199870e+01
-2.785999999999999943e+01,-1.833778511923399890e+01
-2.783999999999999631e+01,-1.832462088009599910e+01
-2.781999999999999673e+01,-1.831145664095799930e+01
-2.779999999999999716e+01,-1.829829240181999950e+01
-2.777999999999999758e+01,-1.828512816268199970e+01
-2.775999999999999801e+01,-1.827196392354399990e+01
-2.773999999999999844e+01,-1.825879968440600010e+01
-2.771999999999999886e+01,-1.824563544526800030e+01
-2.769999999999999929e+01,-1.823247120613000050e+01
-2.767999999999999616e+01,-1.821930696699199714e+01
-2.765999999999999659e+01,-1.820614272785399734e+01
-2.763999999999999702e+01,-1.819297848871599754e+01
-2.761999999999999744e+01,-1.817981424957799774e+01
-2.759999999999999787e+01,-1.816665001043999794e+01
-2.757999999999999829e+01,-1.815348577130199814e+01
-2.755999999999999872e+01,-1.814032153216399834e+01
-2.753999999999999915e+01,-1.812715729302599854e+01
-2.751999999999999957e+01,-1.811399305388799874e+01
-2.749999999999999645e+01,-1.810082881474999894e+01
-2.747999999999999687e+01,-1.808766457561199914e+01
-2.745999999999999730e+01,-1.807450033647399934e+01
-2.743999999999999773e+01,-1.806133609733599954e+01
-2.741999999999999815e+01,-1.804817185819799974e+01
-2.739999999999999858e+01,-1.803500761905999994e+01
-2.737999999999999901e+01,-1.802184337992200014e+01
-2.735999999999999943e+01,-1.800867914078400034e+01
-2.733999999999999631e+01,-1.799551490164599699e+01
-2.731999999999999673e+01,-1.798235066250799719e+01
-2.729999999999999716e+01,-1.796918642336999739e+01
-2.727999999999999758e+01,-1.795602218423199758e+01
-2.725999999999999801e+01,-1.794285794509399778e+01
-2.723999999999999844e+01,-1.792969370595599798e+01
-2.721999999999999886e+01,-1.791652946681799818e+01
-2.719999999999999929e+01,-1.790336522767999838e+01
-2.717999999999999616e+01,-1.789020098854199858e+01
-2.715999999999999659e+01,-1.787703674940399878e+01
-2.713999999999999702e+01,-1.786387251026599898e+01
-2.711999999999999744e+01,-1.785070827112799918e+01
-2.709999999999999787e+01,-1.783754403198999938e+01
-2.707999999999999829e+01,-1.782437979285199958e+01
-2.705999999999999872e+01,-1.781121555371399978e+01
-2.703999999999999915e+01,-1.779805131457599998e+01
-2.701999999999999957e+01,-1.778488707543800018e+01
-2.699999999999999645e+01,-1.777172283629999683e+01
-2.697999999999999687e+01,-1.775855859716199703e+01
-2.695999999999999730e+01,-1.774539435802399723e+01
-2.693999999999999773e+01,-1.773223011888599743e+01
-2.691999999999999815e+01,-1.771906587974799763e+01
-2.689999999999999858e+01,-1.770590164060999783e+01
-2.687999999999999901e+01,-1.769273740147199803e+01
-2.685999999999999943e+01,-1.767957316233399823e+01
-2.683999999999999631e+01,-1.766640892319599843e+01
-2.681999999999999673e+01,-1.765324468405799863e+01
-2.679999999999999716e+01,-1.764008044491999883e+01
-2.677999999999999758e+01,-1.762691620578199903e+01
-2.675999999999999801e+01,-1.761375196664399922e+01
-2.673999999999999844e+01,-1.760058772750599942e+01
-2.671999999999999886e+01,-1.758742348836799962e+01
-2.669999999999999929e+01,-1.757425924922999982e+01
-2.667999999999999616e+01,-1.756109501009199647e+01
-2.665999999999999659e+01,-1.754793077095399667e+01
-2.663999999999999702e+01,-1.753476653181599687e+01
-2.661999999999999744e+01,-1.752160229267799707e+01
-2.659999999999999787e+01,-1.750843805353999727e+01
-2.657999999999999829e+01,-1.749527381440199747e+01
-2.655999999999999872e+01,-1.748210957526399767e+01
-2.653999999999999915e+01,-1.746894533612599787e+01
-2.651999999999999957e+01,-1.745578109698800162e+01
-2.649999999999999645e+01,-1.744261685784999827e+01
-2.647999999999999687e+01,-1.742945261871199847e+01
-2.645999999999999730e+01,-1.741628837957399867e+01
-2.643999999999999773e+01,-1.740312414043599887e+01
-2.641999999999999815e+01,-1.738995990129799907e+01
-2.639999999999999858e+01,-1.737679566215999927e+01
-2.637999999999999901e+01,-1.736363142302199947e+01
-2.635999999999999943e+01,-1.735046718388399967e+01
-2.633999999999999631e+01,-1.733730294474599631e+01
-2.631999999999999673e+01,-1.732413870560799651e+01
-2.629999999999999716e+01,-1.731097446646999671e+01
-2.627999999999999758e+01,-1.729781022733199691e+01
-2.625999999999999801e+01,-1.728464598819399711e+01
-2.623999999999999844e+01,-1.727148174905600087e+01
-2.621999999999999886e+01,-1.725831750991800106e+01
-2.619999999999999929e+01,-1.724515327078000126e+01
-2.617999999999999616e+01,-1.723198903164199791e+01
-2.615999999999999659e+01,-1.721882479250399811e+01
-2.613999999999999702e+01,-1.720566055336599831e+01
-2.611999999999999744e+01,-1.719249631422799851e+01
-2.609999999999999787e+01,-1.717933207508999871e+01
-2.607999999999999829e+01,-1.716616783595199891e+01
-2.605999999999999872e+01,-1.715300359681399911e+01
-2.603999999999999915e+01,-1.713983935767599931e+01
-2.601999999999999957e+01,-1.712667511853799951e+01
-2.599999999999999645e+01,-1.711351087939999616e+01
-2.597999999999999687e+01,-1.710034664026199636e+01
-2.595999999999999730e+01,-1.708718240112400011e+01
-2.593999999999999773e+01,-1.707401816198600031e+01
-2.591999999999999815e+01,-1.706085392284800051e+01
-2.589999999999999858e+01,-1.704768968371000071e+01
-2.587999999999999901e+01,-1.703452544457200091e+01
-2.585999999999999943e+01,-1.702136120543400111e+01
-2.583999999999999631e+01,-1.700819696629599775e+01
-2.581999999999999673e+01,-1.699503272715799795e+01
-2.579999999999999716e+01,-1.698186848801999815e+01
-2.577999999999999758e+01,-1.696870424888199835e+01
-2.575999999999999801e+01,-1.695554000974399855e+01
-2.573999999999999844e+01,-1.694237577060599875e+01
-2.571999999999999886e+01,-1.692921153146799895e+01
-2.569999999999999929e+01,-1.691604729232999915e+01
-2.567999999999999616e+01,-1.690288305319199935e+01
-2.565999999999999659e+01,-1.688971881405399955e+01
-2.563999999999999702e+01,-1.687655457491599975e+01
-2.561999999999999744e+01,-1.686339033577799995e+01
-2.559999999999999787e+01,-1.685022609664000015e+01
-2.557999999999999829e+01,-1.683706185750200035e+01
-2.555999999999999872e+01,-1.682389761836400055e+01
-2.553999999999999915e+01,-1.681073337922600075e+01
-2.551999999999999957e+01,-1.679756914008800095e+01
-2.549999999999999645e+01,-1.678440490094999760e+01
-2.547999999999999687e+01,-1.677124066181199780e+01
-2.545999999999999730e+01,-1.675807642267399800e+01
-2.543999999999999773e+01,-1.674491218353599820e+01
-2.541999999999999815e+01,-1.673174794439799840e+01
-2.539999999999999858e+01,-1.671858370525999860e+01
-2.537999999999999901e+01,-1.670541946612199879e+01
-2.535999999999999943e+01,-1.669225522698399899e+01
-2.533999999999999631e+01,-1.667909098784599919e+01
-2.531999999999999673e+01,-1.666592674870799939e+01
-2.529999999999999716e+01,-1.665276250956999959e+01
-2.527999999999999758e+01,-1.663959827043199979e+01
-2.525999999999999801e+01,-1.662643403129399999e+01
-2.523999999999999844e+01,-1.661326979215600019e+01
-2.521999999999999886e+01,-1.660010555301800039e+01
-2.519999999999999929e+01,-1.658694131388000059e+01
-2.517999999999999616e+01,-1.657377707474199724e+01
-2.515999999999999659e+01,-1.656061283560399744e+01
-2.513999999999999702e+01,-1.654744859646599764e+01
-2.511999999999999744e+01,-1.653428435732799784e+01
-2.509999999999999787e+01,-1.652112011818999804e+01
-2.507999999999999829e+01,-1.650795587905199824e+01
-2.505999999999999872e+01,-1.649479163991399844e+01
-2.503999999999999915e+01,-1.648162740077599864e+01
-2.501999999999999957e+01,-1.646846316163799884e+01
-2.499999999999999645e+01,-1.645529892249999904e+01
-2.497999999999999687e+01,-1.644213468336199924e+01
-2.495999999999999730e+01,-1.642897044422399944e+01
-2.493999999999999773e+01,-1.641580620508599964e+01
-2.491999999999999815e+01,-1.640264196594799984e+01
-2.489999999999999858e+01,-1.638947772681000004e+01
-2.487999999999999901e+01,-1.637631348767200024e+01
-2.485999999999999943e+01,-1.636314924853400044e+01
-2.483999999999999631e+01,-1.634998500939599708e+01
-2.481999999999999673e+01,-1.633682077025799728e+01
-2.479999999999999716e+01,-1.632365653111999748e+01
-2.477999999999999758e+01,-1.631049229198199768e+01
-2.475999999999999801e+01,-1.629732805284399788e+01
-2.473999999999999844e+01,-1.628416381370599808e+01
-2.471999999999999886e+01,-1.627099957456799828e+01
-2.469999999999999929e+01,-1.625783533542999848e+01
-2.467999999999999616e+01,-1.624467109629199868e+01
-2.465999999999999659e+01,-1.623150685715399888e+01
-2.463999999999999702e+01,-1.621834261801599908e+01
-2.461999999999999744e+01,-1.620517837887799928e+01
-2.459999999999999787e+01,-1.619201413973999948e+01
-2.457999999999999829e+01,-1.617884990060199968e+01
-2.455999999999999872e+01,-1.616568566146399988e+01
-2.453999999999999915e+01,-1.615252142232600008e+01
-2.451999999999999957e+01,-1.613935718318800028e+01
-2.449999999999999645e+01,-1.612619294404999692e+01
-2.447999999999999687e+01,-1.611302870491199712e+01
-2.445999999999999730e+01,-1.609986446577399732e+01
-2.443999999999999773e+01,-1.608670022663599752e+01
-2.441999999999999815e+01,-1.607353598749799772e+01
-2.439999999999999858e+01,-1.606037174835999792e+01
-2.437999999999999901e+01,-1.604720750922199812e+01
-2.435999999999999943e+01,-1.603404327008399832e+01
-2.433999999999999631e+01,-1.602087903094599852e+01
-2.431999999999999673e+01,-1.600771479180799872e+01
-2.429999999999999716e+01,-1.599455055266999892e+01
-2.427999999999999758e+01,-1.598138631353199912e+01
-2.425999999999999801e+01,-1.596822207439399932e+01
-2.423999999999999844e+01,-1.595505783525599952e+01
-2.421999999999999886e+01,-1.594189359611799972e+01
-2.419999999999999929e+01,-1.592872935697999992e+01
-2.417999999999999616e+01,-1.591556511784199834e+01
-2.415999999999999659e+01,-1.590240087870399854e+01
-2.413999999999999702e+01,-1.588923663956599874e+01
-2.411999999999999744e+01,-1.587607240042799894e+01
-2.409999999999999787e+01,-1.586290816128999914e+01
-2.407999999999999829e+01,-1.584974392215199934e+01
-2.405999999999999872e+01,-1.583657968301399954e+01
-2.403999999999999915e+01,-1.582341544387599974e+01
-2.401999999999999602e+01,-1.581025120473799817e+01
-2.399999999999999645e+01,-1.579708696559999836e+01
-2.397999999999999687e+01,-1.578392272646199856e+01
-2.395999999999999730e+01,-1.577075848732399876e+01
-2.393999999999999773e+01,-1.575759424818599896e+01
-2.391999999999999815e+01,-1.574443000904799916e+01
-2.389999999999999858e+01,-1.573126576990999936e+01
-2.387999999999999901e+01,-1.571810153077199956e+01
-2.385999999999999943e+01,-1.570493729163399976e+01
-2.383999999999999631e+01,-1.569177305249599819e+01
-2.381999999999999673e+01,-1.567860881335799839e+01
-2.379999999999999716e+01,-1.566544457421999859e+01
-2.377999999999999758e+01,-1.565228033508199879e+01
-2.375999999999999801e+01,-1.563911609594399899e+01
-2.373999999999999844e+01,-1.562595185680599918e+01
-2.371999999999999886e+01,-1.561278761766799938e+01
-2.369999999999999929e+01,-1.559962337852999958e+01
-2.367999999999999616e+01,-1.558645913939199801e+01
-2.365999999999999659e+01,-1.557329490025399821e+01
-2.363999999999999702e+01,-1.556013066111599841e+01
-2.361999999999999744e+01,-1.554696642197799861e+01
-2.359999999999999787e+01,-1.553380218283999881e+01
-2.357999999999999829e+01,-1.552063794370199901e+01
-2.355999999999999872e+01,-1.550747370456399921e+01
-2.353999999999999915e+01,-1.549430946542599941e+01
-2.351999999999999602e+01,-1.548114522628799783e+01
-2.349999999999999645e+01,-1.546798098714999803e+01
-2.347999999999999687e+01,-1.545481674801199823e+01
-2.345999999999999730e+01,-1.544165250887399843e+01
-2.343999999999999773e+01,-1.542848826973599863e+01
-2.341999999999999815e+01,-1.541532403059799883e+01
-2.339999999999999858e+01,-1.540215979145999903e+01
-2.337999999999999901e+01,-1.538899555232199923e+01
-2.335999999999999943e+01,-1.537583131318399943e+01
-2.333999999999999631e+01,-1.536266707404599785e+01
-2.331999999999999673e+01,-1.534950283490799805e+01
-2.329999999999999716e+01,-1.533633859576999825e+01
-2.327999999999999758e+01,-1.532317435663199845e+01
-2.325999999999999801e+01,-1.531001011749399865e+01
-2.323999999999999844e+01,-1.529684587835599885e+01
-2.321999999999999886e+01,-1.528368163921799905e+01
-2.319999999999999929e+01,-1.527051740007999925e+01
-2.317999999999999616e+01,-1.525735316094199767e+01
-2.315999999999999659e+01,-1.524418892180399787e+01
-2.313999999999999702e+01,-1.523102468266599807e+01
-2.311999999999999744e+01,-1.521786044352799827e+01
-2.309999999999999787e+01,-1.520469620438999847e+01
-2.307999999999999829e+01,-1.519153196525199867e+01
-2.305999999999999872e+01,-1.517836772611399887e+01
-2.303999999999999915e+01,-1.516520348697599907e+01
-2.301999999999999602e+01,-1.515203924783799749e+01
-2.299999999999999645e+01,-1.513887500869999769e+01
-2.297999999999999687e+01,-1.512571076956199789e+01
-2.295999999999999730e+01,-1.511254653042399809e+01
-2.293999999999999773e+01,-1.509938229128599829e+01
-2.291999999999999815e+01,-1.508621805214799849e+01
-2.289999999999999858e+01,-1.507305381300999869e+01
-2.287999999999999901e+01,-1.505988957387199889e+01
-2.285999999999999943e+01,-1.504672533473399909e+01
-2.283999999999999631e+01,-1.503356109559599751e+01
-2.281999999999999673e+01,-1.502039685645799771e+01
-2.279999999999999716e+01,-1.500723261731999791e+01
-2.277999999999999758e+01,-1.499406837818199811e+01
-2.275999999999999801e+01,-1.498090413904399831e+01
-2.273999999999999844e+01,-1.496773989990599851e+01
-2.271999999999999886e+01,-1.495457566076799871e+01
-2.269999999999999929e+01,-1.494141142162999891e+01
-2.267999999999999616e+01,-1.492824718249199734e+01
-2.265999999999999659e+01,-1.491508294335399754e+01
-2.263999999999999702e+01,-1.490191870421599774e+01
-2.261999999999999744e+01,-1.488875446507799793e+01
-2.259999999999999787e+01,-1.487559022593999813e+01
-2.257999999999999829e+01,-1.486242598680199833e+01
-2.255999999999999872e+01,-1.484926174766399853e+01
-2.253999999999999915e+01,-1.483609750852599873e+01
-2.251999999999999602e+01,-1.482293326938799716e+01
-2.249999999999999645e+01,-1.480976903024999736e+01
-2.247999999999999687e+01,-1.479660479111199756e+01
-2.245999999999999730e+01,-1.478344055197399776e+01
-2.243999999999999773e+01,-1.477027631283599796e+01
-2.241999999999999815e+01,-1.475711207369799816e+01
-2.239999999999999858e+01,-1.474394783455999836e+01
-2.237999999999999901e+01,-1.473078359542200033e+01
-2.235999999999999943e+01,-1.471761935628400053e+01
-2.233999999999999631e+01,-1.470445511714599718e+01
-2.231999999999999673e+01,-1.469129087800799738e+01
-2.229999999999999716e+01,-1.467812663886999758e+01
-2.227999999999999758e+01,-1.466496239973199778e+01
-2.225999999999999801e+01,-1.465179816059399798e+01
-2.223999999999999844e+01,-1.463863392145599995e+01
-2.221999999999999886e+01,-1.462546968231800015e+01
-2.219999999999999929e+01,-1.461230544318000035e+01
-2.217999999999999616e+01,-1.459914120404199700e+01
-2.215999999999999659e+01,-1.458597696490399720e+01
-2.213999999999999702e+01,-1.457281272576599740e+01
-2.211999999999999744e+01,-1.455964848662799760e+01
-2.209999999999999787e+01,-1.454648424748999958e+01
-2.207999999999999829e+01,-1.453332000835199977e+01
-2.205999999999999872e+01,-1.452015576921399997e+01
-2.203999999999999915e+01,-1.450699153007600017e+01
-2.201999999999999602e+01,-1.449382729093799682e+01
-2.199999999999999645e+01,-1.448066305179999702e+01
-2.197999999999999687e+01,-1.446749881266199722e+01
-2.195999999999999730e+01,-1.445433457352399920e+01
-2.193999999999999773e+01,-1.444117033438599940e+01
-2.191999999999999815e+01,-1.442800609524799960e+01
-2.189999999999999858e+01,-1.441484185610999980e+01
-2.187999999999999901e+01,-1.440167761697200000e+01
-2.185999999999999943e+01,-1.438851337783400020e+01
-2.183999999999999631e+01,-1.437534913869599684e+01
-2.181999999999999673e+01,-1.436218489955799882e+01
-2.179999999999999716e+01,-1.434902066041999902e+01
-2.177999999999999758e+01,-1.433585642128199922e+01
-2.175999999999999801e+01,-1.432269218214399942e+01
-2.173999999999999844e+01,-1.430952794300599962e+01
-2.171999999999999886e+01,-1.429636370386799982e+01
-2.169999999999999929e+01,-1.428319946473000002e+01
-2.167999999999999616e+01,-1.427003522559199844e+01
-2.165999999999999659e+01,-1.425687098645399864e+01
-2.163999999999999702e+01,-1.424370674731599884e+01
-2.161999999999999744e+01,-1.423054250817799904e+01
-2.159999999999999787e+01,-1.421737826903999924e+01
-2.157999999999999829e+01,-1.420421402990199944e+01
-2.155999999999999872e+01,-1.419104979076399964e+01
-2.153999999999999915e+01,-1.417788555162599984e+01
-2.151999999999999602e+01,-1.416472131248799826e+01
-2.149999999999999645e+01,-1.415155707334999846e+01
-2.147999999999999687e+01,-1.413839283421199866e+01
-2.145999999999999730e+01,-1.412522859507399886e+01
-2.143999999999999773e+01,-1.411206435593599906e+01
-2.141999999999999815e+01,-1.409890011679799926e+01
-2.139999999999999858e+01,-1.408573587765999946e+01
-2.137999999999999901e+01,-1.407257163852199966e+01
-2.135999999999999943e+01,-1.405940739938399986e+01
-2.133999999999999631e+01,-1.404624316024599828e+01
-2.131999999999999673e+01,-1.403307892110799848e+01
-2.129999999999999716e+01,-1.401991468196999868e+01
-2.127999999999999758e+01,-1.400675044283199888e+01
-2.125999999999999801e+01,-1.399358620369399908e+01
-2.123999999999999844e+01,-1.398042196455599928e+01
-2.121999999999999886e+01,-1.396725772541799948e+01
-2.119999999999999929e+01,-1.395409348627999968e+01
-2.117999999999999616e+01,-1.394092924714199810e+01
-2.115999999999999659e+01,-1.392776500800399830e+01
-2.113999999999999702e+01,-1.391460076886599850e+01
-2.111999999999999744e+01,-1.390143652972799870e+01
-2.109999999999999787e+01,-1.388827229058999890e+01
-2.107999999999999829e+01,-1.387510805145199910e+01
-2.105999999999999872e+01,-1.386194381231399930e+01
-2.103999999999999915e+01,-1.384877957317599950e+01
-2.101999999999999602e+01,-1.383561533403799793e+01
-2.099999999999999645e+01,-1.382245109489999813e+01
-2.097999999999999687e+01,-1.380928685576199832e+01
-2.095999999999999730e+01,-1.379612261662399852e+01
-2.093999999999999773e+01,-1.378295837748599872e+01
-2.091999999999999815e+01,-1.376979413834799892e+01
-2.089999999999999858e+01,-1.375662989920999912e+01
-2.087999999999999901e+01,-1.374346566007199932e+01
-2.085999999999999943e+01,-1.373030142093399952e+01
-2.083999999999999631e+01,-1.371713718179599795e+01
-2.081999999999999673e+01,-1.370397294265799815e+01
-2.079999999999999716e+01,-1.369080870351999835e+01
-2.077999999999999758e+01,-1.367764446438199855e+01
-2.075999999999999801e+01,-1.366448022524399875e+01
-2.073999999999999844e+01,-1.365131598610599895e+01
-2.071999999999999886e+01,-1.363815174696799914e+01
-2.069999999999999929e+01,-1.362498750782999934e+01
-2.067999999999999616e+01,-1.361182326869199777e+01
-2.065999999999999659e+01,-1.359865902955399797e+01
-2.063999999999999702e+01,-1.358549479041599817e+01
-2.061999999999999744e+01,-1.357233055127799837e+01
-2.059999999999999787e+01,-1.355916631213999857e+01
-2.057999999999999829e+01,-1.354600207300199877e+01
-2.055999999999999872e+01,-1.353283783386399897e+01
-2.053999999999999915e+01,-1.351967359472599917e+01
-2.051999999999999602e+01,-1.350650935558799759e+01
-2.049999999999999645e+01,-1.349334511644999779e+01
-2.047999999999999687e+01,-1.348018087731199799e+01
-2.045999999999999730e+01,-1.346701663817399819e+01
-2.043999999999999773e+01,-1.345385239903599839e+01
-2.041999999999999815e+01,-1.344068815989799859e+01
-2.039999999999999858e+01,-1.342752392075999879e+01
-2.037999999999999901e+01,-1.341435968162199899e+01
-2.035999999999999943e+01,-1.340119544248399919e+01
-2.033999999999999631e+01,-1.338803120334599761e+01
-2.031999999999999673e+01,-1.337486696420799781e+01
-2.029999999999999716e+01,-1.336170272506999801e+01
-2.027999999999999758e+01,-1.334853848593199821e+01
-2.025999999999999801e+01,-1.333537424679399841e+01
-2.023999999999999844e+01,-1.332221000765599861e+01
-2.021999999999999886e+01,-1.330904576851799881e+01
-2.019999999999999929e+01,-1.329588152937999901e+01
-2.017999999999999616e+01,-1.328271729024199743e+01
-2.015999999999999659e+01,-1.326955305110399763e+01
-2.013999999999999702e+01,-1.325638881196599783e+01
-2.011999999999999744e+01,-1.324322457282799803e+01
-2.009999999999999787e+01,-1.323006033368999823e+01
-2.007999999999999829e+01,-1.321689609455199843e+01
-2.005999999999999872e+01,-1.320373185541399863e+01
-2.003999999999999915e+01,-1.319056761627599883e+01
-2.001999999999999602e+01,-1.317740337713799725e+01
-1.999999999999999645e+01,-1.316423913799999745e+01
-1.997999999999999687e+01,-1.315107489886199765e+01
-1.995999999999999730e+01,-1.313791065972399785e+01
-1.993999999999999773e+01,-1.312474642058599805e+01
-1.991999999999999815e+01,-1.311158218144799825e+01
-1.989999999999999858e+01,-1.309841794230999845e+01
-1.987999999999999901e+01,-1.308525370317199865e+01
-1.985999999999999943e+01,-1.307208946403400063e+01
-1.983999999999999631e+01,-1.305892522489599727e+01
-1.981999999999999673e+01,-1.304576098575799747e+01
-1.979999999999999716e+01,-1.303259674661999767e+01
-1.977999999999999758e+01,-1.301943250748199787e+01
-1.975999999999999801e+01,-1.300626826834399807e+01
-1.973999999999999844e+01,-1.299310402920599827e+01
-1.971999999999999886e+01,-1.297993979006800025e+01
-1.969999999999999929e+01,-1.296677555093000045e+01
-1.967999999999999616e+01,-1.295361131179199710e+01
-1.965999999999999659e+01,-1.294044707265399730e+01
-1.963999999999999702e+01,-1.292728283351599750e+01
-1.961999999999999744e+01,-1.291411859437799770e+01
-1.959999999999999787e+01,-1.290095435523999789e+01
-1.957999999999999829e+01,-1.288779011610199987e+01
-1.955999999999999872e+01,-1.287462587696400007e+01
-1.953999999999999915e+01,-1.286146163782600027e+01
-1.951999999999999602e+01,-1.284829739868799692e+01
-1.949999999999999645e+01,-1.283513315954999712e+01
-1.947999999999999687e+01,-1.282196892041199732e+01
-1.945999999999999730e+01,-1.280880468127399752e+01
-1.943999999999999773e+01,-1.279564044213599949e+01
-1.941999999999999815e+01,-1.278247620299799969e+01
-1.939999999999999858e+01,-1.276931196385999989e+01
-1.937999999999999901e+01,-1.275614772472200009e+01
-1.935999999999999943e+01,-1.274298348558400029e+01
-1.933999999999999631e+01,-1.272981924644599694e+01
-1.931999999999999673e+01,-1.271665500730799714e+01
-1.929999999999999716e+01,-1.270349076816999911e+01
-1.927999999999999758e+01,-1.269032652903199931e+01
-1.925999999999999801e+01,-1.267716228989399951e+01
-1.923999999999999844e+01,-1.266399805075599971e+01
-1.921999999999999886e+01,-1.265083381161799991e+01
-1.919999999999999929e+01,-1.263766957248000011e+01
-1.917999999999999616e+01,-1.262450533334199676e+01
-1.915999999999999659e+01,-1.261134109420399874e+01
-1.913999999999999702e+01,-1.259817685506599894e+01
-1.911999999999999744e+01,-1.258501261592799914e+01
-1.909999999999999787e+01,-1.257184837678999934e+01
-1.907999999999999829e+01,-1.255868413765199954e+01
-1.905999999999999872e+01,-1.254551989851399973e+01
-1.903999999999999915e+01,-1.253235565937599993e+01
-1.901999999999999602e+01,-1.251919142023799836e+01
-1.899999999999999645e+01,-1.250602718109999856e+01
-1.897999999999999687e+01,-1.249286294196199876e+01
-1.895999999999999730e+01,-1.247969870282399896e+01
-1.893999999999999773e+01,-1.246653446368599916e+01
-1.891999999999999815e+01,-1.245337022454799936e+01
-1.889999999999999858e+01,-1.244020598540999956e+01
-1.887999999999999901e+01,-1.242704174627199976e+01
-1.885999999999999943e+01,-1.241387750713399996e+01
-1.883999999999999631e+01,-1.240071326799599838e+01
-1.881999999999999673e+01,-1.238754902885799858e+01
-1.879999999999999716e+01,-1.237438478971999878e+01
-1.877999999999999758e+01,-1.236122055058199898e+01
-1.875999999999999801e+01,-1.234805631144399918e+01
-1.873999999999999844e+01,-1.233489207230599938e+01
-1.871999999999999886e+01,-1.232172783316799958e+01
-1.869999999999999929e+01,-1.230856359402999978e+01
-1.867999999999999616e+01,-1.229539935489199820e+01
-1.865999999999999659e+01,-1.228223511575399840e+01
-1.863999999999999702e+01,-1.226907087661599860e+01
-1.861999999999999744e+01,-1.225590663747799880e+01
-1.859999999999999787e+01,-1.224274239833999900e+01
-1.857999999999999829e+01,-1.222957815920199920e+01
-1.855999999999999872e+01,-1.221641392006399940e+01
-1.853999999999999915e+01,-1.220324968092599960e+01
-1.851999999999999602e+01,-1.219008544178799802e+01
-1.849999999999999645e+01,-1.217692120264999822e+01
-1.847999999999999687e+01,-1.216375696351199842e+01
-1.845999999999999730e+01,-1.215059272437399862e+01
-1.843999999999999773e+01,-1.213742848523599882e+01
-1.841999999999999815e+01,-1.212426424609799902e+01
-1.839999999999999858e+01,-1.211110000695999922e+01
-1.837999999999999901e+01,-1.209793576782199942e+01
-1.835999999999999943e+01,-1.208477152868399962e+01
-1.833999999999999631e+01,-1.207160728954599804e+01
-1.831999999999999673e+01,-1.205844305040799824e+01
-1.829999999999999716e+01,-1.204527881126999844e+01
-1.827999999999999758e+01,-1.203211457213199864e+01
-1.825999999999999801e+01,-1.201895033299399884e+01
-1.823999999999999844e+01,-1.200578609385599904e+01
-1.821999999999999886e+01,-1.199262185471799924e+01
-1.819999999999999929e+01,-1.197945761557999944e+01
-1.817999999999999616e+01,-1.196629337644199786e+01
-1.815999999999999659e+01,-1.195312913730399806e+01
-1.813999999999999702e+01,-1.193996489816599826e+01
-1.811999999999999744e+01,-1.192680065902799846e+01
-1.809999999999999787e+01,-1.191363641988999866e+01
-1.807999999999999829e+01,-1.190047218075199886e+01
-1.805999999999999872e+01,-1.188730794161399906e+01
-1.803999999999999915e+01,-1.187414370247599926e+01
-1.801999999999999602e+01,-1.186097946333799769e+01
-1.799999999999999645e+01,-1.184781522419999789e+01
-1.797999999999999687e+01,-1.183465098506199809e+01
-1.795999999999999730e+01,-1.182148674592399828e+01
-1.793999999999999773e+01,-1.180832250678599848e+01
-1.791999999999999815e+01,-1.179515826764799868e+01
-1.789999999999999858e+01,-1.178199402850999888e+01
-1.787999999999999901e+01,-1.176882978937199908e+01
-1.785999999999999943e+01,-1.175566555023399928e+01
-1.783999999999999631e+01,-1.174250131109599771e+01
-1.781999999999999673e+01,-1.172933707195799791e+01
-1.779999999999999716e+01,-1.171617283281999811e+01
-1.777999999999999758e+01,-1.170300859368199831e+01
-1.775999999999999801e+01,-1.168984435454399851e+01
-1.773999999999999844e+01,-1.167668011540599871e+01
-1.771999999999999886e+01,-1.166351587626799891e+01
-1.769999999999999929e+01,-1.165035163712999911e+01
-1.767999999999999616e+01,-1.163718739799199753e+01
-1.765999999999999659e+01,-1.162402315885399773e+01
-1.763999999999999702e+01,-1.161085891971599793e+01
-1.761999999999999744e+01,-1.159769468057799813e+01
-1.759999999999999787e+01,-1.158453044143999833e+01
-1.757999999999999829e+01,-1.157136620230199853e+01
-1.755999999999999872e+01,-1.155820196316399873e+01
-1.753999999999999915e+01,-1.154503772402599893e+01
-1.751999999999999602e+01,-1.153187348488799735e+01
-1.749999999999999645e+01,-1.151870924574999755e+01
-1.747999999999999687e+01,-1.150554500661199775e+01
-1.745999999999999730e+01,-1.149238076747399795e+01
-1.743999999999999773e+01,-1.147921652833599815e+01
-1.741999999999999815e+01,-1.146605228919799835e+01
-1.739999999999999858e+01,-1.145288805005999855e+01
-1.737999999999999901e+01,-1.143972381092199875e+01
-1.735999999999999943e+01,-1.142655957178399895e+01
-1.733999999999999631e+01,-1.141339533264599737e+01
-1.731999999999999673e+01,-1.140023109350799757e+01
-1.729999999999999716e+01,-1.138706685436999777e+01
-1.727999999999999758e+01,-1.137390261523199797e+01
-1.725999999999999801e+01,-1.136073837609399817e+01
-1.723999999999999844e+01,-1.134757413695599837e+01
-1.721999999999999886e+01,-1.133440989781799857e+01
-1.719999999999999929e+01,-1.132124565867999877e+01
-1.717999999999999616e+01,-1.130808141954199719e+01
-1.715999999999999659e+01,-1.129491718040399739e+01
-1.713999999999999702e+01,-1.128175294126599759e+01
-1.711999999999999744e+01,-1.126858870212799779e+01
-1.709999999999999787e+01,-1.125542446298999799e+01
-1.707999999999999829e+01,-1.124226022385199819e+01
-1.705999999999999872e+01,-1.122909598471399839e+01
-1.703999999999999915e+01,-1.121593174557600037e+01
-1.701999999999999602e+01,-1.120276750643799701e+01
-1.699999999999999645e+01,-1.118960326729999721e+01
-1.697999999999999687e+01,-1.117643902816199741e+01
-1.695999999999999730e+01,-1.116327478902399761e+01
-1.693999999999999773e+01,-1.115011054988599781e+01
-1.691999999999999815e+01,-1.113694631074799801e+01
-1.689999999999999858e+01,-1.112378207160999999e+01
-1.687999999999999901e+01,-1.111061783247200019e+01
-1.685999999999999588e+01,-1.109745359333399684e+01
-1.683999999999999631e+01,-1.108428935419599703e+01
-1.681999999999999673e+01,-1.107112511505799723e+01
-1.679999999999999716e+01,-1.105796087591999743e+01
-1.677999999999999758e+01,-1.104479663678199763e+01
-1.675999999999999801e+01,-1.103163239764399961e+01
-1.673999999999999844e+01,-1.101846815850599981e+01
-1.671999999999999886e+01,-1.100530391936800001e+01
-1.669999999999999929e+01,-1.099213968023000021e+01
-1.667999999999999616e+01,-1.097897544109199686e+01
-1.665999999999999659e+01,-1.096581120195399706e+01
-1.663999999999999702e+01,-1.095264696281599726e+01
-1.661999999999999744e+01,-1.093948272367799923e+01
-1.659999999999999787e+01,-1.092631848453999943e+01
-1.657999999999999829e+01,-1.091315424540199963e+01
-1.655999999999999872e+01,-1.089999000626399983e+01
-1.653999999999999915e+01,-1.088682576712600003e+01
-1.651999999999999602e+01,-1.087366152798799668e+01
-1.649999999999999645e+01,-1.086049728884999688e+01
-1.647999999999999687e+01,-1.084733304971199885e+01
-1.645999999999999730e+01,-1.083416881057399905e+01
-1.643999999999999773e+01,-1.082100457143599925e+01
-1.641999999999999815e+01,-1.080784033229799945e+01
-1.639999999999999858e+01,-1.079467609315999965e+01
-1.637999999999999901e+01,-1.078151185402199985e+01
-1.635999999999999588e+01,-1.076834761488399650e+01
-1.633999999999999631e+01,-1.075518337574599848e+01
-1.631999999999999673e+01,-1.074201913660799868e+01
-1.629999999999999716e+01,-1.072885489746999887e+01
-1.627999999999999758e+01,-1.071569065833199907e+01
-1.625999999999999801e+01,-1.070252641919399927e+01
-1.623999999999999844e+01,-1.068936218005599947e+01
-1.621999999999999886e+01,-1.067619794091799967e+01
-1.619999999999999929e+01,-1.066303370177999987e+01
-1.617999999999999616e+01,-1.064986946264199830e+01
-1.615999999999999659e+01,-1.063670522350399850e+01
-1.613999999999999702e+01,-1.062354098436599870e+01
-1.611999999999999744e+01,-1.061037674522799890e+01
-1.609999999999999787e+01,-1.059721250608999910e+01
-1.607999999999999829e+01,-1.058404826695199930e+01
-1.605999999999999872e+01,-1.057088402781399950e+01
-1.603999999999999915e+01,-1.055771978867599969e+01
-1.601999999999999602e+01,-1.054455554953799812e+01
-1.599999999999999822e+01,-1.053139131039999832e+01
-1.597999999999999687e+01,-1.051822707126199852e+01
-1.595999999999999730e+01,-1.050506283212399872e+01
-1.593999999999999773e+01,-1.049189859298599892e+01
-1.591999999999999815e+01,-1.047873435384799912e+01
-1.589999999999999680e+01,-1.046557011470999754e+01
-1.587999999999999723e+01,-1.045240587557199774e+01
-1.585999999999999766e+01,-1.043924163643399794e+01
-1.583999999999999808e+01,-1.042607739729599814e+01
-1.581999999999999851e+01,-1.041291315815799834e+01
-1.579999999999999716e+01,-1.039974891901999854e+01
-1.577999999999999758e+01,-1.038658467988199874e+01
-1.575999999999999801e+01,-1.037342044074399894e+01
-1.573999999999999844e+01,-1.036025620160599914e+01
-1.571999999999999709e+01,-1.034709196246799756e+01
-1.569999999999999751e+01,-1.033392772332999776e+01
-1.567999999999999794e+01,-1.032076348419199796e+01
-1.565999999999999837e+01,-1.030759924505399816e+01
-1.563999999999999702e+01,-1.029443500591599836e+01
-1.561999999999999744e+01,-1.028127076677799856e+01
-1.559999999999999787e+01,-1.026810652763999876e+01
-1.557999999999999829e+01,-1.025494228850199896e+01
-1.555999999999999694e+01,-1.024177804936399738e+01
-1.553999999999999737e+01,-1.022861381022599758e+01
-1.551999999999999780e+01,-1.021544957108799778e+01
-1.549999999999999822e+01,-1.020228533194999976e+01
-1.547999999999999687e+01,-1.018912109281199818e+01
-1.545999999999999730e+01,-1.017595685367399838e+01
-1.543999999999999773e+01,-1.016279261453599858e+01
-1.541999999999999815e+01,-1.014962837539799878e+01
-1.539999999999999680e+01,-1.013646413625999720e+01
-1.537999999999999723e+01,-1.012329989712199740e+01
-1.535999999999999766e+01,-1.011013565798399938e+01
-1.533999999999999808e+01,-1.009697141884599958e+01
-1.531999999999999673e+01,-1.008380717970799800e+01
-1.529999999999999716e+01,-1.007064294056999820e+01
-1.527999999999999758e+01,-1.005747870143199840e+01
-1.525999999999999801e+01,-1.004431446229399860e+01
-1.523999999999999844e+01,-1.003115022315599880e+01
-1.521999999999999709e+01,-1.001798598401799900e+01
-1.519999999999999751e+01,-1.000482174487999920e+01
-1.517999999999999794e+01,-9.991657505741999401e+00
-1.515999999999999837e+01,-9.978493266603999601e+00
-1.513999999999999702e+01,-9.965329027465998024e+00
-1.511999999999999744e+01,-9.952164788327998224e+00
-1.509999999999999787e+01,-9.939000549189998424e+00
-1.507999999999999829e+01,-9.925836310051998623e+00
-1.505999999999999694e+01,-9.912672070913998823e+00
-1.503999999999999737e+01,-9.899507831775999023e+00
-1.501999999999999780e+01,-9.886343592637999222e+00
-1.499999999999999822e+01,-9.873179353499999422e+00
-1.497999999999999687e+01,-9.860015114361997846e+00
-1.495999999999999730e+01,-9.846850875223998045e+00
-1.493999999999999773e+01,-9.833686636085998245e+00
-1.491999999999999815e+01,-9.820522396947998445e+00
-1.489999999999999680e+01,-9.807358157809998644e+00
-1.487999999999999723e+01,-9.794193918671998844e+00
-1.485999999999999766e+01,-9.781029679533999044e+00
-1.483999999999999808e+01,-9.767865440395999244e+00
-1.481999999999999673e+01,-9.754701201257997667e+00
-1.479999999999999716e+01,-9.741536962119997867e+00
-1.477999999999999758e+01,-9.728372722981998066e+00
-1.475999999999999801e+01,-9.715208483843998266e+00
-1.473999999999999844e+01,-9.702044244705998466e+00
-1.471999999999999709e+01,-9.688880005567998666e+00
-1.469999999999999751e+01,-9.675715766429998865e+00
-1.467999999999999794e+01,-9.662551527291999065e+00
-1.465999999999999837e+01,-9.649387288153999265e+00
-1.463999999999999702e+01,-9.636223049015997688e+00
-1.461999999999999744e+01,-9.623058809877997888e+00
-1.459999999999999787e+01,-9.609894570739998088e+00
-1.457999999999999829e+01,-9.596730331601998287e+00
-1.455999999999999694e+01,-9.583566092463998487e+00
-1.453999999999999737e+01,-9.570401853325998687e+00
-1.451999999999999780e+01,-9.557237614187998886e+00
-1.449999999999999822e+01,-9.544073375049999086e+00
-1.447999999999999687e+01,-9.530909135911997510e+00
-1.445999999999999730e+01,-9.517744896773997709e+00
-1.443999999999999773e+01,-9.504580657635997909e+00
-1.441999999999999815e+01,-9.491416418497998109e+00
-1.439999999999999680e+01,-9.478252179359998308e+00
-1.437999999999999723e+01,-9.465087940221998508e+00
-1.435999999999999766e+01,-9.451923701083998708e+00
-1.433999999999999808e+01,-9.438759461945998908e+00
-1.431999999999999673e+01,-9.425595222807997331e+00
-1.429999999999999716e+01,-9.412430983669997531e+00
-1.427999999999999758e+01,-9.399266744531997730e+00
-1.425999999999999801e+01,-9.386102505393997930e+00
-1.423999999999999844e+01,-9.372938266255999906e+00
-1.421999999999999709e+01,-9.359774027117998330e+00
-1.419999999999999751e+01,-9.346609787979998529e+00
-1.417999999999999794e+01,-9.333445548841998729e+00
-1.415999999999999837e+01,-9.320281309703998929e+00
-1.413999999999999702e+01,-9.307117070565997352e+00
-1.411999999999999744e+01,-9.293952831427997552e+00
-1.409999999999999787e+01,-9.280788592289999528e+00
-1.407999999999999829e+01,-9.267624353151999728e+00
-1.405999999999999694e+01,-9.254460114013998151e+00
-1.403999999999999737e+01,-9.241295874875998351e+00
-1.401999999999999780e+01,-9.228131635737998550e+00
-1.399999999999999822e+01,-9.214967396599998750e+00
-1.397999999999999687e+01,-9.201803157461997174e+00
-1.395999999999999730e+01,-9.188638918323999150e+00
-1.393999999999999773e+01,-9.175474679185999349e+00
-1.391999999999999815e+01,-9.162310440047999549e+00
-1.389999999999999680e+01,-9.149146200909997972e+00
-1.387999999999999723e+01,-9.135981961771998172e+00
-1.385999999999999766e+01,-9.122817722633998372e+00
-1.383999999999999808e+01,-9.109653483495998572e+00
-1.381999999999999673e+01,-9.096489244357998771e+00
-1.379999999999999716e+01,-9.083325005219998971e+00
-1.377999999999999758e+01,-9.070160766081999171e+00
-1.375999999999999801e+01,-9.056996526943999370e+00
-1.373999999999999844e+01,-9.043832287805999570e+00
-1.371999999999999709e+01,-9.030668048667997994e+00
-1.369999999999999751e+01,-9.017503809529998193e+00
-1.367999999999999794e+01,-9.004339570391998393e+00
-1.365999999999999837e+01,-8.991175331253998593e+00
-1.363999999999999702e+01,-8.978011092115998792e+00
-1.361999999999999744e+01,-8.964846852977998992e+00
-1.359999999999999787e+01,-8.951682613839999192e+00
-1.357999999999999829e+01,-8.938518374701999392e+00
-1.355999999999999694e+01,-8.925354135563997815e+00
-1.353999999999999737e+01,-8.912189896425998015e+00
-1.351999999999999780e+01,-8.899025657287998214e+00
-1.349999999999999822e+01,-8.885861418149998414e+00
-1.347999999999999687e+01,-8.872697179011998614e+00
-1.345999999999999730e+01,-8.859532939873998814e+00
-1.343999999999999773e+01,-8.846368700735999013e+00
-1.341999999999999815e+01,-8.833204461597999213e+00
-1.339999999999999680e+01,-8.820040222459997636e+00
-1.337999999999999723e+01,-8.806875983321997836e+00
-1.335999999999999766e+01,-8.793711744183998036e+00
-1.333999999999999808e+01,-8.780547505045998236e+00
-1.331999999999999673e+01,-8.767383265907998435e+00
-1.329999999999999716e+01,-8.754219026769998635e+00
-1.327999999999999758e+01,-8.741054787631998835e+00
-1.325999999999999801e+01,-8.727890548493999034e+00
-1.323999999999999844e+01,-8.714726309355999234e+00
-1.321999999999999709e+01,-8.701562070217997658e+00
-1.319999999999999751e+01,-8.688397831079997857e+00
-1.317999999999999794e+01,-8.675233591941998057e+00
-1.315999999999999837e+01,-8.662069352803998257e+00
-1.313999999999999702e+01,-8.648905113665998456e+00
-1.311999999999999744e+01,-8.635740874527998656e+00
-1.309999999999999787e+01,-8.622576635389998856e+00
-1.307999999999999829e+01,-8.609412396251999056e+00
-1.305999999999999694e+01,-8.596248157113997479e+00
-1.303999999999999737e+01,-8.583083917975997679e+00
-1.301999999999999780e+01,-8.569919678837997878e+00
-1.299999999999999822e+01,-8.556755439699998078e+00
-1.297999999999999687e+01,-8.543591200561998278e+00
-1.295999999999999730e+01,-8.530426961423998478e+00
-1.293999999999999773e+01,-8.517262722285998677e+00
-1.291999999999999815e+01,-8.504098483147998877e+00
-1.289999999999999680e+01,-8.490934244009997300e+00
-1.287999999999999723e+01,-8.477770004871997500e+00
-1.285999999999999766e+01,-8.464605765733997700e+00
-1.283999999999999808e+01,-8.451441526595999676e+00
-1.281999999999999673e+01,-8.438277287457998099e+00
-1.279999999999999716e+01,-8.425113048319998299e+00
-1.277999999999999758e+01,-8.411948809181998499e+00
-1.275999999999999801e+01,-8.398784570043998698e+00
-1.273999999999999844e+01,-8.385620330905998898e+00
-1.271999999999999709e+01,-8.372456091767997322e+00
-1.269999999999999751e+01,-8.359291852629999298e+00
-1.267999999999999794e+01,-8.346127613491999497e+00
-1.265999999999999837e+01,-8.332963374353999697e+00
-1.263999999999999702e+01,-8.319799135215998120e+00
-1.261999999999999744e+01,-8.306634896077998320e+00
-1.259999999999999787e+01,-8.293470656939998520e+00
-1.257999999999999829e+01,-8.280306417801998720e+00
-1.255999999999999694e+01,-8.267142178663998919e+00
-1.253999999999999737e+01,-8.253977939525999119e+00
-1.251999999999999780e+01,-8.240813700387999319e+00
-1.249999999999999822e+01,-8.227649461249999518e+00
-1.247999999999999687e+01,-8.214485222111997942e+00
-1.245999999999999730e+01,-8.201320982973998142e+00
-1.243999999999999773e+01,-8.188156743835998341e+00
-1.241999999999999815e+01,-8.174992504697998541e+00
-1.239999999999999680e+01,-8.161828265559998741e+00
-1.237999999999999723e+01,-8.148664026421998940e+00
-1.235999999999999766e+01,-8.135499787283999140e+00
-1.233999999999999808e+01,-8.122335548145999340e+00
-1.231999999999999673e+01,-8.109171309007997763e+00
-1.229999999999999716e+01,-8.096007069869997963e+00
-1.227999999999999758e+01,-8.082842830731998163e+00
-1.225999999999999801e+01,-8.069678591593998362e+00
-1.223999999999999844e+01,-8.056514352455998562e+00
-1.221999999999999709e+01,-8.043350113317998762e+00
-1.219999999999999751e+01,-8.030185874179998962e+00
-1.217999999999999794e+01,-8.017021635041999161e+00
-1.215999999999999837e+01,-8.003857395903999361e+00
-1.213999999999999702e+01,-7.990693156765997784e+00
-1.211999999999999744e+01,-7.977528917627997984e+00
-1.209999999999999787e+01,-7.964364678489999072e+00
-1.207999999999999829e+01,-7.951200439351999272e+00
-1.205999999999999694e+01,-7.938036200213997695e+00
-1.203999999999999737e+01,-7.924871961075998783e+00
-1.201999999999999780e+01,-7.911707721937998983e+00
-1.199999999999999822e+01,-7.898543482799999182e+00
-1.197999999999999687e+01,-7.885379243661997606e+00
-1.195999999999999730e+01,-7.872215004523998694e+00
-1.193999999999999773e+01,-7.859050765385998893e+00
-1.191999999999999815e+01,-7.845886526247999093e+00
-1.189999999999999680e+01,-7.832722287109998405e+00
-1.187999999999999723e+01,-7.819558047971998604e+00
-1.185999999999999766e+01,-7.806393808833998804e+00
-1.183999999999999808e+01,-7.793229569695999004e+00
-1.181999999999999673e+01,-7.780065330557998315e+00
-1.179999999999999716e+01,-7.766901091419998515e+00
-1.177999999999999758e+01,-7.753736852281998715e+00
-1.175999999999999801e+01,-7.740572613143998915e+00
-1.173999999999999666e+01,-7.727408374005998226e+00
-1.171999999999999709e+01,-7.714244134867998426e+00
-1.169999999999999751e+01,-7.701079895729998626e+00
-1.167999999999999794e+01,-7.687915656591998825e+00
-1.165999999999999837e+01,-7.674751417453999025e+00
-1.163999999999999702e+01,-7.661587178315998337e+00
-1.161999999999999744e+01,-7.648422939177998536e+00
-1.159999999999999787e+01,-7.635258700039998736e+00
-1.157999999999999829e+01,-7.622094460901998936e+00
-1.155999999999999694e+01,-7.608930221763998247e+00
-1.153999999999999737e+01,-7.595765982625998447e+00
-1.151999999999999780e+01,-7.582601743487998647e+00
-1.149999999999999822e+01,-7.569437504349998846e+00
-1.147999999999999687e+01,-7.556273265211998158e+00
-1.145999999999999730e+01,-7.543109026073998358e+00
-1.143999999999999773e+01,-7.529944786935998557e+00
-1.141999999999999815e+01,-7.516780547797998757e+00
-1.139999999999999680e+01,-7.503616308659998069e+00
-1.137999999999999723e+01,-7.490452069521998268e+00
-1.135999999999999766e+01,-7.477287830383998468e+00
-1.133999999999999808e+01,-7.464123591245998668e+00
-1.131999999999999673e+01,-7.450959352107997979e+00
-1.129999999999999716e+01,-7.437795112969998179e+00
-1.127999999999999758e+01,-7.424630873831998379e+00
-1.125999999999999801e+01,-7.411466634693998579e+00
-1.123999999999999666e+01,-7.398302395555997890e+00
-1.121999999999999709e+01,-7.385138156417998090e+00
-1.119999999999999751e+01,-7.371973917279998290e+00
-1.117999999999999794e+01,-7.358809678141998489e+00
-1.115999999999999837e+01,-7.345645439003998689e+00
-1.113999999999999702e+01,-7.332481199865998001e+00
-1.111999999999999744e+01,-7.319316960727998200e+00
-1.109999999999999787e+01,-7.306152721589998400e+00
-1.107999999999999829e+01,-7.292988482451998600e+00
-1.105999999999999694e+01,-7.279824243313997911e+00
-1.103999999999999737e+01,-7.266660004175998111e+00
-1.101999999999999780e+01,-7.253495765037998311e+00
-1.099999999999999822e+01,-7.240331525899998510e+00
-1.097999999999999687e+01,-7.227167286761997822e+00
-1.095999999999999730e+01,-7.214003047623998022e+00
-1.093999999999999773e+01,-7.200838808485998221e+00
-1.091999999999999815e+01,-7.187674569347998421e+00
-1.089999999999999680e+01,-7.174510330209997733e+00
-1.087999999999999723e+01,-7.161346091071997932e+00
-1.085999999999999766e+01,-7.148181851933998132e+00
-1.083999999999999808e+01,-7.135017612795999220e+00
-1.081999999999999673e+01,-7.121853373657997643e+00
-1.079999999999999716e+01,-7.108689134519997843e+00
-1.077999999999999758e+01,-7.095524895381998043e+00
-1.075999999999999801e+01,-7.082360656243999131e+00
-1.073999999999999666e+01,-7.069196417105997554e+00
-1.071999999999999709e+01,-7.056032177967997754e+00
-1.069999999999999751e+01,-7.042867938829998842e+00
-1.067999999999999794e+01,-7.029703699691999041e+00
-1.065999999999999837e+01,-7.016539460553999241e+00
-1.063999999999999702e+01,-7.003375221415997665e+00
-1.061999999999999744e+01,-6.990210982277998752e+00
-1.059999999999999787e+01,-6.977046743139998952e+00
-1.057999999999999829e+01,-6.963882504001999152e+00
-1.055999999999999694e+01,-6.950718264863998463e+00
-1.053999999999999737e+01,-6.937554025725998663e+00
-1.051999999999999780e+01,-6.924389786587998863e+00
-1.049999999999999822e+01,-6.911225547449999063e+00
-1.047999999999999687e+01,-6.898061308311998374e+00
-1.045999999999999730e+01,-6.884897069173998574e+00
-1.043999999999999773e+01,-6.871732830035998774e+00
-1.041999999999999815e+01,-6.858568590897998973e+00
-1.039999999999999680e+01,-6.845404351759998285e+00
-1.037999999999999723e+01,-6.832240112621998485e+00
-1.035999999999999766e+01,-6.819075873483998684e+00
-1.033999999999999808e+01,-6.805911634345998884e+00
-1.031999999999999673e+01,-6.792747395207998196e+00
-1.029999999999999716e+01,-6.779583156069998395e+00
-1.027999999999999758e+01,-6.766418916931998595e+00
-1.025999999999999801e+01,-6.753254677793998795e+00
-1.023999999999999666e+01,-6.740090438655998106e+00
-1.021999999999999709e+01,-6.726926199517998306e+00
-1.019999999999999751e+01,-6.713761960379998506e+00
-1.017999999999999794e+01,-6.700597721241998705e+00
-1.015999999999999837e+01,-6.687433482103998905e+00
-1.013999999999999702e+01,-6.674269242965998217e+00
-1.011999999999999744e+01,-6.661105003827998416e+00
-1.009999999999999787e+01,-6.647940764689998616e+00
-1.007999999999999829e+01,-6.634776525551998816e+00
-1.005999999999999694e+01,-6.621612286413998127e+00
-1.003999999999999737e+01,-6.608448047275998327e+00
-1.001999999999999780e+01,-6.595283808137998527e+00
-9.999999999999998224e+00,-6.582119568999998727e+00
-9.979999999999996874e+00,-6.568955329861998038e+00
-9.959999999999997300e+00,-6.555791090723998238e+00
-9.939999999999997726e+00,-6.542626851585998438e+00
-9.919999999999998153e+00,-6.529462612447998637e+00
-9.899999999999996803e+00,-6.516298373309997949e+00
-9.879999999999997229e+00,-6.503134134171998149e+00
-9.859999999999997655e+00,-6.489969895033998348e+00
-9.839999999999998082e+00,-6.476805655895998548e+00
-9.819999999999996732e+00,-6.463641416757997860e+00
-9.799999999999997158e+00,-6.450477177619998059e+00
-9.779999999999997584e+00,-6.437312938481998259e+00
-9.759999999999998010e+00,-6.424148699343998459e+00
-9.739999999999996660e+00,-6.410984460205997770e+00
-9.719999999999997087e+00,-6.397820221067997970e+00
-9.699999999999997513e+00,-6.384655981929998170e+00
-9.679999999999997939e+00,-6.371491742791998369e+00
-9.659999999999998366e+00,-6.358327503653998569e+00
-9.639999999999997016e+00,-6.345163264515997881e+00
-9.619999999999997442e+00,-6.331999025377998080e+00
-9.599999999999997868e+00,-6.318834786239998280e+00
-9.579999999999998295e+00,-6.305670547101999368e+00
-9.559999999999996945e+00,-6.292506307963997791e+00
-9.539999999999997371e+00,-6.279342068825997991e+00
-9.519999999999997797e+00,-6.266177829687998191e+00
-9.499999999999998224e+00,-6.253013590549999279e+00
-9.479999999999996874e+00,-6.239849351411997702e+00
-9.459999999999997300e+00,-6.226685112273997902e+00
-9.439999999999997726e+00,-6.213520873135998990e+00
-9.419999999999998153e+00,-6.200356633997999189e+00
-9.399999999999996803e+00,-6.187192394859997613e+00
-9.379999999999997229e+00,-6.174028155721997813e+00
-9.359999999999997655e+00,-6.160863916583998900e+00
-9.339999999999998082e+00,-6.147699677445999100e+00
-9.319999999999996732e+00,-6.134535438307997524e+00
-9.299999999999997158e+00,-6.121371199169998611e+00
-9.279999999999997584e+00,-6.108206960031998811e+00
-9.259999999999998010e+00,-6.095042720893999011e+00
-9.239999999999996660e+00,-6.081878481755997434e+00
-9.219999999999997087e+00,-6.068714242617998522e+00
-9.199999999999997513e+00,-6.055550003479998722e+00
-9.179999999999997939e+00,-6.042385764341998922e+00
-9.159999999999998366e+00,-6.029221525203999121e+00
-9.139999999999997016e+00,-6.016057286065998433e+00
-9.119999999999997442e+00,-6.002893046927998633e+00
-9.099999999999997868e+00,-5.989728807789998832e+00
-9.079999999999998295e+00,-5.976564568651999032e+00
-9.059999999999996945e+00,-5.963400329513998344e+00
-9.039999999999997371e+00,-5.950236090375998543e+00
-9.019999999999997797e+00,-5.937071851237998743e+00
-8.999999999999998224e+00,-5.923907612099998943e+00
-8.979999999999996874e+00,-5.910743372961998254e+00
-8.959999999999997300e+00,-5.897579133823998454e+00
-8.939999999999997726e+00,-5.884414894685998654e+00
-8.919999999999998153e+00,-5.871250655547998853e+00
-8.899999999999996803e+00,-5.858086416409998165e+00
-8.879999999999997229e+00,-5.844922177271998365e+00
-8.859999999999997655e+00,-5.831757938133998564e+00
-8.839999999999998082e+00,-5.818593698995998764e+00
-8.819999999999996732e+00,-5.805429459857998076e+00
-8.799999999999997158e+00,-5.792265220719998275e+00
-8.779999999999997584e+00,-5.779100981581998475e+00
-8.759999999999998010e+00,-5.765936742443998675e+00
-8.739999999999996660e+00,-5.752772503305997986e+00
-8.719999999999997087e+00,-5.739608264167998186e+00
-8.699999999999997513e+00,-5.726444025029998386e+00
-8.679999999999997939e+00,-5.713279785891998586e+00
-8.659999999999996589e+00,-5.700115546753997897e+00
-8.639999999999997016e+00,-5.686951307615998097e+00
-8.619999999999997442e+00,-5.673787068477998297e+00
-8.599999999999997868e+00,-5.660622829339998496e+00
-8.579999999999998295e+00,-5.647458590201998696e+00
-8.559999999999996945e+00,-5.634294351063998008e+00
-8.539999999999997371e+00,-5.621130111925998207e+00
-8.519999999999997797e+00,-5.607965872787998407e+00
-8.499999999999998224e+00,-5.594801633649998607e+00
-8.479999999999996874e+00,-5.581637394511997918e+00
-8.459999999999997300e+00,-5.568473155373998118e+00
-8.439999999999997726e+00,-5.555308916235998318e+00
-8.419999999999998153e+00,-5.542144677097998517e+00
-8.399999999999996803e+00,-5.528980437959997829e+00
-8.379999999999997229e+00,-5.515816198821998029e+00
-8.359999999999997655e+00,-5.502651959683998228e+00
-8.339999999999998082e+00,-5.489487720545998428e+00
-8.319999999999996732e+00,-5.476323481407997740e+00
-8.299999999999997158e+00,-5.463159242269997939e+00
-8.279999999999997584e+00,-5.449995003131998139e+00
-8.259999999999998010e+00,-5.436830763993998339e+00
-8.239999999999996660e+00,-5.423666524855997650e+00
-8.219999999999997087e+00,-5.410502285717997850e+00
-8.199999999999997513e+00,-5.397338046579998050e+00
-8.179999999999997939e+00,-5.384173807441998250e+00
-8.159999999999996589e+00,-5.371009568303997561e+00
-8.139999999999997016e+00,-5.357845329165997761e+00
-8.119999999999997442e+00,-5.344681090027997961e+00
-8.099999999999997868e+00,-5.331516850889999048e+00
-8.079999999999998295e+00,-5.318352611751999248e+00
-8.059999999999996945e+00,-5.305188372613997672e+00
-8.039999999999997371e+00,-5.292024133475998759e+00
-8.019999999999997797e+00,-5.278859894337998959e+00
-7.999999999999997335e+00,-5.265695655199998271e+00
-7.979999999999997762e+00,-5.252531416061998470e+00
-7.959999999999997300e+00,-5.239367176923998670e+00
-7.939999999999997726e+00,-5.226202937785998870e+00
-7.919999999999997264e+00,-5.213038698647998181e+00
-7.899999999999997691e+00,-5.199874459509998381e+00
-7.879999999999997229e+00,-5.186710220371998581e+00
-7.859999999999997655e+00,-5.173545981233998781e+00
-7.839999999999997193e+00,-5.160381742095998092e+00
-7.819999999999997620e+00,-5.147217502957998292e+00
-7.799999999999997158e+00,-5.134053263819998492e+00
-7.779999999999997584e+00,-5.120889024681998691e+00
-7.759999999999997122e+00,-5.107724785543998003e+00
-7.739999999999997549e+00,-5.094560546405998203e+00
-7.719999999999997087e+00,-5.081396307267998402e+00
-7.699999999999997513e+00,-5.068232068129998602e+00
-7.679999999999997051e+00,-5.055067828991997914e+00
-7.659999999999997478e+00,-5.041903589853998113e+00
-7.639999999999997016e+00,-5.028739350715998313e+00
-7.619999999999997442e+00,-5.015575111577998513e+00
-7.599999999999997868e+00,-5.002410872439998712e+00
-7.579999999999997407e+00,-4.989246633301998024e+00
-7.559999999999997833e+00,-4.976082394163998224e+00
-7.539999999999997371e+00,-4.962918155025998423e+00
-7.519999999999997797e+00,-4.949753915887998623e+00
-7.499999999999997335e+00,-4.936589676749997935e+00
-7.479999999999997762e+00,-4.923425437611998134e+00
-7.459999999999997300e+00,-4.910261198473998334e+00
-7.439999999999997726e+00,-4.897096959335998534e+00
-7.419999999999997264e+00,-4.883932720197997845e+00
-7.399999999999997691e+00,-4.870768481059998933e+00
-7.379999999999997229e+00,-4.857604241921998245e+00
-7.359999999999997655e+00,-4.844440002783998445e+00
-7.339999999999997193e+00,-4.831275763645997756e+00
-7.319999999999997620e+00,-4.818111524507998844e+00
-7.299999999999997158e+00,-4.804947285369998156e+00
-7.279999999999997584e+00,-4.791783046231998355e+00
-7.259999999999997122e+00,-4.778618807093998555e+00
-7.239999999999997549e+00,-4.765454567955998755e+00
-7.219999999999997087e+00,-4.752290328817998066e+00
-7.199999999999997513e+00,-4.739126089679998266e+00
-7.179999999999997051e+00,-4.725961850541998466e+00
-7.159999999999997478e+00,-4.712797611403998665e+00
-7.139999999999997016e+00,-4.699633372265997977e+00
-7.119999999999997442e+00,-4.686469133127998177e+00
-7.099999999999997868e+00,-4.673304893989998376e+00
-7.079999999999997407e+00,-4.660140654851998576e+00
-7.059999999999997833e+00,-4.646976415713998776e+00
-7.039999999999997371e+00,-4.633812176575998087e+00
-7.019999999999997797e+00,-4.620647937437998287e+00
-6.999999999999997335e+00,-4.607483698299998487e+00
-6.979999999999997762e+00,-4.594319459161998687e+00
-6.959999999999997300e+00,-4.581155220023997998e+00
-6.939999999999997726e+00,-4.567990980885998198e+00
-6.919999999999997264e+00,-4.554826741747998398e+00
-6.899999999999997691e+00,-4.541662502609998597e+00
-6.879999999999997229e+00,-4.528498263471997909e+00
-6.859999999999997655e+00,-4.515334024333998109e+00
-6.839999999999997193e+00,-4.502169785195998308e+00
-6.819999999999997620e+00,-4.489005546057998508e+00
-6.799999999999997158e+00,-4.475841306919997820e+00
-6.779999999999997584e+00,-4.462677067781998019e+00
-6.759999999999997122e+00,-4.449512828643998219e+00
-6.739999999999997549e+00,-4.436348589505998419e+00
-6.719999999999997087e+00,-4.423184350367997730e+00
-6.699999999999997513e+00,-4.410020111229998818e+00
-6.679999999999997051e+00,-4.396855872091998130e+00
-6.659999999999997478e+00,-4.383691632953998329e+00
-6.639999999999997016e+00,-4.370527393815997641e+00
-6.619999999999997442e+00,-4.357363154677998729e+00
-6.599999999999997868e+00,-4.344198915539998929e+00
-6.579999999999997407e+00,-4.331034676401998240e+00
-6.559999999999997833e+00,-4.317870437263998440e+00
-6.539999999999997371e+00,-4.304706198125998640e+00
-6.519999999999997797e+00,-4.291541958987998839e+00
-6.499999999999997335e+00,-4.278377719849998151e+00
-6.479999999999997762e+00,-4.265213480711998351e+00
-6.459999999999997300e+00,-4.252049241573998550e+00
-6.439999999999997726e+00,-4.238885002435998750e+00
-6.419999999999997264e+00,-4.225720763297998062e+00
-6.399999999999997691e+00,-4.212556524159998261e+00
-6.379999999999997229e+00,-4.199392285021998461e+00
-6.359999999999997655e+00,-4.186228045883998661e+00
-6.339999999999997193e+00,-4.173063806745997972e+00
-6.319999999999997620e+00,-4.159899567607998172e+00
-6.299999999999997158e+00,-4.146735328469998372e+00
-6.279999999999997584e+00,-4.133571089331998571e+00
-6.259999999999997122e+00,-4.120406850193997883e+00
-6.239999999999997549e+00,-4.107242611055998083e+00
-6.219999999999997087e+00,-4.094078371917998282e+00
-6.199999999999997513e+00,-4.080914132779998482e+00
-6.179999999999997051e+00,-4.067749893641997794e+00
-6.159999999999997478e+00,-4.054585654503997993e+00
-6.139999999999997016e+00,-4.041421415365998193e+00
-6.119999999999997442e+00,-4.028257176227998393e+00
-6.099999999999996980e+00,-4.015092937089997704e+00
-6.079999999999997407e+00,-4.001928697951997904e+00
-6.059999999999997833e+00,-3.988764458813998548e+00
-6.039999999999997371e+00,-3.975600219675998304e+00
-6.019999999999997797e+00,-3.962435980537998503e+00
-5.999999999999997335e+00,-3.949271741399998259e+00
-5.979999999999997762e+00,-3.936107502261998459e+00
-5.959999999999997300e+00,-3.922943263123998214e+00
-5.939999999999997726e+00,-3.909779023985998414e+00
-5.919999999999997264e+00,-3.896614784847998170e+00
-5.899999999999997691e+00,-3.883450545709998369e+00
-5.879999999999997229e+00,-3.870286306571998125e+00
-5.859999999999997655e+00,-3.857122067433998325e+00
-5.839999999999997193e+00,-3.843957828295998080e+00
-5.819999999999997620e+00,-3.830793589157998280e+00
-5.799999999999997158e+00,-3.817629350019998036e+00
-5.779999999999997584e+00,-3.804465110881998235e+00
-5.759999999999997122e+00,-3.791300871743997991e+00
-5.739999999999997549e+00,-3.778136632605998635e+00
-5.719999999999997087e+00,-3.764972393467997946e+00
-5.699999999999997513e+00,-3.751808154329998590e+00
-5.679999999999997051e+00,-3.738643915191997902e+00
-5.659999999999997478e+00,-3.725479676053998546e+00
-5.639999999999997016e+00,-3.712315436915997857e+00
-5.619999999999997442e+00,-3.699151197777998501e+00
-5.599999999999996980e+00,-3.685986958639998257e+00
-5.579999999999997407e+00,-3.672822719501998456e+00
-5.559999999999997833e+00,-3.659658480363998656e+00
-5.539999999999997371e+00,-3.646494241225998412e+00
-5.519999999999997797e+00,-3.633330002087998611e+00
-5.499999999999997335e+00,-3.620165762949998367e+00
-5.479999999999997762e+00,-3.607001523811998567e+00
-5.459999999999997300e+00,-3.593837284673998322e+00
-5.439999999999997726e+00,-3.580673045535998522e+00
-5.419999999999997264e+00,-3.567508806397998278e+00
-5.399999999999997691e+00,-3.554344567259998477e+00
-5.379999999999997229e+00,-3.541180328121998233e+00
-5.359999999999997655e+00,-3.528016088983998433e+00
-5.339999999999997193e+00,-3.514851849845998188e+00
-5.319999999999997620e+00,-3.501687610707998388e+00
-5.299999999999997158e+00,-3.488523371569998144e+00
-5.279999999999997584e+00,-3.475359132431998344e+00
-5.259999999999997122e+00,-3.462194893293998099e+00
-5.239999999999997549e+00,-3.449030654155998299e+00
-5.219999999999997087e+00,-3.435866415017998055e+00
-5.199999999999997513e+00,-3.422702175879998254e+00
-5.179999999999997051e+00,-3.409537936741998010e+00
-5.159999999999997478e+00,-3.396373697603998210e+00
-5.139999999999997016e+00,-3.383209458465997965e+00
-5.119999999999997442e+00,-3.370045219327998165e+00
-5.099999999999996980e+00,-3.356880980189997921e+00
-5.079999999999997407e+00,-3.343716741051998120e+00
-5.059999999999997833e+00,-3.330552501913998764e+00
-5.039999999999997371e+00,-3.317388262775998520e+00
-5.019999999999997797e+00,-3.304224023637998719e+00
-4.999999999999997335e+00,-3.291059784499998475e+00
-4.979999999999997762e+00,-3.277895545361998675e+00
-4.959999999999997300e+00,-3.264731306223998430e+00
-4.939999999999997726e+00,-3.251567067085998630e+00
-4.919999999999997264e+00,-3.238402827947998386e+00
-4.899999999999997691e+00,-3.225238588809998586e+00
-4.879999999999997229e+00,-3.212074349671998341e+00
-4.859999999999997655e+00,-3.198910110533998541e+00
-4.839999999999997193e+00,-3.185745871395998297e+00
-4.819999999999997620e+00,-3.172581632257998496e+00
-4.799999999999997158e+00,-3.159417393119998252e+00
-4.779999999999997584e+00,-3.146253153981998452e+00
-4.759999999999997122e+00,-3.133088914843998207e+00
-4.739999999999997549e+00,-3.119924675705998407e+00
-4.719999999999997087e+00,-3.106760436567998163e+00
-4.699999999999997513e+00,-3.093596197429998362e+00
-4.679999999999997051e+00,-3.080431958291998118e+00
-4.659999999999997478e+00,-3.067267719153998318e+00
-4.639999999999997016e+00,-3.054103480015998073e+00
-4.619999999999997442e+00,-3.040939240877998273e+00
-4.599999999999996980e+00,-3.027775001739998029e+00
-4.579999999999997407e+00,-3.014610762601998228e+00
-4.559999999999996945e+00,-3.001446523463997984e+00
-4.539999999999997371e+00,-2.988282284325998184e+00
-4.519999999999997797e+00,-2.975118045187998383e+00
-4.499999999999997335e+00,-2.961953806049998139e+00
-4.479999999999997762e+00,-2.948789566911998339e+00
-4.459999999999997300e+00,-2.935625327773998094e+00
-4.439999999999997726e+00,-2.922461088635998738e+00
-4.419999999999997264e+00,-2.909296849497998050e+00
-4.399999999999997691e+00,-2.896132610359998694e+00
-4.379999999999997229e+00,-2.882968371221998005e+00
-4.359999999999997655e+00,-2.869804132083998649e+00
-4.339999999999997193e+00,-2.856639892945997961e+00
-4.319999999999997620e+00,-2.843475653807998604e+00
-4.299999999999997158e+00,-2.830311414669998360e+00
-4.279999999999997584e+00,-2.817147175531998560e+00
-4.259999999999997122e+00,-2.803982936393998315e+00
-4.239999999999997549e+00,-2.790818697255998515e+00
-4.219999999999997087e+00,-2.777654458117998271e+00
-4.199999999999997513e+00,-2.764490218979998470e+00
-4.179999999999997051e+00,-2.751325979841998226e+00
-4.159999999999997478e+00,-2.738161740703998426e+00
-4.139999999999997016e+00,-2.724997501565998181e+00
-4.119999999999997442e+00,-2.711833262427998381e+00
-4.099999999999996980e+00,-2.698669023289998137e+00
-4.079999999999997407e+00,-2.685504784151998336e+00
-4.059999999999996945e+00,-2.672340545013998092e+00
-4.039999999999997371e+00,-2.659176305875998292e+00
-4.019999999999997797e+00,-2.646012066737998492e+00
-3.999999999999997335e+00,-2.632847827599998247e+00
-3.979999999999997318e+00,-2.619683588461998447e+00
-3.959999999999997300e+00,-2.606519349323998203e+00
-3.939999999999997282e+00,-2.593355110185998402e+00
-3.919999999999997264e+00,-2.580190871047998158e+00
-3.899999999999997247e+00,-2.567026631909998358e+00
-3.879999999999997229e+00,-2.553862392771998113e+00
-3.859999999999997211e+00,-2.540698153633998313e+00
-3.839999999999997193e+00,-2.527533914495998069e+00
-3.819999999999997176e+00,-2.514369675357998268e+00
-3.799999999999997158e+00,-2.501205436219998024e+00
-3.779999999999997584e+00,-2.488041197081998224e+00
-3.759999999999997566e+00,-2.474876957943998423e+00
-3.739999999999997549e+00,-2.461712718805998623e+00
-3.719999999999997531e+00,-2.448548479667998379e+00
-3.699999999999997513e+00,-2.435384240529998578e+00
-3.679999999999997495e+00,-2.422220001391998334e+00
-3.659999999999997478e+00,-2.409055762253998534e+00
-3.639999999999997460e+00,-2.395891523115998289e+00
-3.619999999999997442e+00,-2.382727283977998489e+00
-3.599999999999997424e+00,-2.369563044839998245e+00
-3.579999999999997407e+00,-2.356398805701998445e+00
-3.559999999999997389e+00,-2.343234566563998200e+00
-3.539999999999997371e+00,-2.330070327425998400e+00
-3.519999999999997353e+00,-2.316906088287998156e+00
-3.499999999999997335e+00,-2.303741849149998355e+00
-3.479999999999997318e+00,-2.290577610011998111e+00
-3.459999999999997300e+00,-2.277413370873998311e+00
-3.439999999999997282e+00,-2.264249131735998066e+00
-3.419999999999997264e+00,-2.251084892597998266e+00
-3.399999999999997247e+00,-2.237920653459998022e+00
-3.379999999999997229e+00,-2.224756414321998221e+00
-3.359999999999997211e+00,-2.211592175183997977e+00
-3.339999999999997193e+00,-2.198427936045998177e+00
-3.319999999999997176e+00,-2.185263696907998376e+00
-3.299999999999997158e+00,-2.172099457769998132e+00
-3.279999999999997584e+00,-2.158935218631998332e+00
-3.259999999999997566e+00,-2.145770979493998531e+00
-3.239999999999997549e+00,-2.132606740355998287e+00
-3.219999999999997531e+00,-2.119442501217998487e+00
-3.199999999999997513e+00,-2.106278262079998242e+00
-3.179999999999997495e+00,-2.093114022941998442e+00
-3.159999999999997478e+00,-2.079949783803998198e+00
-3.139999999999997460e+00,-2.066785544665998398e+00
-3.119999999999997442e+00,-2.053621305527998153e+00
-3.099999999999997424e+00,-2.040457066389998353e+00
-3.079999999999997407e+00,-2.027292827251998109e+00
-3.059999999999997389e+00,-2.014128588113998308e+00
-3.039999999999997371e+00,-2.000964348975998508e+00
-3.019999999999997353e+00,-1.987800109837998264e+00
-2.999999999999997335e+00,-1.974635870699998241e+00
-2.979999999999997318e+00,-1.961471631561998219e+00
-2.959999999999997300e+00,-1.948307392423998197e+00
-2.939999999999997282e+00,-1.935143153285998174e+00
-2.919999999999997264e+00,-1.921978914147998152e+00
-2.899999999999997247e+00,-1.908814675009998130e+00
-2.879999999999997229e+00,-1.895650435871998107e+00
-2.859999999999997211e+00,-1.882486196733998085e+00
-2.839999999999997193e+00,-1.869321957595998063e+00
-2.819999999999997176e+00,-1.856157718457998262e+00
-2.799999999999997158e+00,-1.842993479319998240e+00
-2.779999999999997140e+00,-1.829829240181998218e+00
-2.759999999999997566e+00,-1.816665001043998418e+00
-2.739999999999997549e+00,-1.803500761905998395e+00
-2.719999999999997531e+00,-1.790336522767998373e+00
-2.699999999999997513e+00,-1.777172283629998351e+00
-2.679999999999997495e+00,-1.764008044491998328e+00
-2.659999999999997478e+00,-1.750843805353998306e+00
-2.639999999999997460e+00,-1.737679566215998284e+00
-2.619999999999997442e+00,-1.724515327077998261e+00
-2.599999999999997424e+00,-1.711351087939998239e+00
-2.579999999999997407e+00,-1.698186848801998217e+00
-2.559999999999997389e+00,-1.685022609663998194e+00
-2.539999999999997371e+00,-1.671858370525998394e+00
-2.519999999999997353e+00,-1.658694131387998372e+00
-2.499999999999997335e+00,-1.645529892249998349e+00
-2.479999999999997318e+00,-1.632365653111998327e+00
-2.459999999999997300e+00,-1.619201413973998305e+00
-2.439999999999997282e+00,-1.606037174835998282e+00
-2.419999999999997264e+00,-1.592872935697998260e+00
-2.399999999999997247e+00,-1.579708696559998238e+00
-2.379999999999997229e+00,-1.566544457421998215e+00
-2.359999999999997211e+00,-1.553380218283998193e+00
-2.339999999999997193e+00,-1.540215979145998171e+00
-2.319999999999997176e+00,-1.527051740007998148e+00
-2.299999999999997158e+00,-1.513887500869998126e+00
-2.279999999999997140e+00,-1.500723261731998104e+00
-2.259999999999997122e+00,-1.487559022593998082e+00
-2.239999999999997549e+00,-1.474394783455998503e+00
-2.219999999999997531e+00,-1.461230544317998481e+00
-2.199999999999997513e+00,-1.448066305179998459e+00
-2.179999999999997495e+00,-1.434902066041998436e+00
-2.159999999999997478e+00,-1.421737826903998414e+00
-2.139999999999997460e+00,-1.408573587765998392e+00
-2.119999999999997442e+00,-1.395409348627998369e+00
-2.099999999999997424e+00,-1.382245109489998347e+00
-2.079999999999997407e+00,-1.369080870351998325e+00
-2.059999999999997389e+00,-1.355916631213998302e+00
-2.039999999999997371e+00,-1.342752392075998280e+00
-2.019999999999997353e+00,-1.329588152937998258e+00
-1.999999999999997335e+00,-1.316423913799998235e+00
-1.979999999999997318e+00,-1.303259674661998213e+00
-1.959999999999997300e+00,-1.290095435523998191e+00
-1.939999999999997282e+00,-1.276931196385998168e+00
-1.919999999999997264e+00,-1.263766957247998146e+00
-1.899999999999997247e+00,-1.250602718109998124e+00
-1.879999999999997229e+00,-1.237438478971998101e+00
-1.859999999999997433e+00,-1.224274239833998301e+00
-1.839999999999997415e+00,-1.211110000695998279e+00
-1.819999999999997398e+00,-1.197945761557998257e+00
-1.799999999999997380e+00,-1.184781522419998234e+00
-1.779999999999997362e+00,-1.171617283281998212e+00
-1.759999999999997344e+00,-1.158453044143998190e+00
-1.739999999999997327e+00,-1.145288805005998167e+00
-1.719999999999997309e+00,-1.132124565867998145e+00
-1.699999999999997291e+00,-1.118960326729998123e+00
-1.679999999999997273e+00,-1.105796087591998322e+00
-1.659999999999997256e+00,-1.092631848453998300e+00
-1.639999999999997238e+00,-1.079467609315998278e+00
-1.619999999999997220e+00,-1.066303370177998255e+00
-1.599999999999997424e+00,-1.053139131039998233e+00
-1.579999999999997407e+00,-1.039974891901998211e+00
-1.559999999999997389e+00,-1.026810652763998188e+00
-1.539999999999997371e+00,-1.013646413625998388e+00
-1.519999999999997353e+00,-1.000482174487998366e+00
-1.499999999999997335e+00,-9.873179353499982325e-01
-1.479999999999997318e+00,-9.741536962119982102e-01
-1.459999999999997300e+00,-9.609894570739981878e-01
-1.439999999999997282e+00,-9.478252179359981655e-01
-1.419999999999997264e+00,-9.346609787979982542e-01
-1.399999999999997247e+00,-9.214967396599982319e-01
-1.379999999999997229e+00,-9.083325005219982096e-01
-1.359999999999997211e+00,-8.951682613839981872e-01
-1.339999999999997415e+00,-8.820040222459982759e-01
-1.319999999999997398e+00,-8.688397831079982536e-01
-1.299999999999997380e+00,-8.556755439699982313e-01
-1.279999999999997362e+00,-8.425113048319983200e-01
-1.259999999999997344e+00,-8.293470656939982977e-01
-1.239999999999997327e+00,-8.161828265559982754e-01
-1.219999999999997309e+00,-8.030185874179982530e-01
-1.199999999999997291e+00,-7.898543482799982307e-01
-1.179999999999997273e+00,-7.766901091419982084e-01
-1.159999999999997256e+00,-7.635258700039981861e-01
-1.139999999999997238e+00,-7.503616308659981637e-01
-1.119999999999997220e+00,-7.371973917279981414e-01
-1.099999999999997424e+00,-7.240331525899983411e-01
-1.079999999999997407e+00,-7.108689134519983188e-01
-1.059999999999997389e+00,-6.977046743139982965e-01
-1.039999999999997371e+00,-6.845404351759982742e-01
-1.019999999999997353e+00,-6.713761960379982519e-01
-9.999999999999973355e-01,-6.582119568999982295e-01
-9.799999999999973177e-01,-6.450477177619982072e-01
-9.599999999999972999e-01,-6.318834786239981849e-01
-9.399999999999972822e-01,-6.187192394859981626e-01
-9.199999999999972644e-01,-6.055550003479982513e-01
-8.999999999999973577e-01,-5.923907612099982289e-01
-8.799999999999973399e-01,-5.792265220719982066e-01
-8.599999999999973221e-01,-5.660622829339982953e-01
-8.399999999999973044e-01,-5.528980437959982730e-01
-8.199999999999972866e-01,-5.397338046579982507e-01
-7.999999999999972689e-01,-5.265695655199982284e-01
-7.799999999999973621e-01,-5.134053263819983171e-01
-7.599999999999973443e-01,-5.002410872439982947e-01
-7.399999999999973266e-01,-4.870768481059982724e-01
-7.199999999999973088e-01,-4.739126089679982501e-01
-6.999999999999972911e-01,-4.607483698299982278e-01
-6.799999999999972733e-01,-4.475841306919982054e-01
-6.599999999999972555e-01,-4.344198915539981831e-01
-6.399999999999973488e-01,-4.212556524159982718e-01
-6.199999999999973310e-01,-4.080914132779982495e-01
-5.999999999999973133e-01,-3.949271741399982272e-01
-5.799999999999972955e-01,-3.817629350019982049e-01
-5.599999999999972777e-01,-3.685986958639982380e-01
-5.399999999999972600e-01,-3.554344567259982157e-01
-5.199999999999973532e-01,-3.422702175879982489e-01
-4.999999999999972800e-01,-3.291059784499982266e-01
-4.799999999999973177e-01,-3.159417393119982598e-01
-4.599999999999972999e-01,-3.027775001739982375e-01
-4.399999999999972822e-01,-2.896132610359982151e-01
-4.199999999999973199e-01,-2.764490218979982483e-01
-3.999999999999973022e-01,-2.632847827599982260e-01
-3.799999999999972844e-01,-2.501205436219982037e-01
-3.599999999999973221e-01,-2.369563044839982369e-01
-3.399999999999973044e-01,-2.237920653459982145e-01
-3.199999999999972866e-01,-2.106278262079982200e-01
-2.999999999999973244e-01,-1.974635870699982532e-01
-2.799999999999973066e-01,-1.842993479319982308e-01
-2.599999999999972888e-01,-1.711351087939982085e-01
-2.399999999999972988e-01,-1.579708696559982140e-01
-2.199999999999973088e-01,-1.448066305179982194e-01
-1.999999999999972911e-01,-1.316423913799982248e-01
-1.799999999999973010e-01,-1.184781522419982303e-01
-1.599999999999973110e-01,-1.053139131039982357e-01
-1.399999999999972933e-01,-9.214967396599821337e-02
-1.199999999999973033e-01,-7.898543482799821880e-02
-9.999999999999729938e-02,-6.582119568999822423e-02
-7.999999999999729550e-02,-5.265695655199822273e-02
-5.999999999999729161e-02,-3.949271741399821428e-02
-3.999999999999729466e-02,-2.632847827599821972e-02
-1.999999999999729425e-02,-1.316423913799821994e-02
2.706168622523819067e-15,1.781232544732780360e-15
2.000000000000270658e-02,1.316423913800178133e-02
4.000000000000270700e-02,2.632847827600178284e-02
6.000000000000270395e-02,3.949271741400178087e-02
8.000000000000270783e-02,5.265695655200178238e-02
1.000000000000027117e-01,6.582119569000179082e-02
1.200000000000027156e-01,7.898543482800178539e-02
1.400000000000027056e-01,9.214967396600177996e-02
1.600000000000026956e-01,1.053139131040017745e-01
1.800000000000027134e-01,1.184781522420017830e-01
2.000000000000027034e-01,1.316423913800017775e-01
2.200000000000027212e-01,1.448066305180017999e-01
2.400000000000027112e-01,1.579708696560017944e-01
2.600000000000027289e-01,1.711351087940017890e-01
2.800000000000026912e-01,1.842993479320017836e-01
3.000000000000027089e-01,1.974635870700017781e-01
3.200000000000027267e-01,2.106278262080018004e-01
3.400000000000026890e-01,2.237920653460017673e-01
3.600000000000027067e-01,2.369563044840017896e-01
3.800000000000027245e-01,2.501205436220018119e-01
4.000000000000026867e-01,2.632847827600017787e-01
4.200000000000027045e-01,2.764490218980018010e-01
4.400000000000027223e-01,2.896132610360017678e-01
4.600000000000027400e-01,3.027775001740017902e-01
4.800000000000027023e-01,3.159417393120017570e-01
5.000000000000026645e-01,3.291059784500017793e-01
5.200000000000026823e-01,3.422702175880017461e-01
5.400000000000027001e-01,3.554344567260017684e-01
5.600000000000027178e-01,3.685986958640017908e-01
5.800000000000027356e-01,3.817629350020018131e-01
6.000000000000027534e-01,3.949271741400018354e-01
6.200000000000027711e-01,4.080914132780018022e-01
6.400000000000026779e-01,4.212556524160017690e-01
6.600000000000026956e-01,4.344198915540017913e-01
6.800000000000027134e-01,4.475841306920018137e-01
7.000000000000027311e-01,4.607483698300017805e-01
7.200000000000027489e-01,4.739126089680018028e-01
7.400000000000027667e-01,4.870768481060018251e-01
7.600000000000026734e-01,5.002410872440017364e-01
7.800000000000026912e-01,5.134053263820017587e-01
8.000000000000027089e-01,5.265695655200017811e-01
8.200000000000027267e-01,5.397338046580018034e-01
8.400000000000027445e-01,5.528980437960018257e-01
8.600000000000027622e-01,5.660622829340018480e-01
8.800000000000027800e-01,5.792265220720018704e-01
9.000000000000026867e-01,5.923907612100017817e-01
9.200000000000027045e-01,6.055550003480018040e-01
9.400000000000027223e-01,6.187192394860018263e-01
9.600000000000027400e-01,6.318834786240018486e-01
9.800000000000027578e-01,6.450477177620018709e-01
1.000000000000002665e+00,6.582119569000017822e-01
1.020000000000002682e+00,6.713761960380018046e-01
1.040000000000002700e+00,6.845404351760018269e-01
1.060000000000002718e+00,6.977046743140018492e-01
1.080000000000002736e+00,7.108689134520017605e-01
1.100000000000002753e+00,7.240331525900017828e-01
1.120000000000002771e+00,7.371973917280018052e-01
1.140000000000002789e+00,7.503616308660018275e-01
1.160000000000002807e+00,7.635258700040018498e-01
1.180000000000002824e+00,7.766901091420018721e-01
1.200000000000002842e+00,7.898543482800018944e-01
1.220000000000002638e+00,8.030185874180016947e-01
1.240000000000002656e+00,8.161828265560017170e-01
1.260000000000002673e+00,8.293470656940017394e-01
1.280000000000002691e+00,8.425113048320017617e-01
1.300000000000002709e+00,8.556755439700017840e-01
1.320000000000002727e+00,8.688397831080018063e-01
1.340000000000002744e+00,8.820040222460018287e-01
1.360000000000002762e+00,8.951682613840018510e-01
1.380000000000002780e+00,9.083325005220018733e-01
1.400000000000002798e+00,9.214967396600018956e-01
1.420000000000002816e+00,9.346609787980018069e-01
1.440000000000002833e+00,9.478252179360018292e-01
1.460000000000002629e+00,9.609894570740017405e-01
1.480000000000002647e+00,9.741536962120017629e-01
1.500000000000002665e+00,9.873179353500017852e-01
1.520000000000002682e+00,1.000482174488001696e+00
1.540000000000002700e+00,1.013646413626001719e+00
1.560000000000002718e+00,1.026810652764001741e+00
1.580000000000002736e+00,1.039974891902001763e+00
1.600000000000002753e+00,1.053139131040001786e+00
1.620000000000002771e+00,1.066303370178001808e+00
1.640000000000002789e+00,1.079467609316001830e+00
1.660000000000002807e+00,1.092631848454001853e+00
1.680000000000002824e+00,1.105796087592001875e+00
1.700000000000002842e+00,1.118960326730001897e+00
1.720000000000002638e+00,1.132124565868001698e+00
1.740000000000002656e+00,1.145288805006001720e+00
1.760000000000002673e+00,1.158453044144001742e+00
1.780000000000002691e+00,1.171617283282001765e+00
1.800000000000002709e+00,1.184781522420001787e+00
1.820000000000002727e+00,1.197945761558001809e+00
1.840000000000002744e+00,1.211110000696001832e+00
1.860000000000002762e+00,1.224274239834001854e+00
1.880000000000002780e+00,1.237438478972001876e+00
1.900000000000002798e+00,1.250602718110001899e+00
1.920000000000002816e+00,1.263766957248001921e+00
1.940000000000002833e+00,1.276931196386001943e+00
1.960000000000002851e+00,1.290095435524001966e+00
1.980000000000002647e+00,1.303259674662001766e+00
2.000000000000002665e+00,1.316423913800001788e+00
2.020000000000002682e+00,1.329588152938001810e+00
2.040000000000002700e+00,1.342752392076001833e+00
2.060000000000002718e+00,1.355916631214001855e+00
2.080000000000002736e+00,1.369080870352001877e+00
2.100000000000002753e+00,1.382245109490001900e+00
2.120000000000002771e+00,1.395409348628001922e+00
2.140000000000002789e+00,1.408573587766001944e+00
2.160000000000002807e+00,1.421737826904001967e+00
2.180000000000002824e+00,1.434902066042001767e+00
2.200000000000002842e+00,1.448066305180001789e+00
2.220000000000002860e+00,1.461230544318001812e+00
2.240000000000002878e+00,1.474394783456001834e+00
2.260000000000002895e+00,1.487559022594001856e+00
2.280000000000002913e+00,1.500723261732001879e+00
2.300000000000002931e+00,1.513887500870001901e+00
2.320000000000002949e+00,1.527051740008001923e+00
2.340000000000002967e+00,1.540215979146001946e+00
2.360000000000002540e+00,1.553380218284001746e+00
2.380000000000002558e+00,1.566544457422001768e+00
2.400000000000002576e+00,1.579708696560001790e+00
2.420000000000002593e+00,1.592872935698001813e+00
2.440000000000002611e+00,1.606037174836001835e+00
2.460000000000002629e+00,1.619201413974001635e+00
2.480000000000002647e+00,1.632365653112001658e+00
2.500000000000002665e+00,1.645529892250001680e+00
2.520000000000002682e+00,1.658694131388001702e+00
2.540000000000002700e+00,1.671858370526001725e+00
2.560000000000002718e+00,1.685022609664001747e+00
2.580000000000002736e+00,1.698186848802001769e+00
2.600000000000002753e+00,1.711351087940001792e+00
2.620000000000002771e+00,1.724515327078001814e+00
2.640000000000002789e+00,1.737679566216001836e+00
2.660000000000002807e+00,1.750843805354001859e+00
2.680000000000002824e+00,1.764008044492001881e+00
2.700000000000002842e+00,1.777172283630001903e+00
2.720000000000002860e+00,1.790336522768001926e+00
2.740000000000002878e+00,1.803500761906001948e+00
2.760000000000002895e+00,1.816665001044001970e+00
2.780000000000002913e+00,1.829829240182001993e+00
2.800000000000002931e+00,1.842993479320002015e+00
2.820000000000002949e+00,1.856157718458002037e+00
2.840000000000002967e+00,1.869321957596002060e+00
2.860000000000002984e+00,1.882486196734002082e+00
2.880000000000002558e+00,1.895650435872001660e+00
2.900000000000002576e+00,1.908814675010001682e+00
2.920000000000002593e+00,1.921978914148001705e+00
2.940000000000002611e+00,1.935143153286001727e+00
2.960000000000002629e+00,1.948307392424001749e+00
2.980000000000002647e+00,1.961471631562001772e+00
3.000000000000002665e+00,1.974635870700001794e+00
3.020000000000002682e+00,1.987800109838001816e+00
3.040000000000002700e+00,2.000964348976001617e+00
3.060000000000002718e+00,2.014128588114001861e+00
3.080000000000002736e+00,2.027292827252001661e+00
3.100000000000002753e+00,2.040457066390001906e+00
3.120000000000002771e+00,2.053621305528001706e+00
3.140000000000002789e+00,2.066785544666001950e+00
3.160000000000002807e+00,2.079949783804001751e+00
3.180000000000002824e+00,2.093114022942001995e+00
3.200000000000002842e+00,2.106278262080001795e+00
3.220000000000002860e+00,2.119442501218002040e+00
3.240000000000002878e+00,2.132606740356001840e+00
3.260000000000002895e+00,2.145770979494002084e+00
3.280000000000002913e+00,2.158935218632001884e+00
3.300000000000002931e+00,2.172099457770002129e+00
3.320000000000002949e+00,2.185263696908001929e+00
3.340000000000002967e+00,2.198427936046002173e+00
3.360000000000002984e+00,2.211592175184001974e+00
3.380000000000002558e+00,2.224756414322001774e+00
3.400000000000002576e+00,2.237920653460001574e+00
3.420000000000002593e+00,2.251084892598001819e+00
3.440000000000002611e+00,2.264249131736001619e+00
3.460000000000002629e+00,2.277413370874001863e+00
3.480000000000002647e+00,2.290577610012001664e+00
3.500000000000002665e+00,2.303741849150001908e+00
3.520000000000002682e+00,2.316906088288001708e+00
3.540000000000002700e+00,2.330070327426001953e+00
3.560000000000002718e+00,2.343234566564001753e+00
3.580000000000002736e+00,2.356398805702001997e+00
3.600000000000002753e+00,2.369563044840001798e+00
3.620000000000002771e+00,2.382727283978002042e+00
3.640000000000002789e+00,2.395891523116001842e+00
3.660000000000002807e+00,2.409055762254002087e+00
3.680000000000002824e+00,2.422220001392001887e+00
3.700000000000002842e+00,2.435384240530001687e+00
3.720000000000002860e+00,2.448548479668001931e+00
3.740000000000002878e+00,2.461712718806001732e+00
3.760000000000002895e+00,2.474876957944001976e+00
3.780000000000002913e+00,2.488041197082001776e+00
3.800000000000002931e+00,2.501205436220002021e+00
3.820000000000002949e+00,2.514369675358001821e+00
3.840000000000002967e+00,2.527533914496002065e+00
3.860000000000002984e+00,2.540698153634001866e+00
3.880000000000003002e+00,2.553862392772002110e+00
3.900000000000002576e+00,2.567026631910001910e+00
3.920000000000002593e+00,2.580190871048001711e+00
3.940000000000002611e+00,2.593355110186001955e+00
3.960000000000002629e+00,2.606519349324001755e+00
3.980000000000002647e+00,2.619683588462001556e+00
4.000000000000002665e+00,2.632847827600001800e+00
4.020000000000003126e+00,2.646012066738002044e+00
4.040000000000002700e+00,2.659176305876001845e+00
4.060000000000003162e+00,2.672340545014002089e+00
4.080000000000002736e+00,2.685504784152001889e+00
4.100000000000003197e+00,2.698669023290002134e+00
4.120000000000002771e+00,2.711833262428001934e+00
4.140000000000003233e+00,2.724997501566002178e+00
4.160000000000002807e+00,2.738161740704001978e+00
4.180000000000002380e+00,2.751325979842001779e+00
4.200000000000002842e+00,2.764490218980002023e+00
4.220000000000002416e+00,2.777654458118001823e+00
4.240000000000002878e+00,2.790818697256002068e+00
4.260000000000002451e+00,2.803982936394001424e+00
4.280000000000002913e+00,2.817147175532002112e+00
4.300000000000002487e+00,2.830311414670001469e+00
4.320000000000002949e+00,2.843475653808002157e+00
4.340000000000002522e+00,2.856639892946001513e+00
4.360000000000002984e+00,2.869804132084002202e+00
4.380000000000002558e+00,2.882968371222001558e+00
4.400000000000003020e+00,2.896132610360001802e+00
4.420000000000002593e+00,2.909296849498001603e+00
4.440000000000003055e+00,2.922461088636001847e+00
4.460000000000002629e+00,2.935625327774001647e+00
4.480000000000003091e+00,2.948789566912001892e+00
4.500000000000002665e+00,2.961953806050001692e+00
4.520000000000003126e+00,2.975118045188001936e+00
4.540000000000002700e+00,2.988282284326001736e+00
4.560000000000003162e+00,3.001446523464001981e+00
4.580000000000002736e+00,3.014610762602001781e+00
4.600000000000003197e+00,3.027775001740002025e+00
4.620000000000002771e+00,3.040939240878001826e+00
4.640000000000003233e+00,3.054103480016002070e+00
4.660000000000002807e+00,3.067267719154001870e+00
4.680000000000002380e+00,3.080431958292001671e+00
4.700000000000002842e+00,3.093596197430001915e+00
4.720000000000002416e+00,3.106760436568001715e+00
4.740000000000002878e+00,3.119924675706001960e+00
4.760000000000002451e+00,3.133088914844001760e+00
4.780000000000002913e+00,3.146253153982002004e+00
4.800000000000002487e+00,3.159417393120001805e+00
4.820000000000002949e+00,3.172581632258002049e+00
4.840000000000002522e+00,3.185745871396001849e+00
4.860000000000002984e+00,3.198910110534002094e+00
4.880000000000002558e+00,3.212074349672001894e+00
4.900000000000003020e+00,3.225238588810002138e+00
4.920000000000002593e+00,3.238402827948001939e+00
4.940000000000003055e+00,3.251567067086002183e+00
4.960000000000002629e+00,3.264731306224001539e+00
4.980000000000003091e+00,3.277895545362002228e+00
5.000000000000002665e+00,3.291059784500001584e+00
5.020000000000003126e+00,3.304224023638002272e+00
5.040000000000002700e+00,3.317388262776001628e+00
5.060000000000003162e+00,3.330552501914002317e+00
5.080000000000002736e+00,3.343716741052001673e+00
5.100000000000003197e+00,3.356880980190001917e+00
5.120000000000002771e+00,3.370045219328001718e+00
5.140000000000003233e+00,3.383209458466001962e+00
5.160000000000002807e+00,3.396373697604001762e+00
5.180000000000002380e+00,3.409537936742001563e+00
5.200000000000002842e+00,3.422702175880001807e+00
5.220000000000002416e+00,3.435866415018001607e+00
5.240000000000002878e+00,3.449030654156001852e+00
5.260000000000002451e+00,3.462194893294001652e+00
5.280000000000002913e+00,3.475359132432001896e+00
5.300000000000002487e+00,3.488523371570001697e+00
5.320000000000002949e+00,3.501687610708001941e+00
5.340000000000002522e+00,3.514851849846001741e+00
5.360000000000002984e+00,3.528016088984001986e+00
5.380000000000002558e+00,3.541180328122001786e+00
5.400000000000003020e+00,3.554344567260002030e+00
5.420000000000002593e+00,3.567508806398001830e+00
5.440000000000003055e+00,3.580673045536002075e+00
5.460000000000002629e+00,3.593837284674001875e+00
5.480000000000003091e+00,3.607001523812002119e+00
5.500000000000002665e+00,3.620165762950001920e+00
5.520000000000003126e+00,3.633330002088002164e+00
5.540000000000002700e+00,3.646494241226001964e+00
5.560000000000003162e+00,3.659658480364002209e+00
5.580000000000002736e+00,3.672822719502002009e+00
5.600000000000003197e+00,3.685986958640002253e+00
5.620000000000002771e+00,3.699151197778002054e+00
5.640000000000003233e+00,3.712315436916002298e+00
5.660000000000002807e+00,3.725479676054002098e+00
5.680000000000003268e+00,3.738643915192002343e+00
5.700000000000002842e+00,3.751808154330001699e+00
5.720000000000002416e+00,3.764972393468001499e+00
5.740000000000002878e+00,3.778136632606001744e+00
5.760000000000002451e+00,3.791300871744001544e+00
5.780000000000002913e+00,3.804465110882001788e+00
5.800000000000002487e+00,3.817629350020001588e+00
5.820000000000002949e+00,3.830793589158001833e+00
5.840000000000002522e+00,3.843957828296001633e+00
5.860000000000002984e+00,3.857122067434001877e+00
5.880000000000002558e+00,3.870286306572001678e+00
5.900000000000003020e+00,3.883450545710001922e+00
5.920000000000002593e+00,3.896614784848001722e+00
5.940000000000003055e+00,3.909779023986001967e+00
5.960000000000002629e+00,3.922943263124001767e+00
5.980000000000003091e+00,3.936107502262002011e+00
6.000000000000002665e+00,3.949271741400001812e+00
6.020000000000003126e+00,3.962435980538002056e+00
6.040000000000002700e+00,3.975600219676001856e+00
6.060000000000003162e+00,3.988764458814002101e+00
6.080000000000002736e+00,4.001928697952001457e+00
6.100000000000003197e+00,4.015092937090002145e+00
6.120000000000002771e+00,4.028257176228001946e+00
6.140000000000003233e+00,4.041421415366001746e+00
6.160000000000002807e+00,4.054585654504001546e+00
6.180000000000003268e+00,4.067749893642002235e+00
6.200000000000002842e+00,4.080914132780002035e+00
6.220000000000002416e+00,4.094078371918001835e+00
6.240000000000002878e+00,4.107242611056001635e+00
6.260000000000002451e+00,4.120406850194001436e+00
6.280000000000002913e+00,4.133571089332002124e+00
6.300000000000002487e+00,4.146735328470001924e+00
6.320000000000002949e+00,4.159899567608001725e+00
6.340000000000002522e+00,4.173063806746001525e+00
6.360000000000002984e+00,4.186228045884002213e+00
6.380000000000002558e+00,4.199392285022002014e+00
6.400000000000003020e+00,4.212556524160001814e+00
6.420000000000002593e+00,4.225720763298001614e+00
6.440000000000003055e+00,4.238885002436002303e+00
6.460000000000002629e+00,4.252049241574002103e+00
6.480000000000003091e+00,4.265213480712001903e+00
6.500000000000002665e+00,4.278377719850001704e+00
6.520000000000003126e+00,4.291541958988002392e+00
6.540000000000002700e+00,4.304706198126002192e+00
6.560000000000003162e+00,4.317870437264001993e+00
6.580000000000002736e+00,4.331034676402001793e+00
6.600000000000003197e+00,4.344198915540002481e+00
6.620000000000002771e+00,4.357363154678002282e+00
6.640000000000003233e+00,4.370527393816002082e+00
6.660000000000002807e+00,4.383691632954001882e+00
6.680000000000003268e+00,4.396855872092002571e+00
6.700000000000002842e+00,4.410020111230001483e+00
6.720000000000002416e+00,4.423184350368001283e+00
6.740000000000002878e+00,4.436348589506001971e+00
6.760000000000002451e+00,4.449512828644001772e+00
6.780000000000002913e+00,4.462677067782001572e+00
6.800000000000002487e+00,4.475841306920001372e+00
6.820000000000002949e+00,4.489005546058002061e+00
6.840000000000002522e+00,4.502169785196001861e+00
6.860000000000002984e+00,4.515334024334001661e+00
6.880000000000002558e+00,4.528498263472001462e+00
6.900000000000003020e+00,4.541662502610002150e+00
6.920000000000002593e+00,4.554826741748001950e+00
6.940000000000003055e+00,4.567990980886001751e+00
6.960000000000002629e+00,4.581155220024001551e+00
6.980000000000003091e+00,4.594319459162002239e+00
7.000000000000002665e+00,4.607483698300002040e+00
7.020000000000003126e+00,4.620647937438001840e+00
7.040000000000002700e+00,4.633812176576001640e+00
7.060000000000003162e+00,4.646976415714002329e+00
7.080000000000002736e+00,4.660140654852002129e+00
7.100000000000003197e+00,4.673304893990001929e+00
7.120000000000002771e+00,4.686469133128001729e+00
7.140000000000003233e+00,4.699633372266002418e+00
7.160000000000002807e+00,4.712797611404002218e+00
7.180000000000003268e+00,4.725961850542002018e+00
7.200000000000002842e+00,4.739126089680001819e+00
7.220000000000002416e+00,4.752290328818001619e+00
7.240000000000002878e+00,4.765454567956002307e+00
7.260000000000002451e+00,4.778618807094001220e+00
7.280000000000002913e+00,4.791783046232001908e+00
7.300000000000002487e+00,4.804947285370001708e+00
7.320000000000002949e+00,4.818111524508002397e+00
7.340000000000002522e+00,4.831275763646001309e+00
7.360000000000002984e+00,4.844440002784001997e+00
7.380000000000002558e+00,4.857604241922001798e+00
7.400000000000003020e+00,4.870768481060001598e+00
7.420000000000002593e+00,4.883932720198001398e+00
7.440000000000003055e+00,4.897096959336002087e+00
7.460000000000002629e+00,4.910261198474001887e+00
7.480000000000003091e+00,4.923425437612001687e+00
7.500000000000002665e+00,4.936589676750001487e+00
7.520000000000003126e+00,4.949753915888002176e+00
7.540000000000002700e+00,4.962918155026001976e+00
7.560000000000003162e+00,4.976082394164001776e+00
7.580000000000002736e+00,4.989246633302001577e+00
7.600000000000003197e+00,5.002410872440002265e+00
7.620000000000002771e+00,5.015575111578002065e+00
7.640000000000003233e+00,5.028739350716001866e+00
7.660000000000002807e+00,5.041903589854001666e+00
7.680000000000003268e+00,5.055067828992002354e+00
7.700000000000002842e+00,5.068232068130002155e+00
7.720000000000003304e+00,5.081396307268001955e+00
7.740000000000002878e+00,5.094560546406001755e+00
7.760000000000002451e+00,5.107724785544001556e+00
7.780000000000002913e+00,5.120889024682002244e+00
7.800000000000002487e+00,5.134053263820002044e+00
7.820000000000002949e+00,5.147217502958001845e+00
7.840000000000002522e+00,5.160381742096001645e+00
7.860000000000002984e+00,5.173545981234002333e+00
7.880000000000002558e+00,5.186710220372002134e+00
7.900000000000003020e+00,5.199874459510001934e+00
7.920000000000002593e+00,5.213038698648001734e+00
7.940000000000003055e+00,5.226202937786002423e+00
7.960000000000002629e+00,5.239367176924001335e+00
7.980000000000003091e+00,5.252531416062002023e+00
8.000000000000003553e+00,5.265695655200002712e+00
8.020000000000003126e+00,5.278859894338002512e+00
8.040000000000002700e+00,5.292024133476001424e+00
8.060000000000002274e+00,5.305188372614001224e+00
8.080000000000003624e+00,5.318352611752002801e+00
8.100000000000003197e+00,5.331516850890001713e+00
8.120000000000002771e+00,5.344681090028001513e+00
8.140000000000002345e+00,5.357845329166001314e+00
8.160000000000003695e+00,5.371009568304002890e+00
8.180000000000003268e+00,5.384173807442001802e+00
8.200000000000002842e+00,5.397338046580001603e+00
8.220000000000002416e+00,5.410502285718001403e+00
8.240000000000001990e+00,5.423666524856001203e+00
8.260000000000003340e+00,5.436830763994001892e+00
8.280000000000002913e+00,5.449995003132001692e+00
8.300000000000002487e+00,5.463159242270001492e+00
8.320000000000002061e+00,5.476323481408001292e+00
8.340000000000003411e+00,5.489487720546001981e+00
8.360000000000002984e+00,5.502651959684001781e+00
8.380000000000002558e+00,5.515816198822001581e+00
8.400000000000002132e+00,5.528980437960001382e+00
8.420000000000003482e+00,5.542144677098002070e+00
8.440000000000003055e+00,5.555308916236001870e+00
8.460000000000002629e+00,5.568473155374001671e+00
8.480000000000002203e+00,5.581637394512001471e+00
8.500000000000003553e+00,5.594801633650002159e+00
8.520000000000003126e+00,5.607965872788001960e+00
8.540000000000002700e+00,5.621130111926001760e+00
8.560000000000002274e+00,5.634294351064001560e+00
8.580000000000003624e+00,5.647458590202002249e+00
8.600000000000003197e+00,5.660622829340002049e+00
8.620000000000002771e+00,5.673787068478001849e+00
8.640000000000002345e+00,5.686951307616001650e+00
8.660000000000003695e+00,5.700115546754002338e+00
8.680000000000003268e+00,5.713279785892002138e+00
8.700000000000002842e+00,5.726444025030001939e+00
8.720000000000002416e+00,5.739608264168001739e+00
8.740000000000003766e+00,5.752772503306002427e+00
8.760000000000003340e+00,5.765936742444002228e+00
8.780000000000002913e+00,5.779100981582002028e+00
8.800000000000002487e+00,5.792265220720001828e+00
8.820000000000002061e+00,5.805429459858001628e+00
8.840000000000003411e+00,5.818593698996002317e+00
8.860000000000002984e+00,5.831757938134002117e+00
8.880000000000002558e+00,5.844922177272001917e+00
8.900000000000002132e+00,5.858086416410001718e+00
8.920000000000003482e+00,5.871250655548002406e+00
8.940000000000003055e+00,5.884414894686002206e+00
8.960000000000002629e+00,5.897579133824002007e+00
8.980000000000002203e+00,5.910743372962001807e+00
9.000000000000003553e+00,5.923907612100002495e+00
9.020000000000003126e+00,5.937071851238002296e+00
9.040000000000002700e+00,5.950236090376002096e+00
9.060000000000002274e+00,5.963400329514001896e+00
9.080000000000003624e+00,5.976564568652002585e+00
9.100000000000003197e+00,5.989728807790002385e+00
9.120000000000002771e+00,6.002893046928002185e+00
9.140000000000002345e+00,6.016057286066001986e+00
9.160000000000003695e+00,6.029221525204002674e+00
9.180000000000003268e+00,6.042385764342002474e+00
9.200000000000002842e+00,6.055550003480002275e+00
9.220000000000002416e+00,6.068714242618002075e+00
9.240000000000003766e+00,6.081878481756002763e+00
9.260000000000003340e+00,6.095042720894002564e+00
9.280000000000002913e+00,6.108206960032002364e+00
9.300000000000002487e+00,6.121371199170001276e+00
9.320000000000002061e+00,6.134535438308001076e+00
9.340000000000003411e+00,6.147699677446002653e+00
9.360000000000002984e+00,6.160863916584002453e+00
9.380000000000002558e+00,6.174028155722001365e+00
9.400000000000002132e+00,6.187192394860001166e+00
9.420000000000003482e+00,6.200356633998002742e+00
9.440000000000003055e+00,6.213520873136001654e+00
9.460000000000002629e+00,6.226685112274001455e+00
9.480000000000002203e+00,6.239849351412001255e+00
9.500000000000003553e+00,6.253013590550002831e+00
9.520000000000003126e+00,6.266177829688001744e+00
9.540000000000002700e+00,6.279342068826001544e+00
9.560000000000002274e+00,6.292506307964001344e+00
9.580000000000003624e+00,6.305670547102002033e+00
9.600000000000003197e+00,6.318834786240001833e+00
9.620000000000002771e+00,6.331999025378001633e+00
9.640000000000002345e+00,6.345163264516001433e+00
9.660000000000003695e+00,6.358327503654002122e+00
9.680000000000003268e+00,6.371491742792001922e+00
9.700000000000002842e+00,6.384655981930001722e+00
9.720000000000002416e+00,6.397820221068001523e+00
9.740000000000003766e+00,6.410984460206002211e+00
9.760000000000003340e+00,6.424148699344002011e+00
9.780000000000002913e+00,6.437312938482001812e+00
9.800000000000002487e+00,6.450477177620001612e+00
9.820000000000002061e+00,6.463641416758001412e+00
9.840000000000003411e+00,6.476805655896002101e+00
9.860000000000002984e+00,6.489969895034001901e+00
9.880000000000002558e+00,6.503134134172001701e+00
9.900000000000002132e+00,6.516298373310001502e+00
9.920000000000003482e+00,6.529462612448002190e+00
9.940000000000003055e+00,6.542626851586001990e+00
9.960000000000002629e+00,6.555791090724001791e+00
9.980000000000002203e+00,6.568955329862001591e+00
1.000000000000000355e+01,6.582119569000002279e+00
1.002000000000000313e+01,6.595283808138002080e+00
1.004000000000000270e+01,6.608448047276001880e+00
1.006000000000000227e+01,6.621612286414001680e+00
1.008000000000000362e+01,6.634776525552002369e+00
1.010000000000000320e+01,6.647940764690002169e+00
1.012000000000000277e+01,6.661105003828001969e+00
1.014000000000000234e+01,6.674269242966001769e+00
1.016000000000000369e+01,6.687433482104002458e+00
1.018000000000000327e+01,6.700597721242002258e+00
1.020000000000000284e+01,6.713761960380002058e+00
1.022000000000000242e+01,6.726926199518001859e+00
1.024000000000000377e+01,6.740090438656002547e+00
1.026000000000000334e+01,6.753254677794002347e+00
1.028000000000000291e+01,6.766418916932002148e+00
1.030000000000000249e+01,6.779583156070001948e+00
1.032000000000000206e+01,6.792747395208001748e+00
1.034000000000000341e+01,6.805911634346002437e+00
1.036000000000000298e+01,6.819075873484002237e+00
1.038000000000000256e+01,6.832240112622002037e+00
1.040000000000000213e+01,6.845404351760001838e+00
1.042000000000000348e+01,6.858568590898002526e+00
1.044000000000000306e+01,6.871732830036002326e+00
1.046000000000000263e+01,6.884897069174002127e+00
1.048000000000000220e+01,6.898061308312001927e+00
1.050000000000000355e+01,6.911225547450002615e+00
1.052000000000000313e+01,6.924389786588002416e+00
1.054000000000000270e+01,6.937554025726002216e+00
1.056000000000000227e+01,6.950718264864001128e+00
1.058000000000000362e+01,6.963882504002002705e+00
1.060000000000000320e+01,6.977046743140002505e+00
1.062000000000000277e+01,6.990210982278002305e+00
1.064000000000000234e+01,7.003375221416001217e+00
1.066000000000000369e+01,7.016539460554002794e+00
1.068000000000000327e+01,7.029703699692002594e+00
1.070000000000000284e+01,7.042867938830001506e+00
1.072000000000000242e+01,7.056032177968001307e+00
1.074000000000000377e+01,7.069196417106002883e+00
1.076000000000000334e+01,7.082360656244002683e+00
1.078000000000000291e+01,7.095524895382001596e+00
1.080000000000000249e+01,7.108689134520001396e+00
1.082000000000000206e+01,7.121853373658001196e+00
1.084000000000000341e+01,7.135017612796001885e+00
1.086000000000000298e+01,7.148181851934001685e+00
1.088000000000000256e+01,7.161346091072001485e+00
1.090000000000000213e+01,7.174510330210001285e+00
1.092000000000000348e+01,7.187674569348001974e+00
1.094000000000000306e+01,7.200838808486001774e+00
1.096000000000000263e+01,7.214003047624001574e+00
1.098000000000000220e+01,7.227167286762001375e+00
1.100000000000000355e+01,7.240331525900002063e+00
1.102000000000000313e+01,7.253495765038001863e+00
1.104000000000000270e+01,7.266660004176001664e+00
1.106000000000000227e+01,7.279824243314001464e+00
1.108000000000000362e+01,7.292988482452002152e+00
1.110000000000000320e+01,7.306152721590001953e+00
1.112000000000000277e+01,7.319316960728001753e+00
1.114000000000000234e+01,7.332481199866001553e+00
1.116000000000000369e+01,7.345645439004002242e+00
1.118000000000000327e+01,7.358809678142002042e+00
1.120000000000000284e+01,7.371973917280001842e+00
1.122000000000000242e+01,7.385138156418001643e+00
1.124000000000000377e+01,7.398302395556002331e+00
1.126000000000000334e+01,7.411466634694002131e+00
1.128000000000000291e+01,7.424630873832001932e+00
1.130000000000000249e+01,7.437795112970001732e+00
1.132000000000000206e+01,7.450959352108001532e+00
1.134000000000000341e+01,7.464123591246002221e+00
1.136000000000000298e+01,7.477287830384002021e+00
1.138000000000000256e+01,7.490452069522001821e+00
1.140000000000000213e+01,7.503616308660001621e+00
1.142000000000000348e+01,7.516780547798002310e+00
1.144000000000000306e+01,7.529944786936002110e+00
1.146000000000000263e+01,7.543109026074001910e+00
1.148000000000000220e+01,7.556273265212001711e+00
1.150000000000000355e+01,7.569437504350002399e+00
1.152000000000000313e+01,7.582601743488002199e+00
1.154000000000000270e+01,7.595765982626002000e+00
1.156000000000000227e+01,7.608930221764001800e+00
1.158000000000000362e+01,7.622094460902002488e+00
1.160000000000000320e+01,7.635258700040002289e+00
1.162000000000000277e+01,7.648422939178002089e+00
1.164000000000000234e+01,7.661587178316001889e+00
1.166000000000000369e+01,7.674751417454002578e+00
1.168000000000000327e+01,7.687915656592002378e+00
1.170000000000000284e+01,7.701079895730002178e+00
1.172000000000000242e+01,7.714244134868001979e+00
1.174000000000000377e+01,7.727408374006002667e+00
1.176000000000000334e+01,7.740572613144002467e+00
1.178000000000000291e+01,7.753736852282002268e+00
1.180000000000000249e+01,7.766901091420002068e+00
1.182000000000000384e+01,7.780065330558002756e+00
1.184000000000000341e+01,7.793229569696002557e+00
1.186000000000000298e+01,7.806393808834002357e+00
1.188000000000000256e+01,7.819558047972002157e+00
1.190000000000000213e+01,7.832722287110001069e+00
1.192000000000000348e+01,7.845886526248002646e+00
1.194000000000000306e+01,7.859050765386002446e+00
1.196000000000000263e+01,7.872215004524001358e+00
1.198000000000000220e+01,7.885379243662001159e+00
1.200000000000000355e+01,7.898543482800002735e+00
1.202000000000000313e+01,7.911707721938002535e+00
1.204000000000000270e+01,7.924871961076001448e+00
1.206000000000000227e+01,7.938036200214001248e+00
1.208000000000000362e+01,7.951200439352002824e+00
1.210000000000000320e+01,7.964364678490001737e+00
1.212000000000000277e+01,7.977528917628001537e+00
1.214000000000000234e+01,7.990693156766001337e+00
1.216000000000000369e+01,8.003857395904002914e+00
1.218000000000000327e+01,8.017021635042002714e+00
1.220000000000000284e+01,8.030185874180002514e+00
1.222000000000000242e+01,8.043350113318002315e+00
1.224000000000000377e+01,8.056514352456002115e+00
1.226000000000000334e+01,8.069678591594001915e+00
1.228000000000000291e+01,8.082842830732001715e+00
1.230000000000000249e+01,8.096007069870001516e+00
1.232000000000000384e+01,8.109171309008003092e+00
1.234000000000000341e+01,8.122335548146002893e+00
1.236000000000000298e+01,8.135499787284002693e+00
1.238000000000000256e+01,8.148664026422002493e+00
1.240000000000000213e+01,8.161828265560002293e+00
1.242000000000000348e+01,8.174992504698002094e+00
1.244000000000000306e+01,8.188156743836001894e+00
1.246000000000000263e+01,8.201320982974001694e+00
1.248000000000000220e+01,8.214485222112001495e+00
1.250000000000000355e+01,8.227649461250003071e+00
1.252000000000000313e+01,8.240813700388002871e+00
1.254000000000000270e+01,8.253977939526002672e+00
1.256000000000000227e+01,8.267142178664000696e+00
1.258000000000000362e+01,8.280306417802002272e+00
1.260000000000000320e+01,8.293470656940002073e+00
1.262000000000000277e+01,8.306634896078001873e+00
1.264000000000000234e+01,8.319799135216001673e+00
1.266000000000000369e+01,8.332963374354003250e+00
1.268000000000000327e+01,8.346127613492003050e+00
1.270000000000000284e+01,8.359291852630001074e+00
1.272000000000000242e+01,8.372456091768000874e+00
1.274000000000000377e+01,8.385620330906002451e+00
1.276000000000000334e+01,8.398784570044002251e+00
1.278000000000000291e+01,8.411948809182002051e+00
1.280000000000000249e+01,8.425113048320001852e+00
1.282000000000000384e+01,8.438277287458003428e+00
1.284000000000000341e+01,8.451441526596001452e+00
1.286000000000000298e+01,8.464605765734001253e+00
1.288000000000000256e+01,8.477770004872001053e+00
1.290000000000000213e+01,8.490934244010000853e+00
1.292000000000000348e+01,8.504098483148002430e+00
1.294000000000000306e+01,8.517262722286002230e+00
1.296000000000000263e+01,8.530426961424002030e+00
1.298000000000000220e+01,8.543591200562001831e+00
1.300000000000000355e+01,8.556755439700001631e+00
1.302000000000000313e+01,8.569919678838001431e+00
1.304000000000000270e+01,8.583083917976001231e+00
1.306000000000000227e+01,8.596248157114001032e+00
1.308000000000000362e+01,8.609412396252002608e+00
1.310000000000000320e+01,8.622576635390002409e+00
1.312000000000000277e+01,8.635740874528002209e+00
1.314000000000000234e+01,8.648905113666002009e+00
1.316000000000000369e+01,8.662069352804001809e+00
1.318000000000000327e+01,8.675233591942001610e+00
1.320000000000000284e+01,8.688397831080001410e+00
1.322000000000000242e+01,8.701562070218001210e+00
1.324000000000000377e+01,8.714726309356002787e+00
1.326000000000000334e+01,8.727890548494002587e+00
1.328000000000000291e+01,8.741054787632002387e+00
1.330000000000000249e+01,8.754219026770002188e+00
1.332000000000000384e+01,8.767383265908001988e+00
1.334000000000000341e+01,8.780547505046001788e+00
1.336000000000000298e+01,8.793711744184001589e+00
1.338000000000000256e+01,8.806875983322001389e+00
1.340000000000000213e+01,8.820040222460001189e+00
1.342000000000000348e+01,8.833204461598002766e+00
1.344000000000000306e+01,8.846368700736002566e+00
1.346000000000000263e+01,8.859532939874002366e+00
1.348000000000000220e+01,8.872697179012002167e+00
1.350000000000000355e+01,8.885861418150001967e+00
1.352000000000000313e+01,8.899025657288001767e+00
1.354000000000000270e+01,8.912189896426001567e+00
1.356000000000000227e+01,8.925354135564001368e+00
1.358000000000000362e+01,8.938518374702002944e+00
1.360000000000000320e+01,8.951682613840002745e+00
1.362000000000000277e+01,8.964846852978002545e+00
1.364000000000000234e+01,8.978011092116002345e+00
1.366000000000000369e+01,8.991175331254002145e+00
1.368000000000000327e+01,9.004339570392001946e+00
1.370000000000000284e+01,9.017503809530001746e+00
1.372000000000000242e+01,9.030668048668001546e+00
1.374000000000000377e+01,9.043832287806003123e+00
1.376000000000000334e+01,9.056996526944002923e+00
1.378000000000000291e+01,9.070160766082002723e+00
1.380000000000000249e+01,9.083325005220002524e+00
1.382000000000000384e+01,9.096489244358002324e+00
1.384000000000000341e+01,9.109653483496002124e+00
1.386000000000000298e+01,9.122817722634001925e+00
1.388000000000000256e+01,9.135981961772001725e+00
1.390000000000000213e+01,9.149146200910001525e+00
1.392000000000000348e+01,9.162310440048003102e+00
1.394000000000000306e+01,9.175474679186002902e+00
1.396000000000000263e+01,9.188638918324000926e+00
1.398000000000000220e+01,9.201803157462000726e+00
1.400000000000000355e+01,9.214967396600002303e+00
1.402000000000000313e+01,9.228131635738002103e+00
1.404000000000000270e+01,9.241295874876001903e+00
1.406000000000000227e+01,9.254460114014001704e+00
1.408000000000000362e+01,9.267624353152003280e+00
1.410000000000000320e+01,9.280788592290001304e+00
1.412000000000000277e+01,9.293952831428001105e+00
1.414000000000000234e+01,9.307117070566000905e+00
1.416000000000000369e+01,9.320281309704002481e+00
1.418000000000000327e+01,9.333445548842002282e+00
1.420000000000000284e+01,9.346609787980002082e+00
1.422000000000000242e+01,9.359774027118001882e+00
1.424000000000000377e+01,9.372938266256001683e+00
1.426000000000000334e+01,9.386102505394001483e+00
1.428000000000000291e+01,9.399266744532001283e+00
1.430000000000000249e+01,9.412430983670001083e+00
1.432000000000000384e+01,9.425595222808002660e+00
1.434000000000000341e+01,9.438759461946002460e+00
1.436000000000000298e+01,9.451923701084002261e+00
1.438000000000000256e+01,9.465087940222002061e+00
1.440000000000000213e+01,9.478252179360001861e+00
1.442000000000000348e+01,9.491416418498001661e+00
1.444000000000000306e+01,9.504580657636001462e+00
1.446000000000000263e+01,9.517744896774001262e+00
1.448000000000000220e+01,9.530909135912001062e+00
1.450000000000000355e+01,9.544073375050002639e+00
1.452000000000000313e+01,9.557237614188002439e+00
1.454000000000000270e+01,9.570401853326002239e+00
1.456000000000000227e+01,9.583566092464002040e+00
1.458000000000000362e+01,9.596730331602001840e+00
1.460000000000000320e+01,9.609894570740001640e+00
1.462000000000000277e+01,9.623058809878001441e+00
1.464000000000000234e+01,9.636223049016001241e+00
1.466000000000000369e+01,9.649387288154002817e+00
1.468000000000000327e+01,9.662551527292002618e+00
1.470000000000000284e+01,9.675715766430002418e+00
1.472000000000000242e+01,9.688880005568002218e+00
1.474000000000000377e+01,9.702044244706002019e+00
1.476000000000000334e+01,9.715208483844001819e+00
1.478000000000000291e+01,9.728372722982001619e+00
1.480000000000000249e+01,9.741536962120001419e+00
1.482000000000000384e+01,9.754701201258002996e+00
1.484000000000000341e+01,9.767865440396002796e+00
1.486000000000000298e+01,9.781029679534002597e+00
1.488000000000000256e+01,9.794193918672002397e+00
1.490000000000000213e+01,9.807358157810002197e+00
1.492000000000000348e+01,9.820522396948001997e+00
1.494000000000000306e+01,9.833686636086001798e+00
1.496000000000000263e+01,9.846850875224001598e+00
1.498000000000000220e+01,9.860015114362001398e+00
1.500000000000000355e+01,9.873179353500002975e+00
1.502000000000000313e+01,9.886343592638002775e+00
1.504000000000000270e+01,9.899507831776002575e+00
1.506000000000000227e+01,9.912672070914002376e+00
1.508000000000000362e+01,9.925836310052002176e+00
1.510000000000000320e+01,9.939000549190001976e+00
1.512000000000000277e+01,9.952164788328001777e+00
1.514000000000000234e+01,9.965329027466001577e+00
1.516000000000000369e+01,9.978493266604003153e+00
1.518000000000000327e+01,9.991657505742002954e+00
1.520000000000000284e+01,1.000482174488000275e+01
1.522000000000000242e+01,1.001798598401800255e+01
1.524000000000000377e+01,1.003115022315600235e+01
1.526000000000000334e+01,1.004431446229400215e+01
1.528000000000000291e+01,1.005747870143200196e+01
1.530000000000000249e+01,1.007064294057000176e+01
1.532000000000000384e+01,1.008380717970800333e+01
1.534000000000000341e+01,1.009697141884600313e+01
1.536000000000000298e+01,1.011013565798400293e+01
1.538000000000000256e+01,1.012329989712200096e+01
1.540000000000000391e+01,1.013646413626000253e+01
1.542000000000000348e+01,1.014962837539800233e+01
1.544000000000000306e+01,1.016279261453600213e+01
1.546000000000000263e+01,1.017595685367400193e+01
1.548000000000000220e+01,1.018912109281200173e+01
1.550000000000000355e+01,1.020228533195000331e+01
1.552000000000000313e+01,1.021544957108800133e+01
1.554000000000000270e+01,1.022861381022600114e+01
1.556000000000000227e+01,1.024177804936400094e+01
1.558000000000000362e+01,1.025494228850200251e+01
1.560000000000000320e+01,1.026810652764000231e+01
1.562000000000000277e+01,1.028127076677800211e+01
1.564000000000000234e+01,1.029443500591600191e+01
1.566000000000000369e+01,1.030759924505400171e+01
1.568000000000000327e+01,1.032076348419200151e+01
1.570000000000000284e+01,1.033392772333000131e+01
1.572000000000000242e+01,1.034709196246800111e+01
1.574000000000000377e+01,1.036025620160600269e+01
1.576000000000000334e+01,1.037342044074400249e+01
1.578000000000000291e+01,1.038658467988200229e+01
1.580000000000000249e+01,1.039974891902000209e+01
1.582000000000000384e+01,1.041291315815800189e+01
1.584000000000000341e+01,1.042607739729600169e+01
1.586000000000000298e+01,1.043924163643400149e+01
1.588000000000000256e+01,1.045240587557200129e+01
1.590000000000000391e+01,1.046557011471000287e+01
1.592000000000000348e+01,1.047873435384800267e+01
1.594000000000000306e+01,1.049189859298600247e+01
1.596000000000000263e+01,1.050506283212400227e+01
1.598000000000000220e+01,1.051822707126200207e+01
1.600000000000000355e+01,1.053139131040000187e+01
1.602000000000000313e+01,1.054455554953800167e+01
1.604000000000000270e+01,1.055771978867600147e+01
1.606000000000000227e+01,1.057088402781400127e+01
1.608000000000000185e+01,1.058404826695200107e+01
1.610000000000000142e+01,1.059721250609000087e+01
1.612000000000000455e+01,1.061037674522800245e+01
1.614000000000000412e+01,1.062354098436600225e+01
1.616000000000000369e+01,1.063670522350400205e+01
1.618000000000000327e+01,1.064986946264200185e+01
1.620000000000000284e+01,1.066303370178000165e+01
1.622000000000000242e+01,1.067619794091800145e+01
1.624000000000000199e+01,1.068936218005600125e+01
1.626000000000000156e+01,1.070252641919400105e+01
1.628000000000000469e+01,1.071569065833200263e+01
1.630000000000000426e+01,1.072885489747000243e+01
1.632000000000000384e+01,1.074201913660800223e+01
1.634000000000000341e+01,1.075518337574600203e+01
1.636000000000000298e+01,1.076834761488400183e+01
1.638000000000000256e+01,1.078151185402200163e+01
1.640000000000000213e+01,1.079467609316000143e+01
1.642000000000000171e+01,1.080784033229800123e+01
1.644000000000000128e+01,1.082100457143600103e+01
1.646000000000000441e+01,1.083416881057400261e+01
1.648000000000000398e+01,1.084733304971200241e+01
1.650000000000000355e+01,1.086049728885000221e+01
1.652000000000000313e+01,1.087366152798800201e+01
1.654000000000000270e+01,1.088682576712600181e+01
1.656000000000000227e+01,1.089999000626400161e+01
1.658000000000000185e+01,1.091315424540200141e+01
1.660000000000000142e+01,1.092631848454000121e+01
1.662000000000000455e+01,1.093948272367800278e+01
1.664000000000000412e+01,1.095264696281600258e+01
1.666000000000000369e+01,1.096581120195400239e+01
1.668000000000000327e+01,1.097897544109200219e+01
1.670000000000000284e+01,1.099213968023000199e+01
1.672000000000000242e+01,1.100530391936800179e+01
1.674000000000000199e+01,1.101846815850600159e+01
1.676000000000000156e+01,1.103163239764400139e+01
1.678000000000000469e+01,1.104479663678200296e+01
1.680000000000000426e+01,1.105796087592000276e+01
1.682000000000000384e+01,1.107112511505800256e+01
1.684000000000000341e+01,1.108428935419600236e+01
1.686000000000000298e+01,1.109745359333400216e+01
1.688000000000000256e+01,1.111061783247200196e+01
1.690000000000000213e+01,1.112378207161000176e+01
1.692000000000000171e+01,1.113694631074800157e+01
1.694000000000000483e+01,1.115011054988600314e+01
1.696000000000000441e+01,1.116327478902400294e+01
1.698000000000000398e+01,1.117643902816200274e+01
1.700000000000000355e+01,1.118960326730000254e+01
1.702000000000000313e+01,1.120276750643800234e+01
1.704000000000000270e+01,1.121593174557600214e+01
1.706000000000000227e+01,1.122909598471400194e+01
1.708000000000000185e+01,1.124226022385200174e+01
1.710000000000000142e+01,1.125542446299000154e+01
1.712000000000000455e+01,1.126858870212800312e+01
1.714000000000000412e+01,1.128175294126600292e+01
1.716000000000000369e+01,1.129491718040400272e+01
1.718000000000000327e+01,1.130808141954200252e+01
1.720000000000000284e+01,1.132124565868000232e+01
1.722000000000000242e+01,1.133440989781800212e+01
1.724000000000000199e+01,1.134757413695600192e+01
1.726000000000000156e+01,1.136073837609400172e+01
1.728000000000000469e+01,1.137390261523200330e+01
1.730000000000000426e+01,1.138706685437000310e+01
1.732000000000000384e+01,1.140023109350800290e+01
1.734000000000000341e+01,1.141339533264600270e+01
1.736000000000000298e+01,1.142655957178400250e+01
1.738000000000000256e+01,1.143972381092200230e+01
1.740000000000000213e+01,1.145288805006000210e+01
1.742000000000000171e+01,1.146605228919800190e+01
1.744000000000000483e+01,1.147921652833600348e+01
1.746000000000000441e+01,1.149238076747400328e+01
1.748000000000000398e+01,1.150554500661200308e+01
1.750000000000000355e+01,1.151870924575000288e+01
1.752000000000000313e+01,1.153187348488800268e+01
1.754000000000000270e+01,1.154503772402600248e+01
1.756000000000000227e+01,1.155820196316400228e+01
1.758000000000000185e+01,1.157136620230200208e+01
1.760000000000000142e+01,1.158453044144000188e+01
1.762000000000000455e+01,1.159769468057800346e+01
1.764000000000000412e+01,1.161085891971600326e+01
1.766000000000000369e+01,1.162402315885400306e+01
1.768000000000000327e+01,1.163718739799200286e+01
1.770000000000000284e+01,1.165035163713000266e+01
1.772000000000000242e+01,1.166351587626800246e+01
1.774000000000000199e+01,1.167668011540600226e+01
1.776000000000000156e+01,1.168984435454400028e+01
1.778000000000000469e+01,1.170300859368200364e+01
1.780000000000000426e+01,1.171617283282000344e+01
1.782000000000000384e+01,1.172933707195800324e+01
1.784000000000000341e+01,1.174250131109600304e+01
1.786000000000000298e+01,1.175566555023400284e+01
1.788000000000000256e+01,1.176882978937200264e+01
1.790000000000000213e+01,1.178199402851000066e+01
1.792000000000000171e+01,1.179515826764800046e+01
1.794000000000000483e+01,1.180832250678600381e+01
1.796000000000000441e+01,1.182148674592400361e+01
1.798000000000000398e+01,1.183465098506200341e+01
1.800000000000000355e+01,1.184781522420000321e+01
1.802000000000000313e+01,1.186097946333800301e+01
1.804000000000000270e+01,1.187414370247600104e+01
1.806000000000000227e+01,1.188730794161400084e+01
1.808000000000000185e+01,1.190047218075200064e+01
1.810000000000000142e+01,1.191363641989000044e+01
1.812000000000000455e+01,1.192680065902800379e+01
1.814000000000000412e+01,1.193996489816600359e+01
1.816000000000000369e+01,1.195312913730400339e+01
1.818000000000000327e+01,1.196629337644200142e+01
1.820000000000000284e+01,1.197945761558000122e+01
1.822000000000000242e+01,1.199262185471800102e+01
1.824000000000000199e+01,1.200578609385600082e+01
1.826000000000000156e+01,1.201895033299400062e+01
1.828000000000000469e+01,1.203211457213200397e+01
1.830000000000000426e+01,1.204527881127000377e+01
1.832000000000000384e+01,1.205844305040800180e+01
1.834000000000000341e+01,1.207160728954600160e+01
1.836000000000000298e+01,1.208477152868400140e+01
1.838000000000000256e+01,1.209793576782200120e+01
1.840000000000000213e+01,1.211110000696000100e+01
1.842000000000000171e+01,1.212426424609800080e+01
1.844000000000000483e+01,1.213742848523600415e+01
1.846000000000000441e+01,1.215059272437400217e+01
1.848000000000000398e+01,1.216375696351200197e+01
1.850000000000000355e+01,1.217692120265000177e+01
1.852000000000000313e+01,1.219008544178800157e+01
1.854000000000000270e+01,1.220324968092600137e+01
1.856000000000000227e+01,1.221641392006400118e+01
1.858000000000000185e+01,1.222957815920200098e+01
1.860000000000000142e+01,1.224274239834000078e+01
1.862000000000000455e+01,1.225590663747800235e+01
1.864000000000000412e+01,1.226907087661600215e+01
1.866000000000000369e+01,1.228223511575400195e+01
1.868000000000000327e+01,1.229539935489200175e+01
1.870000000000000284e+01,1.230856359403000155e+01
1.872000000000000242e+01,1.232172783316800135e+01
1.874000000000000199e+01,1.233489207230600115e+01
1.876000000000000156e+01,1.234805631144400095e+01
1.878000000000000469e+01,1.236122055058200253e+01
1.880000000000000426e+01,1.237438478972000233e+01
1.882000000000000384e+01,1.238754902885800213e+01
1.884000000000000341e+01,1.240071326799600193e+01
1.886000000000000298e+01,1.241387750713400173e+01
1.888000000000000256e+01,1.242704174627200153e+01
1.890000000000000213e+01,1.244020598541000133e+01
1.892000000000000171e+01,1.245337022454800113e+01
1.894000000000000483e+01,1.246653446368600271e+01
1.896000000000000441e+01,1.247969870282400251e+01
1.898000000000000398e+01,1.249286294196200231e+01
1.900000000000000355e+01,1.250602718110000211e+01
1.902000000000000313e+01,1.251919142023800191e+01
1.904000000000000270e+01,1.253235565937600171e+01
1.906000000000000227e+01,1.254551989851400151e+01
1.908000000000000185e+01,1.255868413765200131e+01
1.910000000000000142e+01,1.257184837679000111e+01
1.912000000000000455e+01,1.258501261592800269e+01
1.914000000000000412e+01,1.259817685506600249e+01
1.916000000000000369e+01,1.261134109420400229e+01
1.918000000000000327e+01,1.262450533334200209e+01
1.920000000000000284e+01,1.263766957248000189e+01
1.922000000000000242e+01,1.265083381161800169e+01
1.924000000000000199e+01,1.266399805075600149e+01
1.926000000000000156e+01,1.267716228989400129e+01
1.928000000000000469e+01,1.269032652903200287e+01
1.930000000000000426e+01,1.270349076817000267e+01
1.932000000000000384e+01,1.271665500730800247e+01
1.934000000000000341e+01,1.272981924644600227e+01
1.936000000000000298e+01,1.274298348558400207e+01
1.938000000000000256e+01,1.275614772472200187e+01
1.940000000000000213e+01,1.276931196386000167e+01
1.942000000000000171e+01,1.278247620299800147e+01
1.944000000000000483e+01,1.279564044213600305e+01
1.946000000000000441e+01,1.280880468127400285e+01
1.948000000000000398e+01,1.282196892041200265e+01
1.950000000000000355e+01,1.283513315955000245e+01
1.952000000000000313e+01,1.284829739868800225e+01
1.954000000000000270e+01,1.286146163782600205e+01
1.956000000000000227e+01,1.287462587696400185e+01
1.958000000000000185e+01,1.288779011610200165e+01
1.960000000000000142e+01,1.290095435524000145e+01
1.962000000000000455e+01,1.291411859437800302e+01
1.964000000000000412e+01,1.292728283351600282e+01
1.966000000000000369e+01,1.294044707265400262e+01
1.968000000000000327e+01,1.295361131179200243e+01
1.970000000000000284e+01,1.296677555093000223e+01
1.972000000000000242e+01,1.297993979006800203e+01
1.974000000000000199e+01,1.299310402920600183e+01
1.976000000000000156e+01,1.300626826834400163e+01
1.978000000000000469e+01,1.301943250748200320e+01
1.980000000000000426e+01,1.303259674662000300e+01
1.982000000000000384e+01,1.304576098575800280e+01
1.984000000000000341e+01,1.305892522489600260e+01
1.986000000000000298e+01,1.307208946403400240e+01
1.988000000000000256e+01,1.308525370317200220e+01
1.990000000000000213e+01,1.309841794231000200e+01
1.992000000000000171e+01,1.311158218144800180e+01
1.994000000000000483e+01,1.312474642058600338e+01
1.996000000000000441e+01,1.313791065972400318e+01
1.998000000000000398e+01,1.315107489886200298e+01
2.000000000000000355e+01,1.316423913800000278e+01
2.002000000000000313e+01,1.317740337713800258e+01
2.004000000000000270e+01,1.319056761627600238e+01
2.006000000000000227e+01,1.320373185541400218e+01
2.008000000000000185e+01,1.321689609455200198e+01
2.010000000000000142e+01,1.323006033369000178e+01
2.012000000000000455e+01,1.324322457282800336e+01
2.014000000000000412e+01,1.325638881196600316e+01
2.016000000000000369e+01,1.326955305110400296e+01
2.018000000000000327e+01,1.328271729024200276e+01
2.020000000000000284e+01,1.329588152938000256e+01
2.022000000000000242e+01,1.330904576851800236e+01
2.024000000000000199e+01,1.332221000765600216e+01
2.026000000000000156e+01,1.333537424679400196e+01
2.028000000000000469e+01,1.334853848593200354e+01
2.030000000000000426e+01,1.336170272507000334e+01
2.032000000000000384e+01,1.337486696420800314e+01
2.034000000000000341e+01,1.338803120334600294e+01
2.036000000000000298e+01,1.340119544248400274e+01
2.038000000000000256e+01,1.341435968162200254e+01
2.040000000000000213e+01,1.342752392076000234e+01
2.042000000000000171e+01,1.344068815989800036e+01
2.044000000000000483e+01,1.345385239903600372e+01
2.046000000000000441e+01,1.346701663817400352e+01
2.048000000000000398e+01,1.348018087731200332e+01
2.050000000000000355e+01,1.349334511645000312e+01
2.052000000000000313e+01,1.350650935558800292e+01
2.054000000000000270e+01,1.351967359472600272e+01
2.056000000000000227e+01,1.353283783386400074e+01
2.058000000000000185e+01,1.354600207300200054e+01
2.060000000000000142e+01,1.355916631214000034e+01
2.062000000000000455e+01,1.357233055127800370e+01
2.064000000000000412e+01,1.358549479041600350e+01
2.066000000000000369e+01,1.359865902955400330e+01
2.068000000000000327e+01,1.361182326869200310e+01
2.070000000000000284e+01,1.362498750783000112e+01
2.072000000000000242e+01,1.363815174696800092e+01
2.074000000000000199e+01,1.365131598610600072e+01
2.076000000000000156e+01,1.366448022524400052e+01
2.078000000000000469e+01,1.367764446438200387e+01
2.080000000000000426e+01,1.369080870352000368e+01
2.082000000000000384e+01,1.370397294265800348e+01
2.084000000000000341e+01,1.371713718179600150e+01
2.086000000000000298e+01,1.373030142093400130e+01
2.088000000000000256e+01,1.374346566007200110e+01
2.090000000000000213e+01,1.375662989921000090e+01
2.092000000000000171e+01,1.376979413834800070e+01
2.094000000000000483e+01,1.378295837748600405e+01
2.096000000000000441e+01,1.379612261662400385e+01
2.098000000000000398e+01,1.380928685576200188e+01
2.100000000000000355e+01,1.382245109490000168e+01
2.102000000000000313e+01,1.383561533403800148e+01
2.104000000000000270e+01,1.384877957317600128e+01
2.106000000000000227e+01,1.386194381231400108e+01
2.108000000000000185e+01,1.387510805145200088e+01
2.110000000000000142e+01,1.388827229059000068e+01
2.112000000000000455e+01,1.390143652972800226e+01
2.114000000000000412e+01,1.391460076886600206e+01
2.116000000000000369e+01,1.392776500800400186e+01
2.118000000000000327e+01,1.394092924714200166e+01
2.120000000000000284e+01,1.395409348628000146e+01
2.122000000000000242e+01,1.396725772541800126e+01
2.124000000000000199e+01,1.398042196455600106e+01
2.126000000000000156e+01,1.399358620369400086e+01
2.128000000000000469e+01,1.400675044283200243e+01
2.130000000000000426e+01,1.401991468197000223e+01
2.132000000000000384e+01,1.403307892110800204e+01
2.134000000000000341e+01,1.404624316024600184e+01
2.136000000000000298e+01,1.405940739938400164e+01
2.138000000000000256e+01,1.407257163852200144e+01
2.140000000000000213e+01,1.408573587766000124e+01
2.142000000000000171e+01,1.409890011679800104e+01
2.144000000000000483e+01,1.411206435593600261e+01
2.146000000000000441e+01,1.412522859507400241e+01
2.148000000000000398e+01,1.413839283421200221e+01
2.150000000000000355e+01,1.415155707335000201e+01
2.152000000000000313e+01,1.416472131248800181e+01
2.154000000000000270e+01,1.417788555162600161e+01
2.156000000000000227e+01,1.419104979076400141e+01
2.158000000000000185e+01,1.420421402990200122e+01
2.160000000000000142e+01,1.421737826904000102e+01
2.162000000000000455e+01,1.423054250817800259e+01
2.164000000000000412e+01,1.424370674731600239e+01
2.166000000000000369e+01,1.425687098645400219e+01
2.168000000000000327e+01,1.427003522559200199e+01
2.170000000000000284e+01,1.428319946473000179e+01
2.172000000000000242e+01,1.429636370386800159e+01
2.174000000000000199e+01,1.430952794300600139e+01
2.176000000000000156e+01,1.432269218214400119e+01
2.178000000000000469e+01,1.433585642128200277e+01
2.180000000000000426e+01,1.434902066042000257e+01
2.182000000000000384e+01,1.436218489955800237e+01
2.184000000000000341e+01,1.437534913869600217e+01
2.186000000000000298e+01,1.438851337783400197e+01
2.188000000000000256e+01,1.440167761697200177e+01
2.190000000000000213e+01,1.441484185611000157e+01
2.192000000000000171e+01,1.442800609524800137e+01
2.194000000000000483e+01,1.444117033438600295e+01
2.196000000000000441e+01,1.445433457352400275e+01
2.198000000000000398e+01,1.446749881266200255e+01
2.200000000000000355e+01,1.448066305180000235e+01
2.202000000000000313e+01,1.449382729093800215e+01
2.204000000000000270e+01,1.450699153007600195e+01
2.206000000000000227e+01,1.452015576921400175e+01
2.208000000000000185e+01,1.453332000835200155e+01
2.210000000000000142e+01,1.454648424749000135e+01
2.212000000000000455e+01,1.455964848662800293e+01
2.214000000000000412e+01,1.457281272576600273e+01
2.216000000000000369e+01,1.458597696490400253e+01
2.218000000000000327e+01,1.459914120404200233e+01
2.220000000000000284e+01,1.461230544318000213e+01
2.222000000000000242e+01,1.462546968231800193e+01
2.224000000000000199e+01,1.463863392145600173e+01
2.226000000000000156e+01,1.465179816059400153e+01
2.228000000000000469e+01,1.466496239973200311e+01
2.230000000000000426e+01,1.467812663887000291e+01
2.232000000000000384e+01,1.469129087800800271e+01
2.234000000000000341e+01,1.470445511714600251e+01
2.236000000000000298e+01,1.471761935628400231e+01
2.238000000000000256e+01,1.473078359542200211e+01
2.240000000000000213e+01,1.474394783456000191e+01
2.242000000000000171e+01,1.475711207369800171e+01
2.244000000000000483e+01,1.477027631283600329e+01
2.246000000000000441e+01,1.478344055197400309e+01
2.248000000000000398e+01,1.479660479111200289e+01
2.250000000000000355e+01,1.480976903025000269e+01
2.252000000000000313e+01,1.482293326938800249e+01
2.254000000000000270e+01,1.483609750852600229e+01
2.256000000000000227e+01,1.484926174766400209e+01
2.258000000000000185e+01,1.486242598680200189e+01
2.260000000000000142e+01,1.487559022594000169e+01
2.262000000000000455e+01,1.488875446507800326e+01
2.264000000000000412e+01,1.490191870421600306e+01
2.266000000000000369e+01,1.491508294335400286e+01
2.268000000000000327e+01,1.492824718249200266e+01
2.270000000000000284e+01,1.494141142163000247e+01
2.272000000000000242e+01,1.495457566076800227e+01
2.274000000000000199e+01,1.496773989990600207e+01
2.276000000000000156e+01,1.498090413904400187e+01
2.278000000000000469e+01,1.499406837818200344e+01
2.280000000000000426e+01,1.500723261732000324e+01
2.282000000000000384e+01,1.502039685645800304e+01
2.284000000000000341e+01,1.503356109559600284e+01
2.286000000000000298e+01,1.504672533473400264e+01
2.288000000000000256e+01,1.505988957387200244e+01
2.290000000000000213e+01,1.507305381301000224e+01
2.292000000000000171e+01,1.508621805214800204e+01
2.294000000000000483e+01,1.509938229128600362e+01
2.296000000000000441e+01,1.511254653042400342e+01
2.298000000000000398e+01,1.512571076956200322e+01
2.300000000000000355e+01,1.513887500870000302e+01
2.302000000000000313e+01,1.515203924783800282e+01
2.304000000000000270e+01,1.516520348697600262e+01
2.306000000000000227e+01,1.517836772611400242e+01
2.308000000000000185e+01,1.519153196525200222e+01
2.310000000000000142e+01,1.520469620439000025e+01
2.312000000000000455e+01,1.521786044352800360e+01
2.314000000000000412e+01,1.523102468266600340e+01
2.316000000000000369e+01,1.524418892180400320e+01
2.318000000000000327e+01,1.525735316094200300e+01
2.320000000000000284e+01,1.527051740008000280e+01
2.322000000000000242e+01,1.528368163921800260e+01
2.324000000000000199e+01,1.529684587835600063e+01
2.326000000000000156e+01,1.531001011749400043e+01
2.328000000000000469e+01,1.532317435663200378e+01
2.330000000000000426e+01,1.533633859577000358e+01
2.332000000000000384e+01,1.534950283490800338e+01
2.334000000000000341e+01,1.536266707404600318e+01
2.336000000000000298e+01,1.537583131318400298e+01
2.338000000000000256e+01,1.538899555232200100e+01
2.340000000000000213e+01,1.540215979146000080e+01
2.342000000000000171e+01,1.541532403059800060e+01
2.344000000000000483e+01,1.542848826973600396e+01
2.346000000000000441e+01,1.544165250887400376e+01
2.348000000000000398e+01,1.545481674801200356e+01
2.350000000000000355e+01,1.546798098715000336e+01
2.352000000000000313e+01,1.548114522628800138e+01
2.354000000000000270e+01,1.549430946542600118e+01
2.356000000000000227e+01,1.550747370456400098e+01
2.358000000000000185e+01,1.552063794370200078e+01
2.360000000000000142e+01,1.553380218284000058e+01
2.362000000000000455e+01,1.554696642197800394e+01
2.364000000000000412e+01,1.556013066111600374e+01
2.366000000000000369e+01,1.557329490025400176e+01
2.368000000000000327e+01,1.558645913939200156e+01
2.370000000000000284e+01,1.559962337853000136e+01
2.372000000000000242e+01,1.561278761766800116e+01
2.374000000000000199e+01,1.562595185680600096e+01
2.376000000000000156e+01,1.563911609594400076e+01
2.378000000000000469e+01,1.565228033508200411e+01
2.380000000000000426e+01,1.566544457422000214e+01
2.382000000000000384e+01,1.567860881335800194e+01
2.384000000000000341e+01,1.569177305249600174e+01
2.386000000000000298e+01,1.570493729163400154e+01
2.388000000000000256e+01,1.571810153077200134e+01
2.390000000000000213e+01,1.573126576991000114e+01
2.392000000000000171e+01,1.574443000904800094e+01
2.394000000000000483e+01,1.575759424818600252e+01
2.396000000000000441e+01,1.577075848732400232e+01
2.398000000000000398e+01,1.578392272646200212e+01
2.400000000000000355e+01,1.579708696560000192e+01
2.402000000000000313e+01,1.581025120473800172e+01
2.404000000000000270e+01,1.582341544387600152e+01
2.406000000000000227e+01,1.583657968301400132e+01
2.408000000000000185e+01,1.584974392215200112e+01
2.410000000000000497e+01,1.586290816129000270e+01
2.412000000000000455e+01,1.587607240042800250e+01
2.414000000000000412e+01,1.588923663956600230e+01
2.416000000000000369e+01,1.590240087870400210e+01
2.418000000000000327e+01,1.591556511784200190e+01
2.420000000000000284e+01,1.592872935698000170e+01
2.422000000000000242e+01,1.594189359611800150e+01
2.424000000000000199e+01,1.595505783525600130e+01
2.426000000000000156e+01,1.596822207439400110e+01
2.428000000000000469e+01,1.598138631353200267e+01
2.430000000000000426e+01,1.599455055267000247e+01
2.432000000000000384e+01,1.600771479180800227e+01
2.434000000000000341e+01,1.602087903094600208e+01
2.436000000000000298e+01,1.603404327008400188e+01
2.438000000000000256e+01,1.604720750922200168e+01
2.440000000000000213e+01,1.606037174836000148e+01
2.442000000000000171e+01,1.607353598749800128e+01
2.444000000000000483e+01,1.608670022663600463e+01
2.446000000000000441e+01,1.609986446577400443e+01
2.448000000000000398e+01,1.611302870491200423e+01
2.450000000000000355e+01,1.612619294405000403e+01
2.452000000000000313e+01,1.613935718318800383e+01
2.454000000000000270e+01,1.615252142232600363e+01
2.456000000000000227e+01,1.616568566146399988e+01
2.458000000000000185e+01,1.617884990060199968e+01
2.460000000000000497e+01,1.619201413974000303e+01
2.462000000000000455e+01,1.620517837887800283e+01
2.464000000000000412e+01,1.621834261801600263e+01
2.466000000000000369e+01,1.623150685715400243e+01
2.468000000000000327e+01,1.624467109629200223e+01
2.470000000000000284e+01,1.625783533543000203e+01
2.472000000000000242e+01,1.627099957456800183e+01
2.474000000000000199e+01,1.628416381370600163e+01
2.476000000000000156e+01,1.629732805284400143e+01
2.478000000000000469e+01,1.631049229198200479e+01
2.480000000000000426e+01,1.632365653112000459e+01
2.482000000000000384e+01,1.633682077025800439e+01
2.484000000000000341e+01,1.634998500939600063e+01
2.486000000000000298e+01,1.636314924853400044e+01
2.488000000000000256e+01,1.637631348767200024e+01
2.490000000000000213e+01,1.638947772681000004e+01
2.492000000000000171e+01,1.640264196594799984e+01
2.494000000000000483e+01,1.641580620508600319e+01
2.496000000000000441e+01,1.642897044422400299e+01
2.498000000000000398e+01,1.644213468336200279e+01
2.500000000000000355e+01,1.645529892250000259e+01
2.502000000000000313e+01,1.646846316163800239e+01
2.504000000000000270e+01,1.648162740077600219e+01
2.506000000000000227e+01,1.649479163991400199e+01
2.508000000000000185e+01,1.650795587905200179e+01
2.510000000000000497e+01,1.652112011819000514e+01
2.512000000000000455e+01,1.653428435732800139e+01
2.514000000000000412e+01,1.654744859646600119e+01
2.516000000000000369e+01,1.656061283560400099e+01
2.518000000000000327e+01,1.657377707474200079e+01
2.520000000000000284e+01,1.658694131388000059e+01
2.522000000000000242e+01,1.660010555301800039e+01
2.524000000000000199e+01,1.661326979215600019e+01
2.526000000000000156e+01,1.662643403129399999e+01
2.528000000000000469e+01,1.663959827043200335e+01
2.530000000000000426e+01,1.665276250957000315e+01
2.532000000000000384e+01,1.666592674870800295e+01
2.534000000000000341e+01,1.667909098784600275e+01
2.536000000000000298e+01,1.669225522698400255e+01
2.538000000000000256e+01,1.670541946612200235e+01
2.540000000000000213e+01,1.671858370526000215e+01
2.542000000000000171e+01,1.673174794439800195e+01
2.544000000000000483e+01,1.674491218353600175e+01
2.546000000000000441e+01,1.675807642267400155e+01
2.548000000000000398e+01,1.677124066181200135e+01
2.550000000000000355e+01,1.678440490095000115e+01
2.552000000000000313e+01,1.679756914008800095e+01
2.554000000000000270e+01,1.681073337922600075e+01
2.556000000000000227e+01,1.682389761836400055e+01
2.558000000000000185e+01,1.683706185750200035e+01
2.560000000000000497e+01,1.685022609664000370e+01
2.562000000000000455e+01,1.686339033577800350e+01
2.564000000000000412e+01,1.687655457491600330e+01
2.566000000000000369e+01,1.688971881405400310e+01
2.568000000000000327e+01,1.690288305319200290e+01
2.570000000000000284e+01,1.691604729233000270e+01
2.572000000000000242e+01,1.692921153146800251e+01
2.574000000000000199e+01,1.694237577060600231e+01
2.576000000000000156e+01,1.695554000974400211e+01
2.578000000000000469e+01,1.696870424888200191e+01
2.580000000000000426e+01,1.698186848802000171e+01
2.582000000000000384e+01,1.699503272715800151e+01
2.584000000000000341e+01,1.700819696629600131e+01
2.586000000000000298e+01,1.702136120543400111e+01
2.588000000000000256e+01,1.703452544457200091e+01
2.590000000000000213e+01,1.704768968371000071e+01
2.592000000000000171e+01,1.706085392284800051e+01
2.594000000000000483e+01,1.707401816198600386e+01
2.596000000000000441e+01,1.708718240112400366e+01
2.598000000000000398e+01,1.710034664026200346e+01
2.600000000000000355e+01,1.711351087940000326e+01
2.602000000000000313e+01,1.712667511853800306e+01
2.604000000000000270e+01,1.713983935767600286e+01
2.606000000000000227e+01,1.715300359681400266e+01
2.608000000000000185e+01,1.716616783595200246e+01
2.610000000000000497e+01,1.717933207509000226e+01
2.612000000000000455e+01,1.719249631422800206e+01
2.614000000000000412e+01,1.720566055336600186e+01
2.616000000000000369e+01,1.721882479250400166e+01
2.618000000000000327e+01,1.723198903164200146e+01
2.620000000000000284e+01,1.724515327078000126e+01
2.622000000000000242e+01,1.725831750991800106e+01
2.624000000000000199e+01,1.727148174905600087e+01
2.626000000000000156e+01,1.728464598819400067e+01
2.628000000000000469e+01,1.729781022733200402e+01
2.630000000000000426e+01,1.731097446647000382e+01
2.632000000000000384e+01,1.732413870560800362e+01
2.634000000000000341e+01,1.733730294474600342e+01
2.636000000000000298e+01,1.735046718388400322e+01
2.638000000000000256e+01,1.736363142302200302e+01
2.640000000000000213e+01,1.737679566216000282e+01
2.642000000000000171e+01,1.738995990129800262e+01
2.644000000000000483e+01,1.740312414043600242e+01
2.646000000000000441e+01,1.741628837957400222e+01
2.648000000000000398e+01,1.742945261871200202e+01
2.650000000000000355e+01,1.744261685785000182e+01
2.652000000000000313e+01,1.745578109698800162e+01
2.654000000000000270e+01,1.746894533612600142e+01
2.656000000000000227e+01,1.748210957526400122e+01
2.658000000000000185e+01,1.749527381440200102e+01
2.660000000000000497e+01,1.750843805354000438e+01
2.662000000000000455e+01,1.752160229267800418e+01
2.664000000000000412e+01,1.753476653181600398e+01
2.666000000000000369e+01,1.754793077095400378e+01
2.668000000000000327e+01,1.756109501009200358e+01
2.670000000000000284e+01,1.757425924923000338e+01
2.672000000000000242e+01,1.758742348836800318e+01
2.674000000000000199e+01,1.760058772750600298e+01
2.676000000000000156e+01,1.761375196664400278e+01
2.678000000000000469e+01,1.762691620578200258e+01
2.680000000000000426e+01,1.764008044492000238e+01
2.682000000000000384e+01,1.765324468405800218e+01
2.684000000000000341e+01,1.766640892319600198e+01
2.686000000000000298e+01,1.767957316233400178e+01
2.688000000000000256e+01,1.769273740147200158e+01
2.690000000000000213e+01,1.770590164061000138e+01
2.692000000000000171e+01,1.771906587974800118e+01
2.694000000000000483e+01,1.773223011888600453e+01
2.696000000000000441e+01,1.774539435802400433e+01
2.698000000000000398e+01,1.775855859716200413e+01
2.700000000000000355e+01,1.777172283630000393e+01
2.702000000000000313e+01,1.778488707543800373e+01
2.704000000000000270e+01,1.779805131457600353e+01
2.706000000000000227e+01,1.781121555371400333e+01
2.708000000000000185e+01,1.782437979285200313e+01
2.710000000000000497e+01,1.783754403199000294e+01
2.712000000000000455e+01,1.785070827112800274e+01
2.714000000000000412e+01,1.786387251026600254e+01
2.716000000000000369e+01,1.787703674940400234e+01
2.718000000000000327e+01,1.789020098854200214e+01
2.720000000000000284e+01,1.790336522768000194e+01
2.722000000000000242e+01,1.791652946681800174e+01
2.724000000000000199e+01,1.792969370595600154e+01
2.726000000000000156e+01,1.794285794509400134e+01
2.728000000000000469e+01,1.795602218423200469e+01
2.730000000000000426e+01,1.796918642337000449e+01
2.732000000000000384e+01,1.798235066250800429e+01
2.734000000000000341e+01,1.799551490164600409e+01
2.736000000000000298e+01,1.800867914078400389e+01
2.738000000000000256e+01,1.802184337992200014e+01
2.740000000000000213e+01,1.803500761905999994e+01
2.742000000000000171e+01,1.804817185819799974e+01
2.744000000000000483e+01,1.806133609733600309e+01
2.746000000000000441e+01,1.807450033647400289e+01
2.748000000000000398e+01,1.808766457561200269e+01
2.750000000000000355e+01,1.810082881475000249e+01
2.752000000000000313e+01,1.811399305388800229e+01
2.754000000000000270e+01,1.812715729302600209e+01
2.756000000000000227e+01,1.814032153216400189e+01
2.758000000000000185e+01,1.815348577130200169e+01
2.760000000000000497e+01,1.816665001044000505e+01
2.762000000000000455e+01,1.817981424957800485e+01
2.764000000000000412e+01,1.819297848871600465e+01
2.766000000000000369e+01,1.820614272785400090e+01
2.768000000000000327e+01,1.821930696699200070e+01
2.770000000000000284e+01,1.823247120613000050e+01
2.772000000000000242e+01,1.824563544526800030e+01
2.774000000000000199e+01,1.825879968440600010e+01
2.776000000000000156e+01,1.827196392354399990e+01
2.778000000000000469e+01,1.828512816268200325e+01
2.780000000000000426e+01,1.829829240182000305e+01
2.782000000000000384e+01,1.831145664095800285e+01
2.784000000000000341e+01,1.832462088009600265e+01
2.786000000000000298e+01,1.833778511923400245e+01
2.788000000000000256e+01,1.835094935837200225e+01
2.790000000000000213e+01,1.836411359751000205e+01
2.792000000000000171e+01,1.837727783664800185e+01
2.794000000000000483e+01,1.839044207578600165e+01
2.796000000000000441e+01,1.840360631492400145e+01
2.798000000000000398e+01,1.841677055406200125e+01
2.800000000000000355e+01,1.842993479320000105e+01
2.802000000000000313e+01,1.844309903233800085e+01
2.804000000000000270e+01,1.845626327147600065e+01
2.806000000000000227e+01,1.846942751061400045e+01
2.808000000000000185e+01,1.848259174975200025e+01
2.810000000000000497e+01,1.849575598889000361e+01
2.812000000000000455e+01,1.850892022802800341e+01
2.814000000000000412e+01,1.852208446716600321e+01
2.816000000000000369e+01,1.853524870630400301e+01
2.818000000000000327e+01,1.854841294544200281e+01
2.820000000000000284e+01,1.856157718458000261e+01
2.822000000000000242e+01,1.857474142371800241e+01
2.824000000000000199e+01,1.858790566285600221e+01
2.826000000000000156e+01,1.860106990199400201e+01
2.828000000000000469e+01,1.861423414113200181e+01
2.830000000000000426e+01,1.862739838027000161e+01
2.832000000000000384e+01,1.864056261940800141e+01
2.834000000000000341e+01,1.865372685854600121e+01
2.836000000000000298e+01,1.866689109768400101e+01
2.838000000000000256e+01,1.868005533682200081e+01
2.840000000000000213e+01,1.869321957596000061e+01
2.842000000000000171e+01,1.870638381509800041e+01
2.844000000000000483e+01,1.871954805423600376e+01
2.846000000000000441e+01,1.873271229337400356e+01
2.848000000000000398e+01,1.874587653251200337e+01
2.850000000000000355e+01,1.875904077165000317e+01
2.852000000000000313e+01,1.877220501078800297e+01
2.854000000000000270e+01,1.878536924992600277e+01
2.856000000000000227e+01,1.879853348906400257e+01
2.858000000000000185e+01,1.881169772820200237e+01
2.860000000000000497e+01,1.882486196734000217e+01
2.862000000000000455e+01,1.883802620647800197e+01
2.864000000000000412e+01,1.885119044561600177e+01
2.866000000000000369e+01,1.886435468475400157e+01
2.868000000000000327e+01,1.887751892389200137e+01
2.870000000000000284e+01,1.889068316303000117e+01
2.872000000000000242e+01,1.890384740216800097e+01
2.874000000000000199e+01,1.891701164130600077e+01
2.876000000000000156e+01,1.893017588044400057e+01
2.878000000000000469e+01,1.894334011958200392e+01
2.880000000000000426e+01,1.895650435872000372e+01
2.882000000000000384e+01,1.896966859785800352e+01
2.884000000000000341e+01,1.898283283699600332e+01
2.886000000000000298e+01,1.899599707613400312e+01
2.888000000000000256e+01,1.900916131527200292e+01
2.890000000000000213e+01,1.902232555441000272e+01
2.892000000000000171e+01,1.903548979354800252e+01
2.894000000000000483e+01,1.904865403268600232e+01
2.896000000000000441e+01,1.906181827182400212e+01
2.898000000000000398e+01,1.907498251096200192e+01
2.900000000000000355e+01,1.908814675010000173e+01
2.902000000000000313e+01,1.910131098923800153e+01
2.904000000000000270e+01,1.911447522837600133e+01
2.906000000000000227e+01,1.912763946751400113e+01
2.908000000000000185e+01,1.914080370665200093e+01
2.910000000000000497e+01,1.915396794579000428e+01
2.912000000000000455e+01,1.916713218492800408e+01
2.914000000000000412e+01,1.918029642406600388e+01
2.916000000000000369e+01,1.919346066320400368e+01
2.918000000000000327e+01,1.920662490234200348e+01
2.920000000000000284e+01,1.921978914148000328e+01
2.922000000000000242e+01,1.923295338061800308e+01
2.924000000000000199e+01,1.924611761975600288e+01
2.926000000000000156e+01,1.925928185889400268e+01
2.928000000000000469e+01,1.927244609803200248e+01
2.930000000000000426e+01,1.928561033717000228e+01
2.932000000000000384e+01,1.929877457630800208e+01
2.934000000000000341e+01,1.931193881544600188e+01
2.936000000000000298e+01,1.932510305458400168e+01
2.938000000000000256e+01,1.933826729372200148e+01
2.940000000000000213e+01,1.935143153286000128e+01
2.942000000000000171e+01,1.936459577199800108e+01
2.944000000000000483e+01,1.937776001113600444e+01
2.946000000000000441e+01,1.939092425027400424e+01
2.948000000000000398e+01,1.940408848941200404e+01
2.950000000000000355e+01,1.941725272855000384e+01
2.952000000000000313e+01,1.943041696768800364e+01
2.954000000000000270e+01,1.944358120682600344e+01
2.956000000000000227e+01,1.945674544596400324e+01
2.958000000000000185e+01,1.946990968510200304e+01
2.960000000000000497e+01,1.948307392424000284e+01
2.962000000000000455e+01,1.949623816337800264e+01
2.964000000000000412e+01,1.950940240251600244e+01
2.966000000000000369e+01,1.952256664165400224e+01
2.968000000000000327e+01,1.953573088079200204e+01
2.970000000000000284e+01,1.954889511993000184e+01
2.972000000000000242e+01,1.956205935906800164e+01
2.974000000000000199e+01,1.957522359820600144e+01
2.976000000000000156e+01,1.958838783734400124e+01
2.978000000000000469e+01,1.960155207648200459e+01
2.980000000000000426e+01,1.961471631562000439e+01
2.982000000000000384e+01,1.962788055475800419e+01
2.984000000000000341e+01,1.964104479389600399e+01
2.986000000000000298e+01,1.965420903303400380e+01
2.988000000000000256e+01,1.966737327217200360e+01
2.990000000000000213e+01,1.968053751130999984e+01
2.992000000000000171e+01,1.969370175044799964e+01
2.994000000000000483e+01,1.970686598958600300e+01
2.996000000000000441e+01,1.972003022872400280e+01
2.998000000000000398e+01,1.973319446786200260e+01
3.000000000000000355e+01,1.974635870700000240e+01
3.002000000000000313e+01,1.975952294613800220e+01
3.004000000000000270e+01,1.977268718527600200e+01
3.006000000000000227e+01,1.978585142441400180e+01
3.008000000000000185e+01,1.979901566355200160e+01
3.010000000000000497e+01,1.981217990269000495e+01
3.012000000000000455e+01,1.982534414182800475e+01
3.014000000000000412e+01,1.983850838096600455e+01
3.016000000000000369e+01,1.985167262010400435e+01
3.018000000000000327e+01,1.986483685924200060e+01
3.020000000000000284e+01,1.987800109838000040e+01
3.022000000000000242e+01,1.989116533751800020e+01
3.024000000000000199e+01,1.990432957665600000e+01
3.026000000000000156e+01,1.991749381579399980e+01
3.028000000000000469e+01,1.993065805493200315e+01
3.030000000000000426e+01,1.994382229407000295e+01
3.032000000000000384e+01,1.995698653320800275e+01
3.034000000000000341e+01,1.997015077234600255e+01
3.036000000000000298e+01,1.998331501148400235e+01
3.038000000000000256e+01,1.999647925062200216e+01
3.040000000000000213e+01,2.000964348976000196e+01
3.042000000000000171e+01,2.002280772889800176e+01
3.044000000000000483e+01,2.003597196803600511e+01
3.046000000000000441e+01,2.004913620717400136e+01
3.048000000000000398e+01,2.006230044631200116e+01
3.050000000000000355e+01,2.007546468545000096e+01
3.052000000000000313e+01,2.008862892458800076e+01
3.054000000000000270e+01,2.010179316372600056e+01
3.056000000000000227e+01,2.011495740286400036e+01
3.058000000000000185e+01,2.012812164200200016e+01
3.060000000000000497e+01,2.014128588114000351e+01
3.062000000000000455e+01,2.015445012027800331e+01
3.064000000000000412e+01,2.016761435941600311e+01
3.066000000000000369e+01,2.018077859855400291e+01
3.068000000000000327e+01,2.019394283769200271e+01
3.070000000000000284e+01,2.020710707683000251e+01
3.072000000000000242e+01,2.022027131596800231e+01
3.074000000000000199e+01,2.023343555510600211e+01
3.076000000000000512e+01,2.024659979424400191e+01
3.078000000000000469e+01,2.025976403338200171e+01
3.080000000000000426e+01,2.027292827252000151e+01
3.082000000000000384e+01,2.028609251165800131e+01
3.084000000000000341e+01,2.029925675079600111e+01
3.086000000000000298e+01,2.031242098993400091e+01
3.088000000000000256e+01,2.032558522907200071e+01
3.090000000000000213e+01,2.033874946821000052e+01
3.092000000000000171e+01,2.035191370734800032e+01
3.094000000000000483e+01,2.036507794648600367e+01
3.096000000000000441e+01,2.037824218562400347e+01
3.098000000000000398e+01,2.039140642476200327e+01
3.100000000000000355e+01,2.040457066390000307e+01
3.102000000000000313e+01,2.041773490303800287e+01
3.104000000000000270e+01,2.043089914217600267e+01
3.106000000000000227e+01,2.044406338131400247e+01
3.108000000000000185e+01,2.045722762045200227e+01
3.110000000000000497e+01,2.047039185959000207e+01
3.112000000000000455e+01,2.048355609872800187e+01
3.114000000000000412e+01,2.049672033786600167e+01
3.116000000000000369e+01,2.050988457700400147e+01
3.118000000000000327e+01,2.052304881614200127e+01
3.120000000000000284e+01,2.053621305528000107e+01
3.122000000000000242e+01,2.054937729441800087e+01
3.124000000000000199e+01,2.056254153355600067e+01
3.126000000000000512e+01,2.057570577269400403e+01
3.128000000000000469e+01,2.058887001183200383e+01
3.130000000000000426e+01,2.060203425097000363e+01
3.132000000000000384e+01,2.061519849010800343e+01
3.134000000000000341e+01,2.062836272924600323e+01
3.136000000000000298e+01,2.064152696838400303e+01
3.138000000000000256e+01,2.065469120752200283e+01
3.140000000000000213e+01,2.066785544666000263e+01
3.142000000000000171e+01,2.068101968579800243e+01
3.144000000000000483e+01,2.069418392493600223e+01
3.146000000000000441e+01,2.070734816407400203e+01
3.148000000000000398e+01,2.072051240321200183e+01
3.150000000000000355e+01,2.073367664235000163e+01
3.152000000000000313e+01,2.074684088148800143e+01
3.154000000000000270e+01,2.076000512062600123e+01
3.156000000000000227e+01,2.077316935976400103e+01
3.158000000000000185e+01,2.078633359890200083e+01
3.160000000000000497e+01,2.079949783804000418e+01
3.162000000000000455e+01,2.081266207717800398e+01
3.164000000000000412e+01,2.082582631631600378e+01
3.166000000000000369e+01,2.083899055545400358e+01
3.168000000000000327e+01,2.085215479459200338e+01
3.170000000000000284e+01,2.086531903373000318e+01
3.172000000000000242e+01,2.087848327286800298e+01
3.174000000000000199e+01,2.089164751200600278e+01
3.176000000000000512e+01,2.090481175114400259e+01
3.178000000000000469e+01,2.091797599028200239e+01
3.180000000000000426e+01,2.093114022942000219e+01
3.182000000000000384e+01,2.094430446855800199e+01
3.184000000000000341e+01,2.095746870769600179e+01
3.186000000000000298e+01,2.097063294683400159e+01
3.188000000000000256e+01,2.098379718597200139e+01
3.190000000000000213e+01,2.099696142511000119e+01
3.192000000000000171e+01,2.101012566424800099e+01
3.194000000000000483e+01,2.102328990338600434e+01
3.196000000000000441e+01,2.103645414252400414e+01
3.198000000000000398e+01,2.104961838166200394e+01
3.200000000000000000e+01,2.106278262080000019e+01
3.202000000000000313e+01,2.107594685993800354e+01
3.204000000000000625e+01,2.108911109907600334e+01
3.206000000000000227e+01,2.110227533821400314e+01
3.208000000000000540e+01,2.111543957735200294e+01
3.210000000000000142e+01,2.112860381649000274e+01
3.212000000000000455e+01,2.114176805562800254e+01
3.214000000000000057e+01,2.115493229476599879e+01
3.216000000000000369e+01,2.116809653390400214e+01
3.218000000000000682e+01,2.118126077304200550e+01
3.220000000000000284e+01,2.119442501218000174e+01
3.222000000000000597e+01,2.120758925131800510e+01
3.224000000000000199e+01,2.122075349045600134e+01
3.226000000000000512e+01,2.123391772959400470e+01
3.228000000000000114e+01,2.124708196873200095e+01
3.230000000000000426e+01,2.126024620787000430e+01
3.232000000000000028e+01,2.127341044700800055e+01
3.234000000000000341e+01,2.128657468614600390e+01
3.236000000000000654e+01,2.129973892528400370e+01
3.238000000000000256e+01,2.131290316442200350e+01
3.240000000000000568e+01,2.132606740356000330e+01
3.242000000000000171e+01,2.133923164269799955e+01
3.244000000000000483e+01,2.135239588183600290e+01
3.246000000000000085e+01,2.136556012097399915e+01
3.248000000000000398e+01,2.137872436011200250e+01
3.250000000000000000e+01,2.139188859924999875e+01
3.252000000000000313e+01,2.140505283838800210e+01
3.254000000000000625e+01,2.141821707752600545e+01
3.256000000000000227e+01,2.143138131666400170e+01
3.258000000000000540e+01,2.144454555580200505e+01
3.260000000000000142e+01,2.145770979494000130e+01
3.262000000000000455e+01,2.147087403407800466e+01
3.264000000000000057e+01,2.148403827321600090e+01
3.266000000000000369e+01,2.149720251235400426e+01
3.268000000000000682e+01,2.151036675149200406e+01
3.270000000000000284e+01,2.152353099063000030e+01
3.272000000000000597e+01,2.153669522976800366e+01
3.274000000000000199e+01,2.154985946890599990e+01
3.276000000000000512e+01,2.156302370804400326e+01
3.278000000000000114e+01,2.157618794718199950e+01
3.280000000000000426e+01,2.158935218632000286e+01
3.282000000000000028e+01,2.160251642545799911e+01
3.284000000000000341e+01,2.161568066459600246e+01
3.286000000000000654e+01,2.162884490373400581e+01
3.288000000000000256e+01,2.164200914287200206e+01
3.290000000000000568e+01,2.165517338201000541e+01
3.292000000000000171e+01,2.166833762114800166e+01
3.294000000000000483e+01,2.168150186028600501e+01
3.296000000000000085e+01,2.169466609942400126e+01
3.298000000000000398e+01,2.170783033856200106e+01
3.300000000000000000e+01,2.172099457770000086e+01
3.302000000000000313e+01,2.173415881683800066e+01
3.304000000000000625e+01,2.174732305597600401e+01
3.306000000000000227e+01,2.176048729511400026e+01
3.308000000000000540e+01,2.177365153425200361e+01
3.310000000000000142e+01,2.178681577338999986e+01
3.312000000000000455e+01,2.179998001252800321e+01
3.314000000000000057e+01,2.181314425166599946e+01
3.316000000000000369e+01,2.182630849080400282e+01
3.318000000000000682e+01,2.183947272994200617e+01
3.320000000000000284e+01,2.185263696908000242e+01
3.322000000000000597e+01,2.186580120821800577e+01
3.324000000000000199e+01,2.187896544735600202e+01
3.326000000000000512e+01,2.189212968649400182e+01
3.328000000000000114e+01,2.190529392563200162e+01
3.330000000000000426e+01,2.191845816477000142e+01
3.332000000000000028e+01,2.193162240390800122e+01
3.334000000000000341e+01,2.194478664304600102e+01
3.336000000000000654e+01,2.195795088218400437e+01
3.338000000000000256e+01,2.197111512132200062e+01
3.340000000000000568e+01,2.198427936046000397e+01
3.342000000000000171e+01,2.199744359959800022e+01
3.344000000000000483e+01,2.201060783873600357e+01
3.346000000000000085e+01,2.202377207787399982e+01
3.348000000000000398e+01,2.203693631701200317e+01
3.350000000000000000e+01,2.205010055614999942e+01
3.352000000000000313e+01,2.206326479528800277e+01
3.354000000000000625e+01,2.207642903442600257e+01
3.356000000000000227e+01,2.208959327356400237e+01
3.358000000000000540e+01,2.210275751270200217e+01
3.360000000000000142e+01,2.211592175184000197e+01
3.362000000000000455e+01,2.212908599097800177e+01
3.364000000000000057e+01,2.214225023011600157e+01
3.366000000000000369e+01,2.215541446925400138e+01
3.368000000000000682e+01,2.216857870839200473e+01
3.370000000000000284e+01,2.218174294753000098e+01
3.372000000000000597e+01,2.219490718666800433e+01
3.374000000000000199e+01,2.220807142580600058e+01
3.376000000000000512e+01,2.222123566494400393e+01
3.378000000000000114e+01,2.223439990408200018e+01
3.380000000000000426e+01,2.224756414322000353e+01
3.382000000000000028e+01,2.226072838235799978e+01
3.384000000000000341e+01,2.227389262149600313e+01
3.386000000000000654e+01,2.228705686063400293e+01
3.388000000000000256e+01,2.230022109977200273e+01
3.390000000000000568e+01,2.231338533891000253e+01
3.392000000000000171e+01,2.232654957804800233e+01
3.394000000000000483e+01,2.233971381718600213e+01
3.396000000000000085e+01,2.235287805632400193e+01
3.398000000000000398e+01,2.236604229546200173e+01
3.400000000000000000e+01,2.237920653460000153e+01
3.402000000000000313e+01,2.239237077373800133e+01
3.404000000000000625e+01,2.240553501287600469e+01
3.406000000000000227e+01,2.241869925201400093e+01
3.408000000000000540e+01,2.243186349115200429e+01
3.410000000000000142e+01,2.244502773029000053e+01
3.412000000000000455e+01,2.245819196942800389e+01
3.414000000000000057e+01,2.247135620856600013e+01
3.416000000000000369e+01,2.248452044770400349e+01
3.418000000000000682e+01,2.249768468684200329e+01
3.420000000000000284e+01,2.251084892598000309e+01
3.422000000000000597e+01,2.252401316511800289e+01
3.424000000000000199e+01,2.253717740425600269e+01
3.426000000000000512e+01,2.255034164339400249e+01
3.428000000000000114e+01,2.256350588253200229e+01
3.430000000000000426e+01,2.257667012167000209e+01
3.432000000000000028e+01,2.258983436080800189e+01
3.434000000000000341e+01,2.260299859994600169e+01
3.436000000000000654e+01,2.261616283908400504e+01
3.438000000000000256e+01,2.262932707822200129e+01
3.440000000000000568e+01,2.264249131736000464e+01
3.442000000000000171e+01,2.265565555649800089e+01
3.444000000000000483e+01,2.266881979563600424e+01
3.446000000000000085e+01,2.268198403477400049e+01
3.448000000000000398e+01,2.269514827391200384e+01
3.450000000000000000e+01,2.270831251305000009e+01
3.452000000000000313e+01,2.272147675218800345e+01
3.454000000000000625e+01,2.273464099132600325e+01
3.456000000000000227e+01,2.274780523046400305e+01
3.458000000000000540e+01,2.276096946960200285e+01
3.460000000000000142e+01,2.277413370874000265e+01
3.462000000000000455e+01,2.278729794787800245e+01
3.464000000000000057e+01,2.280046218701600225e+01
3.466000000000000369e+01,2.281362642615400205e+01
3.468000000000000682e+01,2.282679066529200540e+01
3.470000000000000284e+01,2.283995490443000165e+01
3.472000000000000597e+01,2.285311914356800500e+01
3.474000000000000199e+01,2.286628338270600125e+01
3.476000000000000512e+01,2.287944762184400460e+01
3.478000000000000114e+01,2.289261186098200085e+01
3.480000000000000426e+01,2.290577610012000420e+01
3.482000000000000028e+01,2.291894033925800045e+01
3.484000000000000341e+01,2.293210457839600380e+01
3.486000000000000654e+01,2.294526881753400360e+01
3.488000000000000256e+01,2.295843305667200340e+01
3.490000000000000568e+01,2.297159729581000320e+01
3.492000000000000171e+01,2.298476153494800300e+01
3.494000000000000483e+01,2.299792577408600280e+01
3.496000000000000085e+01,2.301109001322399905e+01
3.498000000000000398e+01,2.302425425236200240e+01
3.500000000000000000e+01,2.303741849149999865e+01
3.502000000000000313e+01,2.305058273063800200e+01
3.504000000000000625e+01,2.306374696977600536e+01
3.506000000000000227e+01,2.307691120891400161e+01
3.508000000000000540e+01,2.309007544805200496e+01
3.510000000000000142e+01,2.310323968719000121e+01
3.512000000000000455e+01,2.311640392632800456e+01
3.514000000000000057e+01,2.312956816546600081e+01
3.516000000000000369e+01,2.314273240460400416e+01
3.518000000000000682e+01,2.315589664374200396e+01
3.520000000000000284e+01,2.316906088288000376e+01
3.522000000000000597e+01,2.318222512201800356e+01
3.524000000000000199e+01,2.319538936115599981e+01
3.526000000000000512e+01,2.320855360029400316e+01
3.528000000000000114e+01,2.322171783943199941e+01
3.530000000000000426e+01,2.323488207857000276e+01
3.532000000000000028e+01,2.324804631770799901e+01
3.534000000000000341e+01,2.326121055684600236e+01
3.536000000000000654e+01,2.327437479598400571e+01
3.538000000000000256e+01,2.328753903512200196e+01
3.540000000000000568e+01,2.330070327426000532e+01
3.542000000000000171e+01,2.331386751339800156e+01
3.544000000000000483e+01,2.332703175253600492e+01
3.546000000000000085e+01,2.334019599167400116e+01
3.548000000000000398e+01,2.335336023081200452e+01
3.550000000000000000e+01,2.336652446995000076e+01
3.552000000000000313e+01,2.337968870908800056e+01
3.554000000000000625e+01,2.339285294822600392e+01
3.556000000000000227e+01,2.340601718736400016e+01
3.558000000000000540e+01,2.341918142650200352e+01
3.560000000000000142e+01,2.343234566563999977e+01
3.562000000000000455e+01,2.344550990477800312e+01
3.564000000000000057e+01,2.345867414391599937e+01
3.566000000000000369e+01,2.347183838305400272e+01
3.568000000000000682e+01,2.348500262219200607e+01
3.570000000000000284e+01,2.349816686133000232e+01
3.572000000000000597e+01,2.351133110046800567e+01
3.574000000000000199e+01,2.352449533960600192e+01
3.576000000000000512e+01,2.353765957874400527e+01
3.578000000000000114e+01,2.355082381788200152e+01
3.580000000000000426e+01,2.356398805702000132e+01
3.582000000000000028e+01,2.357715229615800112e+01
3.584000000000000341e+01,2.359031653529600092e+01
3.586000000000000654e+01,2.360348077443400427e+01
3.588000000000000256e+01,2.361664501357200052e+01
3.590000000000000568e+01,2.362980925271000388e+01
3.592000000000000171e+01,2.364297349184800012e+01
3.594000000000000483e+01,2.365613773098600348e+01
3.596000000000000085e+01,2.366930197012399972e+01
3.598000000000000398e+01,2.368246620926200308e+01
3.600000000000000000e+01,2.369563044839999932e+01
3.602000000000000313e+01,2.370879468753800268e+01
3.604000000000000625e+01,2.372195892667600603e+01
3.606000000000000227e+01,2.373512316581400228e+01
3.608000000000000540e+01,2.374828740495200208e+01
3.610000000000000142e+01,2.376145164409000188e+01
3.612000000000000455e+01,2.377461588322800168e+01
3.614000000000000057e+01,2.378778012236600148e+01
3.616000000000000369e+01,2.380094436150400128e+01
3.618000000000000682e+01,2.381410860064200463e+01
3.620000000000000284e+01,2.382727283978000088e+01
3.622000000000000597e+01,2.384043707891800423e+01
3.624000000000000199e+01,2.385360131805600048e+01
3.626000000000000512e+01,2.386676555719400383e+01
3.628000000000000114e+01,2.387992979633200008e+01
3.630000000000000426e+01,2.389309403547000343e+01
3.632000000000000028e+01,2.390625827460799968e+01
3.634000000000000341e+01,2.391942251374600303e+01
3.636000000000000654e+01,2.393258675288400283e+01
3.638000000000000256e+01,2.394575099202200263e+01
3.640000000000000568e+01,2.395891523116000243e+01
3.642000000000000171e+01,2.397207947029800224e+01
3.644000000000000483e+01,2.398524370943600204e+01
3.646000000000000085e+01,2.399840794857400184e+01
3.648000000000000398e+01,2.401157218771200164e+01
3.650000000000000000e+01,2.402473642685000144e+01
3.652000000000000313e+01,2.403790066598800124e+01
3.654000000000000625e+01,2.405106490512600459e+01
3.656000000000000227e+01,2.406422914426400084e+01
3.658000000000000540e+01,2.407739338340200419e+01
3.660000000000000142e+01,2.409055762254000044e+01
3.662000000000000455e+01,2.410372186167800379e+01
3.664000000000000057e+01,2.411688610081600004e+01
3.666000000000000369e+01,2.413005033995400339e+01
3.668000000000000682e+01,2.414321457909200319e+01
3.670000000000000284e+01,2.415637881823000299e+01
3.672000000000000597e+01,2.416954305736800279e+01
3.674000000000000199e+01,2.418270729650600259e+01
3.676000000000000512e+01,2.419587153564400239e+01
3.678000000000000114e+01,2.420903577478200219e+01
3.680000000000000426e+01,2.422220001392000199e+01
3.682000000000000028e+01,2.423536425305800179e+01
3.684000000000000341e+01,2.424852849219600159e+01
3.686000000000000654e+01,2.426169273133400495e+01
3.688000000000000256e+01,2.427485697047200119e+01
3.690000000000000568e+01,2.428802120961000455e+01
3.692000000000000171e+01,2.430118544874800079e+01
3.694000000000000483e+01,2.431434968788600415e+01
3.696000000000000085e+01,2.432751392702400040e+01
3.698000000000000398e+01,2.434067816616200375e+01
3.700000000000000000e+01,2.435384240530000000e+01
3.702000000000000313e+01,2.436700664443800335e+01
3.704000000000000625e+01,2.438017088357600315e+01
3.706000000000000227e+01,2.439333512271400295e+01
3.708000000000000540e+01,2.440649936185200275e+01
3.710000000000000142e+01,2.441966360099000255e+01
3.712000000000000455e+01,2.443282784012800235e+01
3.714000000000000057e+01,2.444599207926600215e+01
3.716000000000000369e+01,2.445915631840400195e+01
3.718000000000000682e+01,2.447232055754200530e+01
3.720000000000000284e+01,2.448548479668000155e+01
3.722000000000000597e+01,2.449864903581800490e+01
3.724000000000000199e+01,2.451181327495600115e+01
3.726000000000000512e+01,2.452497751409400450e+01
3.728000000000000114e+01,2.453814175323200075e+01
3.730000000000000426e+01,2.455130599237000411e+01
3.732000000000000028e+01,2.456447023150800035e+01
3.734000000000000341e+01,2.457763447064600371e+01
3.736000000000000654e+01,2.459079870978400351e+01
3.738000000000000256e+01,2.460396294892200331e+01
3.740000000000000568e+01,2.461712718806000311e+01
3.742000000000000171e+01,2.463029142719800291e+01
3.744000000000000483e+01,2.464345566633600271e+01
3.746000000000000085e+01,2.465661990547400251e+01
3.748000000000000398e+01,2.466978414461200231e+01
3.750000000000000000e+01,2.468294838374999856e+01
3.752000000000000313e+01,2.469611262288800191e+01
3.754000000000000625e+01,2.470927686202600526e+01
3.756000000000000227e+01,2.472244110116400151e+01
3.758000000000000540e+01,2.473560534030200486e+01
3.760000000000000142e+01,2.474876957944000111e+01
3.762000000000000455e+01,2.476193381857800446e+01
3.764000000000000057e+01,2.477509805771600071e+01
3.766000000000000369e+01,2.478826229685400406e+01
3.768000000000000682e+01,2.480142653599200386e+01
3.770000000000000284e+01,2.481459077513000366e+01
3.772000000000000597e+01,2.482775501426800346e+01
3.774000000000000199e+01,2.484091925340600326e+01
3.776000000000000512e+01,2.485408349254400306e+01
3.778000000000000114e+01,2.486724773168199931e+01
3.780000000000000426e+01,2.488041197082000267e+01
3.782000000000000028e+01,2.489357620995799891e+01
3.784000000000000341e+01,2.490674044909600227e+01
3.786000000000000654e+01,2.491990468823400562e+01
3.788000000000000256e+01,2.493306892737200187e+01
3.790000000000000568e+01,2.494623316651000522e+01
3.792000000000000171e+01,2.495939740564800147e+01
3.794000000000000483e+01,2.497256164478600482e+01
3.796000000000000085e+01,2.498572588392400107e+01
3.798000000000000398e+01,2.499889012306200442e+01
3.800000000000000000e+01,2.501205436220000067e+01
3.802000000000000313e+01,2.502521860133800402e+01
3.804000000000000625e+01,2.503838284047600382e+01
3.806000000000000227e+01,2.505154707961400007e+01
3.808000000000000540e+01,2.506471131875200342e+01
3.810000000000000142e+01,2.507787555788999967e+01
3.812000000000000455e+01,2.509103979702800302e+01
3.814000000000000057e+01,2.510420403616599927e+01
3.816000000000000369e+01,2.511736827530400262e+01
3.818000000000000682e+01,2.513053251444200598e+01
3.820000000000000284e+01,2.514369675358000222e+01
3.822000000000000597e+01,2.515686099271800558e+01
3.824000000000000199e+01,2.517002523185600182e+01
3.826000000000000512e+01,2.518318947099400518e+01
3.828000000000000114e+01,2.519635371013200142e+01
3.830000000000000426e+01,2.520951794927000478e+01
3.832000000000000028e+01,2.522268218840800102e+01
3.834000000000000341e+01,2.523584642754600083e+01
3.836000000000000654e+01,2.524901066668400418e+01
3.838000000000000256e+01,2.526217490582200043e+01
3.840000000000000568e+01,2.527533914496000378e+01
3.842000000000000171e+01,2.528850338409800003e+01
3.844000000000000483e+01,2.530166762323600338e+01
3.846000000000000085e+01,2.531483186237399963e+01
3.848000000000000398e+01,2.532799610151200298e+01
3.850000000000000000e+01,2.534116034064999923e+01
3.852000000000000313e+01,2.535432457978800258e+01
3.854000000000000625e+01,2.536748881892600593e+01
3.856000000000000227e+01,2.538065305806400218e+01
3.858000000000000540e+01,2.539381729720200553e+01
3.860000000000000142e+01,2.540698153634000178e+01
3.862000000000000455e+01,2.542014577547800158e+01
3.864000000000000057e+01,2.543331001461600138e+01
3.866000000000000369e+01,2.544647425375400118e+01
3.868000000000000682e+01,2.545963849289200454e+01
3.870000000000000284e+01,2.547280273203000078e+01
3.872000000000000597e+01,2.548596697116800414e+01
3.874000000000000199e+01,2.549913121030600038e+01
3.876000000000000512e+01,2.551229544944400374e+01
3.878000000000000114e+01,2.552545968858199998e+01
3.880000000000000426e+01,2.553862392772000334e+01
3.882000000000000028e+01,2.555178816685799958e+01
3.884000000000000341e+01,2.556495240599600294e+01
3.886000000000000654e+01,2.557811664513400629e+01
3.888000000000000256e+01,2.559128088427200254e+01
3.890000000000000568e+01,2.560444512341000234e+01
3.892000000000000171e+01,2.561760936254800214e+01
3.894000000000000483e+01,2.563077360168600194e+01
3.896000000000000085e+01,2.564393784082400174e+01
3.898000000000000398e+01,2.565710207996200154e+01
3.900000000000000000e+01,2.567026631910000134e+01
3.902000000000000313e+01,2.568343055823800114e+01
3.904000000000000625e+01,2.569659479737600449e+01
3.906000000000000227e+01,2.570975903651400074e+01
3.908000000000000540e+01,2.572292327565200409e+01
3.910000000000000142e+01,2.573608751479000034e+01
3.912000000000000455e+01,2.574925175392800369e+01
3.914000000000000057e+01,2.576241599306599994e+01
3.916000000000000369e+01,2.577558023220400329e+01
3.918000000000000682e+01,2.578874447134200310e+01
3.920000000000000284e+01,2.580190871048000290e+01
3.922000000000000597e+01,2.581507294961800270e+01
3.924000000000000199e+01,2.582823718875600250e+01
3.926000000000000512e+01,2.584140142789400230e+01
3.928000000000000114e+01,2.585456566703200210e+01
3.930000000000000426e+01,2.586772990617000190e+01
3.932000000000000028e+01,2.588089414530800170e+01
3.934000000000000341e+01,2.589405838444600150e+01
3.936000000000000654e+01,2.590722262358400485e+01
3.938000000000000256e+01,2.592038686272200110e+01
3.940000000000000568e+01,2.593355110186000445e+01
3.942000000000000171e+01,2.594671534099800070e+01
3.944000000000000483e+01,2.595987958013600405e+01
3.946000000000000085e+01,2.597304381927400030e+01
3.948000000000000398e+01,2.598620805841200365e+01
3.950000000000000000e+01,2.599937229754999990e+01
3.952000000000000313e+01,2.601253653668800325e+01
3.954000000000000625e+01,2.602570077582600305e+01
3.956000000000000227e+01,2.603886501496400285e+01
3.958000000000000540e+01,2.605202925410200265e+01
3.960000000000000142e+01,2.606519349324000245e+01
3.962000000000000455e+01,2.607835773237800225e+01
3.964000000000000057e+01,2.609152197151600205e+01
3.966000000000000369e+01,2.610468621065400185e+01
3.968000000000000682e+01,2.611785044979200521e+01
3.970000000000000284e+01,2.613101468893000145e+01
3.972000000000000597e+01,2.614417892806800481e+01
3.974000000000000199e+01,2.615734316720600106e+01
3.976000000000000512e+01,2.617050740634400441e+01
3.978000000000000114e+01,2.618367164548200066e+01
3.980000000000000426e+01,2.619683588462000401e+01
3.982000000000000028e+01,2.621000012375800026e+01
3.984000000000000341e+01,2.622316436289600361e+01
3.986000000000000654e+01,2.623632860203400341e+01
3.988000000000000256e+01,2.624949284117200321e+01
3.990000000000000568e+01,2.626265708031000301e+01
3.992000000000000171e+01,2.627582131944800281e+01
3.994000000000000483e+01,2.628898555858600261e+01
3.996000000000000085e+01,2.630214979772400241e+01
3.998000000000000398e+01,2.631531403686200221e+01
4.000000000000000000e+01,2.632847827599999846e+01
4.002000000000000313e+01,2.634164251513800181e+01
4.004000000000000625e+01,2.635480675427600517e+01
4.006000000000000227e+01,2.636797099341400141e+01
4.008000000000000540e+01,2.638113523255200477e+01
4.010000000000000142e+01,2.639429947169000101e+01
4.012000000000000455e+01,2.640746371082800437e+01
4.014000000000000057e+01,2.642062794996600061e+01
4.016000000000000369e+01,2.643379218910400397e+01
4.018000000000000682e+01,2.644695642824200377e+01
4.020000000000000284e+01,2.646012066738000357e+01
4.022000000000000597e+01,2.647328490651800337e+01
4.024000000000000199e+01,2.648644914565600317e+01
4.026000000000000512e+01,2.649961338479400297e+01
4.028000000000000114e+01,2.651277762393199922e+01
4.030000000000000426e+01,2.652594186307000257e+01
4.032000000000000028e+01,2.653910610220799882e+01
4.034000000000000341e+01,2.655227034134600217e+01
4.036000000000000654e+01,2.656543458048400552e+01
4.038000000000000256e+01,2.657859881962200177e+01
4.040000000000000568e+01,2.659176305876000512e+01
4.042000000000000171e+01,2.660492729789800137e+01
4.044000000000000483e+01,2.661809153703600472e+01
4.046000000000000085e+01,2.663125577617400097e+01
4.048000000000000398e+01,2.664442001531200432e+01
4.050000000000000000e+01,2.665758425445000057e+01
4.052000000000000313e+01,2.667074849358800392e+01
4.054000000000000625e+01,2.668391273272600372e+01
4.056000000000000227e+01,2.669707697186399997e+01
4.058000000000000540e+01,2.671024121100200333e+01
4.060000000000000142e+01,2.672340545013999957e+01
4.062000000000000455e+01,2.673656968927800293e+01
4.064000000000000057e+01,2.674973392841599917e+01
4.066000000000000369e+01,2.676289816755400253e+01
4.068000000000000682e+01,2.677606240669200588e+01
4.070000000000000284e+01,2.678922664583000213e+01
4.072000000000000597e+01,2.680239088496800548e+01
4.074000000000000199e+01,2.681555512410600173e+01
4.076000000000000512e+01,2.682871936324400508e+01
4.078000000000000114e+01,2.684188360238200133e+01
4.080000000000000426e+01,2.685504784152000468e+01
4.082000000000000028e+01,2.686821208065800093e+01
4.084000000000000341e+01,2.688137631979600073e+01
4.086000000000000654e+01,2.689454055893400408e+01
4.088000000000000256e+01,2.690770479807200033e+01
4.090000000000000568e+01,2.692086903721000368e+01
4.092000000000000171e+01,2.693403327634799993e+01
4.094000000000000483e+01,2.694719751548600328e+01
4.096000000000000085e+01,2.696036175462399953e+01
4.098000000000000398e+01,2.697352599376200288e+01
4.100000000000000711e+01,2.698669023290000624e+01
4.102000000000000313e+01,2.699985447203800248e+01
4.104000000000000625e+01,2.701301871117600584e+01
4.106000000000000227e+01,2.702618295031400208e+01
4.108000000000000540e+01,2.703934718945200544e+01
4.110000000000000142e+01,2.705251142859000169e+01
4.112000000000000455e+01,2.706567566772800149e+01
4.114000000000000057e+01,2.707883990686600129e+01
4.116000000000000369e+01,2.709200414600400109e+01
4.118000000000000682e+01,2.710516838514200444e+01
4.120000000000000284e+01,2.711833262428000069e+01
4.122000000000000597e+01,2.713149686341800404e+01
4.124000000000000199e+01,2.714466110255600029e+01
4.126000000000000512e+01,2.715782534169400364e+01
4.128000000000000114e+01,2.717098958083199989e+01
4.130000000000000426e+01,2.718415381997000324e+01
4.132000000000000028e+01,2.719731805910799949e+01
4.134000000000000341e+01,2.721048229824600284e+01
4.136000000000000654e+01,2.722364653738400619e+01
4.138000000000000256e+01,2.723681077652200244e+01
4.140000000000000568e+01,2.724997501566000224e+01
4.142000000000000171e+01,2.726313925479800204e+01
4.144000000000000483e+01,2.727630349393600184e+01
4.146000000000000085e+01,2.728946773307400164e+01
4.148000000000000398e+01,2.730263197221200144e+01
4.150000000000000711e+01,2.731579621135000480e+01
4.152000000000000313e+01,2.732896045048800104e+01
4.154000000000000625e+01,2.734212468962600440e+01
4.156000000000000227e+01,2.735528892876400064e+01
4.158000000000000540e+01,2.736845316790200400e+01
4.160000000000000142e+01,2.738161740704000024e+01
4.162000000000000455e+01,2.739478164617800360e+01
4.164000000000000057e+01,2.740794588531599985e+01
4.166000000000000369e+01,2.742111012445400320e+01
4.168000000000000682e+01,2.743427436359200300e+01
4.170000000000000284e+01,2.744743860273000280e+01
4.172000000000000597e+01,2.746060284186800260e+01
4.174000000000000199e+01,2.747376708100600240e+01
4.176000000000000512e+01,2.748693132014400220e+01
4.178000000000000114e+01,2.750009555928200200e+01
4.180000000000000426e+01,2.751325979842000180e+01
4.182000000000000028e+01,2.752642403755800160e+01
4.184000000000000341e+01,2.753958827669600140e+01
4.186000000000000654e+01,2.755275251583400475e+01
4.188000000000000256e+01,2.756591675497200100e+01
4.190000000000000568e+01,2.757908099411000435e+01
4.192000000000000171e+01,2.759224523324800060e+01
4.194000000000000483e+01,2.760540947238600396e+01
4.196000000000000085e+01,2.761857371152400020e+01
4.198000000000000398e+01,2.763173795066200356e+01
4.200000000000000711e+01,2.764490218980000336e+01
4.202000000000000313e+01,2.765806642893800316e+01
4.204000000000000625e+01,2.767123066807600296e+01
4.206000000000000227e+01,2.768439490721400276e+01
4.208000000000000540e+01,2.769755914635200256e+01
4.210000000000000142e+01,2.771072338549000236e+01
4.212000000000000455e+01,2.772388762462800216e+01
4.214000000000000057e+01,2.773705186376600196e+01
4.216000000000000369e+01,2.775021610290400176e+01
4.218000000000000682e+01,2.776338034204200511e+01
4.220000000000000284e+01,2.777654458118000136e+01
4.222000000000000597e+01,2.778970882031800471e+01
4.224000000000000199e+01,2.780287305945600096e+01
4.226000000000000512e+01,2.781603729859400431e+01
4.228000000000000114e+01,2.782920153773200056e+01
4.230000000000000426e+01,2.784236577687000391e+01
4.232000000000000028e+01,2.785553001600800016e+01
4.234000000000000341e+01,2.786869425514600351e+01
4.236000000000000654e+01,2.788185849428400331e+01
4.238000000000000256e+01,2.789502273342200311e+01
4.240000000000000568e+01,2.790818697256000291e+01
4.242000000000000171e+01,2.792135121169800271e+01
4.244000000000000483e+01,2.793451545083600251e+01
4.246000000000000085e+01,2.794767968997400232e+01
4.248000000000000398e+01,2.796084392911200212e+01
4.250000000000000711e+01,2.797400816825000547e+01
4.252000000000000313e+01,2.798717240738800172e+01
4.254000000000000625e+01,2.800033664652600507e+01
4.256000000000000227e+01,2.801350088566400132e+01
4.258000000000000540e+01,2.802666512480200467e+01
4.260000000000000142e+01,2.803982936394000092e+01
4.262000000000000455e+01,2.805299360307800427e+01
4.264000000000000057e+01,2.806615784221600052e+01
4.266000000000000369e+01,2.807932208135400387e+01
4.268000000000000682e+01,2.809248632049200367e+01
4.270000000000000284e+01,2.810565055963000347e+01
4.272000000000000597e+01,2.811881479876800327e+01
4.274000000000000199e+01,2.813197903790600307e+01
4.276000000000000512e+01,2.814514327704400287e+01
4.278000000000000114e+01,2.815830751618200267e+01
4.280000000000000426e+01,2.817147175532000247e+01
4.282000000000000028e+01,2.818463599445799872e+01
4.284000000000000341e+01,2.819780023359600207e+01
4.286000000000000654e+01,2.821096447273400543e+01
4.288000000000000256e+01,2.822412871187200167e+01
4.290000000000000568e+01,2.823729295101000503e+01
4.292000000000000171e+01,2.825045719014800127e+01
4.294000000000000483e+01,2.826362142928600463e+01
4.296000000000000085e+01,2.827678566842400087e+01
4.298000000000000398e+01,2.828994990756200423e+01
4.300000000000000711e+01,2.830311414670000403e+01
4.302000000000000313e+01,2.831627838583800383e+01
4.304000000000000625e+01,2.832944262497600363e+01
4.306000000000000227e+01,2.834260686411400343e+01
4.308000000000000540e+01,2.835577110325200323e+01
4.310000000000000142e+01,2.836893534238999948e+01
4.312000000000000455e+01,2.838209958152800283e+01
4.314000000000000057e+01,2.839526382066599908e+01
4.316000000000000369e+01,2.840842805980400243e+01
4.318000000000000682e+01,2.842159229894200578e+01
4.320000000000000284e+01,2.843475653808000203e+01
4.322000000000000597e+01,2.844792077721800538e+01
4.324000000000000199e+01,2.846108501635600163e+01
4.326000000000000512e+01,2.847424925549400498e+01
4.328000000000000114e+01,2.848741349463200123e+01
4.330000000000000426e+01,2.850057773377000458e+01
4.332000000000000028e+01,2.851374197290800083e+01
4.334000000000000341e+01,2.852690621204600419e+01
4.336000000000000654e+01,2.854007045118400399e+01
4.338000000000000256e+01,2.855323469032200023e+01
4.340000000000000568e+01,2.856639892946000359e+01
4.342000000000000171e+01,2.857956316859799983e+01
4.344000000000000483e+01,2.859272740773600319e+01
4.346000000000000085e+01,2.860589164687399943e+01
4.348000000000000398e+01,2.861905588601200279e+01
4.350000000000000711e+01,2.863222012515000614e+01
4.352000000000000313e+01,2.864538436428800239e+01
4.354000000000000625e+01,2.865854860342600574e+01
4.356000000000000227e+01,2.867171284256400199e+01
4.358000000000000540e+01,2.868487708170200534e+01
4.360000000000000142e+01,2.869804132084000159e+01
4.362000000000000455e+01,2.871120555997800494e+01
4.364000000000000057e+01,2.872436979911600119e+01
4.366000000000000369e+01,2.873753403825400099e+01
4.368000000000000682e+01,2.875069827739200434e+01
4.370000000000000284e+01,2.876386251653000059e+01
4.372000000000000597e+01,2.877702675566800394e+01
4.374000000000000199e+01,2.879019099480600019e+01
4.376000000000000512e+01,2.880335523394400354e+01
4.378000000000000114e+01,2.881651947308199979e+01
4.380000000000000426e+01,2.882968371222000314e+01
4.382000000000000028e+01,2.884284795135799939e+01
4.384000000000000341e+01,2.885601219049600275e+01
4.386000000000000654e+01,2.886917642963400610e+01
4.388000000000000256e+01,2.888234066877200235e+01
4.390000000000000568e+01,2.889550490791000570e+01
4.392000000000000171e+01,2.890866914704800195e+01
4.394000000000000483e+01,2.892183338618600175e+01
4.396000000000000085e+01,2.893499762532400155e+01
4.398000000000000398e+01,2.894816186446200135e+01
4.400000000000000711e+01,2.896132610360000470e+01
4.402000000000000313e+01,2.897449034273800095e+01
4.404000000000000625e+01,2.898765458187600430e+01
4.406000000000000227e+01,2.900081882101400055e+01
4.408000000000000540e+01,2.901398306015200390e+01
4.410000000000000142e+01,2.902714729929000015e+01
4.412000000000000455e+01,2.904031153842800350e+01
4.414000000000000057e+01,2.905347577756599975e+01
4.416000000000000369e+01,2.906664001670400310e+01
4.418000000000000682e+01,2.907980425584200646e+01
4.420000000000000284e+01,2.909296849498000270e+01
4.422000000000000597e+01,2.910613273411800250e+01
4.424000000000000199e+01,2.911929697325600230e+01
4.426000000000000512e+01,2.913246121239400210e+01
4.428000000000000114e+01,2.914562545153200190e+01
4.430000000000000426e+01,2.915878969067000170e+01
4.432000000000000028e+01,2.917195392980800150e+01
4.434000000000000341e+01,2.918511816894600130e+01
4.436000000000000654e+01,2.919828240808400466e+01
4.438000000000000256e+01,2.921144664722200091e+01
4.440000000000000568e+01,2.922461088636000426e+01
4.442000000000000171e+01,2.923777512549800051e+01
4.444000000000000483e+01,2.925093936463600386e+01
4.446000000000000085e+01,2.926410360377400011e+01
4.448000000000000398e+01,2.927726784291200346e+01
4.450000000000000711e+01,2.929043208205000326e+01
4.452000000000000313e+01,2.930359632118800306e+01
4.454000000000000625e+01,2.931676056032600286e+01
4.456000000000000227e+01,2.932992479946400266e+01
4.458000000000000540e+01,2.934308903860200246e+01
4.460000000000000142e+01,2.935625327774000226e+01
4.462000000000000455e+01,2.936941751687800206e+01
4.464000000000000057e+01,2.938258175601600186e+01
4.466000000000000369e+01,2.939574599515400166e+01
4.468000000000000682e+01,2.940891023429200501e+01
4.470000000000000284e+01,2.942207447343000126e+01
4.472000000000000597e+01,2.943523871256800462e+01
4.474000000000000199e+01,2.944840295170600086e+01
4.476000000000000512e+01,2.946156719084400422e+01
4.478000000000000114e+01,2.947473142998200046e+01
4.480000000000000426e+01,2.948789566912000382e+01
4.482000000000000028e+01,2.950105990825800006e+01
4.484000000000000341e+01,2.951422414739600342e+01
4.486000000000000654e+01,2.952738838653400322e+01
4.488000000000000256e+01,2.954055262567200302e+01
4.490000000000000568e+01,2.955371686481000282e+01
4.492000000000000171e+01,2.956688110394800262e+01
4.494000000000000483e+01,2.958004534308600242e+01
4.496000000000000085e+01,2.959320958222400222e+01
4.498000000000000398e+01,2.960637382136200202e+01
4.500000000000000711e+01,2.961953806050000537e+01
4.502000000000000313e+01,2.963270229963800162e+01
4.504000000000000625e+01,2.964586653877600497e+01
4.506000000000000227e+01,2.965903077791400122e+01
4.508000000000000540e+01,2.967219501705200457e+01
4.510000000000000142e+01,2.968535925619000082e+01
4.512000000000000455e+01,2.969852349532800417e+01
4.514000000000000057e+01,2.971168773446600042e+01
4.516000000000000369e+01,2.972485197360400377e+01
4.518000000000000682e+01,2.973801621274200357e+01
4.520000000000000284e+01,2.975118045188000337e+01
4.522000000000000597e+01,2.976434469101800318e+01
4.524000000000000199e+01,2.977750893015600298e+01
4.526000000000000512e+01,2.979067316929400278e+01
4.528000000000000114e+01,2.980383740843200258e+01
4.530000000000000426e+01,2.981700164757000238e+01
4.532000000000000028e+01,2.983016588670800218e+01
4.534000000000000341e+01,2.984333012584600198e+01
4.536000000000000654e+01,2.985649436498400533e+01
4.538000000000000256e+01,2.986965860412200158e+01
4.540000000000000568e+01,2.988282284326000493e+01
4.542000000000000171e+01,2.989598708239800118e+01
4.544000000000000483e+01,2.990915132153600453e+01
4.546000000000000085e+01,2.992231556067400078e+01
4.548000000000000398e+01,2.993547979981200413e+01
4.550000000000000711e+01,2.994864403895000393e+01
4.552000000000000313e+01,2.996180827808800373e+01
4.554000000000000625e+01,2.997497251722600353e+01
4.556000000000000227e+01,2.998813675636400333e+01
4.558000000000000540e+01,3.000130099550200313e+01
4.560000000000000142e+01,3.001446523464000293e+01
4.562000000000000455e+01,3.002762947377800273e+01
4.564000000000000057e+01,3.004079371291599898e+01
4.566000000000000369e+01,3.005395795205400233e+01
4.568000000000000682e+01,3.006712219119200569e+01
4.570000000000000284e+01,3.008028643033000193e+01
4.572000000000000597e+01,3.009345066946800529e+01
4.574000000000000199e+01,3.010661490860600153e+01
4.576000000000000512e+01,3.011977914774400489e+01
4.578000000000000114e+01,3.013294338688200114e+01
4.580000000000000426e+01,3.014610762602000449e+01
4.582000000000000028e+01,3.015927186515800074e+01
4.584000000000000341e+01,3.017243610429600409e+01
4.586000000000000654e+01,3.018560034343400389e+01
4.588000000000000256e+01,3.019876458257200369e+01
4.590000000000000568e+01,3.021192882171000349e+01
4.592000000000000171e+01,3.022509306084799974e+01
4.594000000000000483e+01,3.023825729998600309e+01
4.596000000000000085e+01,3.025142153912399934e+01
4.598000000000000398e+01,3.026458577826200269e+01
4.600000000000000711e+01,3.027775001740000604e+01
4.602000000000000313e+01,3.029091425653800229e+01
4.604000000000000625e+01,3.030407849567600564e+01
4.606000000000000227e+01,3.031724273481400189e+01
4.608000000000000540e+01,3.033040697395200525e+01
4.610000000000000142e+01,3.034357121309000149e+01
4.612000000000000455e+01,3.035673545222800485e+01
4.614000000000000057e+01,3.036989969136600109e+01
4.616000000000000369e+01,3.038306393050400445e+01
4.618000000000000682e+01,3.039622816964200425e+01
4.620000000000000284e+01,3.040939240878000049e+01
4.622000000000000597e+01,3.042255664791800385e+01
4.624000000000000199e+01,3.043572088705600009e+01
4.626000000000000512e+01,3.044888512619400345e+01
4.628000000000000114e+01,3.046204936533199970e+01
4.630000000000000426e+01,3.047521360447000305e+01
4.632000000000000028e+01,3.048837784360799930e+01
4.634000000000000341e+01,3.050154208274600265e+01
4.636000000000000654e+01,3.051470632188400600e+01
4.638000000000000256e+01,3.052787056102200225e+01
4.640000000000000568e+01,3.054103480016000560e+01
4.642000000000000171e+01,3.055419903929800185e+01
4.644000000000000483e+01,3.056736327843600520e+01
4.646000000000000085e+01,3.058052751757400145e+01
4.648000000000000398e+01,3.059369175671200125e+01
4.650000000000000711e+01,3.060685599585000460e+01
4.652000000000000313e+01,3.062002023498800085e+01
4.654000000000000625e+01,3.063318447412600420e+01
4.656000000000000227e+01,3.064634871326400045e+01
4.658000000000000540e+01,3.065951295240200380e+01
4.660000000000000142e+01,3.067267719154000005e+01
4.662000000000000455e+01,3.068584143067800341e+01
4.664000000000000057e+01,3.069900566981599965e+01
4.666000000000000369e+01,3.071216990895400301e+01
4.668000000000000682e+01,3.072533414809200636e+01
4.670000000000000284e+01,3.073849838723000261e+01
4.672000000000000597e+01,3.075166262636800596e+01
4.674000000000000199e+01,3.076482686550600221e+01
4.676000000000000512e+01,3.077799110464400201e+01
4.678000000000000114e+01,3.079115534378200181e+01
4.680000000000000426e+01,3.080431958292000161e+01
4.682000000000000028e+01,3.081748382205800141e+01
4.684000000000000341e+01,3.083064806119600121e+01
4.686000000000000654e+01,3.084381230033400456e+01
4.688000000000000256e+01,3.085697653947200081e+01
4.690000000000000568e+01,3.087014077861000416e+01
4.692000000000000171e+01,3.088330501774800041e+01
4.694000000000000483e+01,3.089646925688600376e+01
4.696000000000000085e+01,3.090963349602400001e+01
4.698000000000000398e+01,3.092279773516200336e+01
4.700000000000000711e+01,3.093596197430000672e+01
4.702000000000000313e+01,3.094912621343800296e+01
4.704000000000000625e+01,3.096229045257600276e+01
4.706000000000000227e+01,3.097545469171400256e+01
4.708000000000000540e+01,3.098861893085200236e+01
4.710000000000000142e+01,3.100178316999000216e+01
4.712000000000000455e+01,3.101494740912800196e+01
4.714000000000000057e+01,3.102811164826600177e+01
4.716000000000000369e+01,3.104127588740400157e+01
4.718000000000000682e+01,3.105444012654200492e+01
4.720000000000000284e+01,3.106760436568000117e+01
4.722000000000000597e+01,3.108076860481800452e+01
4.724000000000000199e+01,3.109393284395600077e+01
4.726000000000000512e+01,3.110709708309400412e+01
4.728000000000000114e+01,3.112026132223200037e+01
4.730000000000000426e+01,3.113342556137000372e+01
4.732000000000000028e+01,3.114658980050799997e+01
4.734000000000000341e+01,3.115975403964600332e+01
4.736000000000000654e+01,3.117291827878400312e+01
4.738000000000000256e+01,3.118608251792200292e+01
4.740000000000000568e+01,3.119924675706000272e+01
4.742000000000000171e+01,3.121241099619800252e+01
4.744000000000000483e+01,3.122557523533600232e+01
4.746000000000000085e+01,3.123873947447400212e+01
4.748000000000000398e+01,3.125190371361200192e+01
4.750000000000000711e+01,3.126506795275000528e+01
4.752000000000000313e+01,3.127823219188800152e+01
4.754000000000000625e+01,3.129139643102600488e+01
4.756000000000000227e+01,3.130456067016400112e+01
4.758000000000000540e+01,3.131772490930200448e+01
4.760000000000000142e+01,3.133088914844000072e+01
4.762000000000000455e+01,3.134405338757800408e+01
4.764000000000000057e+01,3.135721762671600032e+01
4.766000000000000369e+01,3.137038186585400368e+01
4.768000000000000682e+01,3.138354610499200348e+01
4.770000000000000284e+01,3.139671034413000328e+01
4.772000000000000597e+01,3.140987458326800308e+01
4.774000000000000199e+01,3.142303882240600288e+01
4.776000000000000512e+01,3.143620306154400268e+01
4.778000000000000114e+01,3.144936730068200248e+01
4.780000000000000426e+01,3.146253153982000228e+01
4.782000000000000028e+01,3.147569577895800208e+01
4.784000000000000341e+01,3.148886001809600188e+01
4.786000000000000654e+01,3.150202425723400523e+01
4.788000000000000256e+01,3.151518849637200148e+01
4.790000000000000568e+01,3.152835273551000483e+01
4.792000000000000171e+01,3.154151697464800108e+01
4.794000000000000483e+01,3.155468121378600443e+01
4.796000000000000085e+01,3.156784545292400068e+01
4.798000000000000398e+01,3.158100969206200404e+01
4.800000000000000711e+01,3.159417393120000384e+01
4.802000000000000313e+01,3.160733817033800364e+01
4.804000000000000625e+01,3.162050240947600344e+01
4.806000000000000227e+01,3.163366664861400324e+01
4.808000000000000540e+01,3.164683088775200304e+01
4.810000000000000142e+01,3.165999512689000284e+01
4.812000000000000455e+01,3.167315936602800264e+01
4.814000000000000057e+01,3.168632360516599888e+01
4.816000000000000369e+01,3.169948784430400224e+01
4.818000000000000682e+01,3.171265208344200559e+01
4.820000000000000284e+01,3.172581632258000184e+01
4.822000000000000597e+01,3.173898056171800519e+01
4.824000000000000199e+01,3.175214480085600144e+01
4.826000000000000512e+01,3.176530903999400479e+01
4.828000000000000114e+01,3.177847327913200104e+01
4.830000000000000426e+01,3.179163751827000439e+01
4.832000000000000028e+01,3.180480175740800064e+01
4.834000000000000341e+01,3.181796599654600399e+01
4.836000000000000654e+01,3.183113023568400379e+01
4.838000000000000256e+01,3.184429447482200359e+01
4.840000000000000568e+01,3.185745871396000339e+01
4.842000000000000171e+01,3.187062295309799964e+01
4.844000000000000483e+01,3.188378719223600299e+01
4.846000000000000085e+01,3.189695143137399924e+01
4.848000000000000398e+01,3.191011567051200259e+01
4.850000000000000711e+01,3.192327990965000595e+01
4.852000000000000313e+01,3.193644414878800220e+01
4.854000000000000625e+01,3.194960838792600555e+01
4.856000000000000227e+01,3.196277262706400180e+01
4.858000000000000540e+01,3.197593686620200515e+01
4.860000000000000142e+01,3.198910110534000140e+01
4.862000000000000455e+01,3.200226534447800475e+01
4.864000000000000057e+01,3.201542958361599744e+01
4.866000000000000369e+01,3.202859382275400435e+01
4.868000000000000682e+01,3.204175806189200415e+01
4.870000000000000284e+01,3.205492230103000395e+01
4.872000000000000597e+01,3.206808654016800375e+01
4.874000000000000199e+01,3.208125077930600355e+01
4.876000000000000512e+01,3.209441501844400335e+01
4.878000000000000114e+01,3.210757925758200315e+01
4.880000000000000426e+01,3.212074349672000295e+01
4.882000000000000028e+01,3.213390773585800275e+01
4.884000000000000341e+01,3.214707197499600255e+01
4.886000000000000654e+01,3.216023621413400235e+01
4.888000000000000256e+01,3.217340045327200215e+01
4.890000000000000568e+01,3.218656469241000195e+01
4.892000000000000171e+01,3.219972893154800175e+01
4.894000000000000483e+01,3.221289317068600155e+01
4.896000000000000085e+01,3.222605740982400135e+01
4.898000000000000398e+01,3.223922164896200115e+01
4.900000000000000711e+01,3.225238588810000806e+01
4.902000000000000313e+01,3.226555012723800075e+01
4.904000000000000625e+01,3.227871436637600766e+01
4.906000000000000227e+01,3.229187860551400036e+01
4.908000000000000540e+01,3.230504284465200726e+01
4.910000000000000142e+01,3.231820708378999996e+01
4.912000000000000455e+01,3.233137132292799976e+01
4.914000000000000057e+01,3.234453556206599956e+01
4.916000000000000369e+01,3.235769980120399936e+01
4.918000000000000682e+01,3.237086404034200626e+01
4.920000000000000284e+01,3.238402827947999896e+01
4.922000000000000597e+01,3.239719251861800586e+01
4.924000000000000199e+01,3.241035675775599856e+01
4.926000000000000512e+01,3.242352099689400546e+01
4.928000000000000114e+01,3.243668523603199816e+01
4.930000000000000426e+01,3.244984947517000506e+01
4.932000000000000028e+01,3.246301371430799776e+01
4.934000000000000341e+01,3.247617795344600466e+01
4.936000000000000654e+01,3.248934219258400447e+01
4.938000000000000256e+01,3.250250643172200427e+01
4.940000000000000568e+01,3.251567067086000407e+01
4.942000000000000171e+01,3.252883490999800387e+01
4.944000000000000483e+01,3.254199914913600367e+01
4.946000000000000085e+01,3.255516338827400347e+01
4.948000000000000398e+01,3.256832762741200327e+01
4.950000000000000711e+01,3.258149186655000307e+01
4.952000000000000313e+01,3.259465610568800287e+01
4.954000000000000625e+01,3.260782034482600267e+01
4.956000000000000227e+01,3.262098458396400247e+01
4.958000000000000540e+01,3.263414882310200227e+01
4.960000000000000142e+01,3.264731306224000207e+01
4.962000000000000455e+01,3.266047730137800187e+01
4.964000000000000057e+01,3.267364154051600167e+01
4.966000000000000369e+01,3.268680577965400147e+01
4.968000000000000682e+01,3.269997001879200127e+01
4.970000000000000284e+01,3.271313425793000107e+01
4.972000000000000597e+01,3.272629849706800087e+01
4.974000000000000199e+01,3.273946273620600067e+01
4.976000000000000512e+01,3.275262697534400047e+01
4.978000000000000114e+01,3.276579121448200027e+01
4.980000000000000426e+01,3.277895545362000007e+01
4.982000000000000028e+01,3.279211969275799987e+01
4.984000000000000341e+01,3.280528393189599967e+01
4.986000000000000654e+01,3.281844817103400658e+01
4.988000000000000256e+01,3.283161241017199927e+01
4.990000000000000568e+01,3.284477664931000618e+01
4.992000000000000171e+01,3.285794088844799887e+01
4.994000000000000483e+01,3.287110512758600578e+01
4.996000000000000085e+01,3.288426936672399847e+01
4.998000000000000398e+01,3.289743360586200538e+01
5.000000000000000711e+01,3.291059784500000518e+01
5.002000000000000313e+01,3.292376208413800498e+01
5.004000000000000625e+01,3.293692632327600478e+01
5.006000000000000227e+01,3.295009056241400458e+01
5.008000000000000540e+01,3.296325480155200438e+01
5.010000000000000142e+01,3.297641904069000418e+01
5.012000000000000455e+01,3.298958327982800398e+01
5.014000000000000057e+01,3.300274751896600378e+01
5.016000000000000369e+01,3.301591175810400358e+01
5.018000000000000682e+01,3.302907599724200338e+01
5.020000000000000284e+01,3.304224023638000318e+01
5.022000000000000597e+01,3.305540447551800298e+01
5.024000000000000199e+01,3.306856871465600278e+01
5.026000000000000512e+01,3.308173295379400258e+01
5.028000000000000114e+01,3.309489719293200238e+01
5.030000000000000426e+01,3.310806143207000218e+01
5.032000000000000028e+01,3.312122567120800198e+01
5.034000000000000341e+01,3.313438991034600178e+01
5.036000000000000654e+01,3.314755414948400158e+01
5.038000000000000256e+01,3.316071838862200138e+01
5.040000000000000568e+01,3.317388262776000118e+01
5.042000000000000171e+01,3.318704686689800099e+01
5.044000000000000483e+01,3.320021110603600079e+01
5.046000000000000085e+01,3.321337534517400059e+01
5.048000000000000398e+01,3.322653958431200039e+01
5.050000000000000711e+01,3.323970382345000729e+01
5.052000000000000313e+01,3.325286806258799999e+01
5.054000000000000625e+01,3.326603230172600689e+01
5.056000000000000227e+01,3.327919654086399959e+01
5.058000000000000540e+01,3.329236078000200649e+01
5.060000000000000142e+01,3.330552501913999919e+01
5.062000000000000455e+01,3.331868925827800609e+01
5.064000000000000057e+01,3.333185349741599879e+01
5.066000000000000369e+01,3.334501773655400569e+01
5.068000000000000682e+01,3.335818197569200549e+01
5.070000000000000284e+01,3.337134621483000529e+01
5.072000000000000597e+01,3.338451045396800509e+01
5.074000000000000199e+01,3.339767469310600490e+01
5.076000000000000512e+01,3.341083893224400470e+01
5.078000000000000114e+01,3.342400317138200450e+01
5.080000000000000426e+01,3.343716741052000430e+01
5.082000000000000028e+01,3.345033164965799699e+01
5.084000000000000341e+01,3.346349588879600390e+01
5.086000000000000654e+01,3.347666012793400370e+01
5.088000000000000256e+01,3.348982436707200350e+01
5.090000000000000568e+01,3.350298860621000330e+01
5.092000000000000171e+01,3.351615284534800310e+01
5.094000000000000483e+01,3.352931708448600290e+01
5.096000000000000085e+01,3.354248132362400270e+01
5.098000000000000398e+01,3.355564556276200250e+01
5.100000000000000711e+01,3.356880980190000230e+01
5.102000000000000313e+01,3.358197404103800210e+01
5.104000000000000625e+01,3.359513828017600190e+01
5.106000000000000227e+01,3.360830251931400170e+01
5.108000000000000540e+01,3.362146675845200150e+01
5.110000000000000142e+01,3.363463099759000130e+01
5.112000000000000455e+01,3.364779523672800110e+01
5.114000000000000057e+01,3.366095947586600090e+01
5.116000000000000369e+01,3.367412371500400070e+01
5.118000000000000682e+01,3.368728795414200761e+01
5.120000000000000284e+01,3.370045219328000030e+01
5.122000000000000597e+01,3.371361643241800721e+01
5.124000000000000199e+01,3.372678067155599990e+01
5.126000000000000512e+01,3.373994491069400681e+01
5.128000000000000114e+01,3.375310914983199950e+01
5.130000000000000426e+01,3.376627338897000641e+01
5.132000000000000028e+01,3.377943762810799910e+01
5.134000000000000341e+01,3.379260186724600601e+01
5.136000000000000654e+01,3.380576610638400581e+01
5.138000000000000256e+01,3.381893034552199850e+01
5.140000000000000568e+01,3.383209458466000541e+01
5.142000000000000171e+01,3.384525882379799810e+01
5.144000000000000483e+01,3.385842306293600501e+01
5.146000000000000085e+01,3.387158730207399771e+01
5.148000000000000398e+01,3.388475154121200461e+01
5.150000000000000711e+01,3.389791578035000441e+01
5.152000000000000313e+01,3.391108001948800421e+01
5.154000000000000625e+01,3.392424425862600401e+01
5.156000000000000227e+01,3.393740849776400381e+01
5.158000000000000540e+01,3.395057273690200361e+01
5.160000000000000142e+01,3.396373697604000341e+01
5.162000000000000455e+01,3.397690121517800321e+01
5.164000000000000057e+01,3.399006545431600301e+01
5.166000000000000369e+01,3.400322969345400281e+01
5.168000000000000682e+01,3.401639393259200261e+01
5.170000000000000284e+01,3.402955817173000241e+01
5.172000000000000597e+01,3.404272241086800221e+01
5.174000000000000199e+01,3.405588665000600201e+01
5.176000000000000512e+01,3.406905088914400181e+01
5.178000000000000114e+01,3.408221512828200161e+01
5.180000000000000426e+01,3.409537936742000142e+01
5.182000000000000028e+01,3.410854360655800122e+01
5.184000000000000341e+01,3.412170784569600102e+01
5.186000000000000654e+01,3.413487208483400792e+01
5.188000000000000256e+01,3.414803632397200062e+01
5.190000000000000568e+01,3.416120056311000752e+01
5.192000000000000171e+01,3.417436480224800022e+01
5.194000000000000483e+01,3.418752904138600002e+01
5.196000000000000085e+01,3.420069328052399982e+01
5.198000000000000398e+01,3.421385751966199962e+01
5.200000000000000711e+01,3.422702175880000652e+01
5.202000000000000313e+01,3.424018599793799922e+01
5.204000000000000625e+01,3.425335023707600612e+01
5.206000000000000227e+01,3.426651447621399882e+01
5.208000000000000540e+01,3.427967871535200572e+01
5.210000000000000142e+01,3.429284295448999842e+01
5.212000000000000455e+01,3.430600719362800533e+01
5.214000000000000057e+01,3.431917143276599802e+01
5.216000000000000369e+01,3.433233567190400493e+01
5.218000000000000682e+01,3.434549991104200473e+01
5.220000000000000284e+01,3.435866415018000453e+01
5.222000000000000597e+01,3.437182838931800433e+01
5.224000000000000199e+01,3.438499262845600413e+01
5.226000000000000512e+01,3.439815686759400393e+01
5.228000000000000114e+01,3.441132110673200373e+01
5.230000000000000426e+01,3.442448534587000353e+01
5.232000000000000028e+01,3.443764958500800333e+01
5.234000000000000341e+01,3.445081382414600313e+01
5.236000000000000654e+01,3.446397806328400293e+01
5.238000000000000256e+01,3.447714230242200273e+01
5.240000000000000568e+01,3.449030654156000253e+01
5.242000000000000171e+01,3.450347078069800233e+01
5.244000000000000483e+01,3.451663501983600213e+01
5.246000000000000085e+01,3.452979925897400193e+01
5.248000000000000398e+01,3.454296349811200173e+01
5.250000000000000711e+01,3.455612773725000153e+01
5.252000000000000313e+01,3.456929197638800133e+01
5.254000000000000625e+01,3.458245621552600113e+01
5.256000000000000227e+01,3.459562045466400093e+01
5.258000000000000540e+01,3.460878469380200073e+01
5.260000000000000142e+01,3.462194893294000053e+01
5.262000000000000455e+01,3.463511317207800033e+01
5.264000000000000057e+01,3.464827741121600013e+01
5.266000000000000369e+01,3.466144165035399993e+01
5.268000000000000682e+01,3.467460588949200684e+01
5.270000000000000284e+01,3.468777012862999953e+01
5.272000000000000597e+01,3.470093436776800644e+01
5.274000000000000199e+01,3.471409860690599913e+01
5.276000000000000512e+01,3.472726284604400604e+01
5.278000000000000114e+01,3.474042708518199873e+01
5.280000000000000426e+01,3.475359132432000564e+01
5.282000000000000028e+01,3.476675556345799833e+01
5.284000000000000341e+01,3.477991980259600524e+01
5.286000000000000654e+01,3.479308404173400504e+01
5.288000000000000256e+01,3.480624828087200484e+01
5.290000000000000568e+01,3.481941252001000464e+01
5.292000000000000171e+01,3.483257675914800444e+01
5.294000000000000483e+01,3.484574099828600424e+01
5.296000000000000085e+01,3.485890523742400404e+01
5.298000000000000398e+01,3.487206947656200384e+01
5.300000000000000711e+01,3.488523371570000364e+01
5.302000000000000313e+01,3.489839795483800344e+01
5.304000000000000625e+01,3.491156219397600324e+01
5.306000000000000227e+01,3.492472643311400304e+01
5.308000000000000540e+01,3.493789067225200284e+01
5.310000000000000142e+01,3.495105491139000264e+01
5.312000000000000455e+01,3.496421915052800244e+01
5.314000000000000057e+01,3.497738338966600224e+01
5.316000000000000369e+01,3.499054762880400204e+01
5.318000000000000682e+01,3.500371186794200185e+01
5.320000000000000284e+01,3.501687610708000165e+01
5.322000000000000597e+01,3.503004034621800145e+01
5.324000000000000199e+01,3.504320458535600125e+01
5.326000000000000512e+01,3.505636882449400105e+01
5.328000000000000114e+01,3.506953306363200085e+01
5.330000000000000426e+01,3.508269730277000065e+01
5.332000000000000028e+01,3.509586154190800045e+01
5.334000000000000341e+01,3.510902578104600025e+01
5.336000000000000654e+01,3.512219002018400715e+01
5.338000000000000256e+01,3.513535425932199985e+01
5.340000000000000568e+01,3.514851849846000675e+01
5.342000000000000171e+01,3.516168273759799945e+01
5.344000000000000483e+01,3.517484697673600635e+01
5.346000000000000085e+01,3.518801121587399905e+01
5.348000000000000398e+01,3.520117545501200595e+01
5.350000000000000711e+01,3.521433969415000576e+01
5.352000000000000313e+01,3.522750393328800556e+01
5.354000000000000625e+01,3.524066817242600536e+01
5.356000000000000227e+01,3.525383241156400516e+01
5.358000000000000540e+01,3.526699665070200496e+01
5.360000000000000142e+01,3.528016088984000476e+01
5.362000000000000455e+01,3.529332512897800456e+01
5.364000000000000057e+01,3.530648936811599725e+01
5.366000000000000369e+01,3.531965360725400416e+01
5.368000000000000682e+01,3.533281784639200396e+01
5.370000000000000284e+01,3.534598208553000376e+01
5.372000000000000597e+01,3.535914632466800356e+01
5.374000000000000199e+01,3.537231056380600336e+01
5.376000000000000512e+01,3.538547480294400316e+01
5.378000000000000114e+01,3.539863904208200296e+01
5.380000000000000426e+01,3.541180328122000276e+01
5.382000000000000028e+01,3.542496752035800256e+01
5.384000000000000341e+01,3.543813175949600236e+01
5.386000000000000654e+01,3.545129599863400216e+01
5.388000000000000256e+01,3.546446023777200196e+01
5.390000000000000568e+01,3.547762447691000176e+01
5.392000000000000171e+01,3.549078871604800156e+01
5.394000000000000483e+01,3.550395295518600136e+01
5.396000000000000085e+01,3.551711719432400116e+01
5.398000000000000398e+01,3.553028143346200096e+01
5.400000000000000711e+01,3.554344567260000787e+01
5.402000000000000313e+01,3.555660991173800056e+01
5.404000000000000625e+01,3.556977415087600747e+01
5.406000000000000227e+01,3.558293839001400016e+01
5.408000000000000540e+01,3.559610262915200707e+01
5.410000000000000142e+01,3.560926686828999976e+01
5.412000000000000455e+01,3.562243110742800667e+01
5.414000000000000057e+01,3.563559534656599936e+01
5.416000000000000369e+01,3.564875958570400627e+01
5.418000000000000682e+01,3.566192382484200607e+01
5.420000000000000284e+01,3.567508806397999876e+01
5.422000000000000597e+01,3.568825230311800567e+01
5.424000000000000199e+01,3.570141654225599837e+01
5.426000000000000512e+01,3.571458078139400527e+01
5.428000000000000114e+01,3.572774502053199797e+01
5.430000000000000426e+01,3.574090925967000487e+01
5.432000000000000739e+01,3.575407349880800467e+01
5.434000000000000341e+01,3.576723773794600447e+01
5.436000000000000654e+01,3.578040197708400427e+01
5.438000000000000256e+01,3.579356621622200407e+01
5.440000000000000568e+01,3.580673045536000387e+01
5.442000000000000171e+01,3.581989469449800367e+01
5.444000000000000483e+01,3.583305893363600347e+01
5.446000000000000085e+01,3.584622317277400327e+01
5.448000000000000398e+01,3.585938741191200307e+01
5.450000000000000711e+01,3.587255165105000287e+01
5.452000000000000313e+01,3.588571589018800267e+01
5.454000000000000625e+01,3.589888012932600247e+01
5.456000000000000227e+01,3.591204436846400228e+01
5.458000000000000540e+01,3.592520860760200208e+01
5.460000000000000142e+01,3.593837284674000188e+01
5.462000000000000455e+01,3.595153708587800168e+01
5.464000000000000057e+01,3.596470132501600148e+01
5.466000000000000369e+01,3.597786556415400128e+01
5.468000000000000682e+01,3.599102980329200818e+01
5.470000000000000284e+01,3.600419404243000088e+01
5.472000000000000597e+01,3.601735828156800778e+01
5.474000000000000199e+01,3.603052252070600048e+01
5.476000000000000512e+01,3.604368675984400028e+01
5.478000000000000114e+01,3.605685099898200008e+01
5.480000000000000426e+01,3.607001523811999988e+01
5.482000000000000739e+01,3.608317947725800678e+01
5.484000000000000341e+01,3.609634371639599948e+01
5.486000000000000654e+01,3.610950795553400638e+01
5.488000000000000256e+01,3.612267219467199908e+01
5.490000000000000568e+01,3.613583643381000599e+01
5.492000000000000171e+01,3.614900067294799868e+01
5.494000000000000483e+01,3.616216491208600559e+01
5.496000000000000085e+01,3.617532915122399828e+01
5.498000000000000398e+01,3.618849339036200519e+01
5.500000000000000711e+01,3.620165762950000499e+01
5.502000000000000313e+01,3.621482186863800479e+01
5.504000000000000625e+01,3.622798610777600459e+01
5.506000000000000227e+01,3.624115034691400439e+01
5.508000000000000540e+01,3.625431458605200419e+01
5.510000000000000142e+01,3.626747882519000399e+01
5.512000000000000455e+01,3.628064306432800379e+01
5.514000000000000057e+01,3.629380730346600359e+01
5.516000000000000369e+01,3.630697154260400339e+01
5.518000000000000682e+01,3.632013578174200319e+01
5.520000000000000284e+01,3.633330002088000299e+01
5.522000000000000597e+01,3.634646426001800279e+01
5.524000000000000199e+01,3.635962849915600259e+01
5.526000000000000512e+01,3.637279273829400239e+01
5.528000000000000114e+01,3.638595697743200219e+01
5.530000000000000426e+01,3.639912121657000199e+01
5.532000000000000739e+01,3.641228545570800179e+01
5.534000000000000341e+01,3.642544969484600159e+01
5.536000000000000654e+01,3.643861393398400139e+01
5.538000000000000256e+01,3.645177817312200119e+01
5.540000000000000568e+01,3.646494241226000099e+01
5.542000000000000171e+01,3.647810665139800079e+01
5.544000000000000483e+01,3.649127089053600059e+01
5.546000000000000085e+01,3.650443512967400039e+01
5.548000000000000398e+01,3.651759936881200019e+01
5.550000000000000711e+01,3.653076360795000710e+01
5.552000000000000313e+01,3.654392784708799979e+01
5.554000000000000625e+01,3.655709208622600670e+01
5.556000000000000227e+01,3.657025632536399939e+01
5.558000000000000540e+01,3.658342056450200630e+01
5.560000000000000142e+01,3.659658480363999900e+01
5.562000000000000455e+01,3.660974904277800590e+01
5.564000000000000057e+01,3.662291328191599860e+01
5.566000000000000369e+01,3.663607752105400550e+01
5.568000000000000682e+01,3.664924176019200530e+01
5.570000000000000284e+01,3.666240599933000510e+01
5.572000000000000597e+01,3.667557023846800490e+01
5.574000000000000199e+01,3.668873447760600470e+01
5.576000000000000512e+01,3.670189871674400450e+01
5.578000000000000114e+01,3.671506295588200430e+01
5.580000000000000426e+01,3.672822719502000410e+01
5.582000000000000739e+01,3.674139143415800390e+01
5.584000000000000341e+01,3.675455567329600370e+01
5.586000000000000654e+01,3.676771991243400350e+01
5.588000000000000256e+01,3.678088415157200330e+01
5.590000000000000568e+01,3.679404839071000310e+01
5.592000000000000171e+01,3.680721262984800290e+01
5.594000000000000483e+01,3.682037686898600271e+01
5.596000000000000085e+01,3.683354110812400251e+01
5.598000000000000398e+01,3.684670534726200231e+01
5.600000000000000711e+01,3.685986958640000211e+01
5.602000000000000313e+01,3.687303382553800191e+01
5.604000000000000625e+01,3.688619806467600171e+01
5.606000000000000227e+01,3.689936230381400151e+01
5.608000000000000540e+01,3.691252654295200131e+01
5.610000000000000142e+01,3.692569078209000111e+01
5.612000000000000455e+01,3.693885502122800091e+01
5.614000000000000057e+01,3.695201926036600071e+01
5.616000000000000369e+01,3.696518349950400051e+01
5.618000000000000682e+01,3.697834773864200741e+01
5.620000000000000284e+01,3.699151197778000011e+01
5.622000000000000597e+01,3.700467621691800701e+01
5.624000000000000199e+01,3.701784045605599971e+01
5.626000000000000512e+01,3.703100469519400662e+01
5.628000000000000114e+01,3.704416893433199931e+01
5.630000000000000426e+01,3.705733317347000622e+01
5.632000000000000739e+01,3.707049741260800602e+01
5.634000000000000341e+01,3.708366165174600582e+01
5.636000000000000654e+01,3.709682589088400562e+01
5.638000000000000256e+01,3.710999013002200542e+01
5.640000000000000568e+01,3.712315436916000522e+01
5.642000000000000171e+01,3.713631860829799791e+01
5.644000000000000483e+01,3.714948284743600482e+01
5.646000000000000085e+01,3.716264708657399751e+01
5.648000000000000398e+01,3.717581132571200442e+01
5.650000000000000711e+01,3.718897556485000422e+01
5.652000000000000313e+01,3.720213980398800402e+01
5.654000000000000625e+01,3.721530404312600382e+01
5.656000000000000227e+01,3.722846828226400362e+01
5.658000000000000540e+01,3.724163252140200342e+01
5.660000000000000142e+01,3.725479676054000322e+01
5.662000000000000455e+01,3.726796099967800302e+01
5.664000000000000057e+01,3.728112523881600282e+01
5.666000000000000369e+01,3.729428947795400262e+01
5.668000000000000682e+01,3.730745371709200242e+01
5.670000000000000284e+01,3.732061795623000222e+01
5.672000000000000597e+01,3.733378219536800202e+01
5.674000000000000199e+01,3.734694643450600182e+01
5.676000000000000512e+01,3.736011067364400162e+01
5.678000000000000114e+01,3.737327491278200142e+01
5.680000000000000426e+01,3.738643915192000122e+01
5.682000000000000739e+01,3.739960339105800813e+01
5.684000000000000341e+01,3.741276763019600082e+01
5.686000000000000654e+01,3.742593186933400773e+01
5.688000000000000256e+01,3.743909610847200042e+01
5.690000000000000568e+01,3.745226034761000733e+01
5.692000000000000171e+01,3.746542458674800002e+01
5.694000000000000483e+01,3.747858882588600693e+01
5.696000000000000085e+01,3.749175306502399962e+01
5.698000000000000398e+01,3.750491730416199943e+01
5.700000000000000711e+01,3.751808154330000633e+01
5.702000000000000313e+01,3.753124578243799903e+01
5.704000000000000625e+01,3.754441002157600593e+01
5.706000000000000227e+01,3.755757426071399863e+01
5.708000000000000540e+01,3.757073849985200553e+01
5.710000000000000142e+01,3.758390273898999823e+01
5.712000000000000455e+01,3.759706697812800513e+01
5.714000000000000057e+01,3.761023121726599783e+01
5.716000000000000369e+01,3.762339545640400473e+01
5.718000000000000682e+01,3.763655969554200453e+01
5.720000000000000284e+01,3.764972393468000433e+01
5.722000000000000597e+01,3.766288817381800413e+01
5.724000000000000199e+01,3.767605241295600393e+01
5.726000000000000512e+01,3.768921665209400373e+01
5.728000000000000114e+01,3.770238089123200353e+01
5.730000000000000426e+01,3.771554513037000333e+01
5.732000000000000739e+01,3.772870936950800314e+01
5.734000000000000341e+01,3.774187360864600294e+01
5.736000000000000654e+01,3.775503784778400274e+01
5.738000000000000256e+01,3.776820208692200254e+01
5.740000000000000568e+01,3.778136632606000234e+01
5.742000000000000171e+01,3.779453056519800214e+01
5.744000000000000483e+01,3.780769480433600194e+01
5.746000000000000085e+01,3.782085904347400174e+01
5.748000000000000398e+01,3.783402328261200154e+01
5.750000000000000711e+01,3.784718752175000844e+01
5.752000000000000313e+01,3.786035176088800114e+01
5.754000000000000625e+01,3.787351600002600094e+01
5.756000000000000227e+01,3.788668023916400074e+01
5.758000000000000540e+01,3.789984447830200054e+01
5.760000000000000142e+01,3.791300871744000034e+01
5.762000000000000455e+01,3.792617295657800014e+01
5.764000000000000057e+01,3.793933719571599994e+01
5.766000000000000369e+01,3.795250143485399974e+01
5.768000000000000682e+01,3.796566567399200665e+01
5.770000000000000284e+01,3.797882991312999934e+01
5.772000000000000597e+01,3.799199415226800625e+01
5.774000000000000199e+01,3.800515839140599894e+01
5.776000000000000512e+01,3.801832263054400585e+01
5.778000000000000114e+01,3.803148686968199854e+01
5.780000000000000426e+01,3.804465110882000545e+01
5.782000000000000739e+01,3.805781534795800525e+01
5.784000000000000341e+01,3.807097958709600505e+01
5.786000000000000654e+01,3.808414382623400485e+01
5.788000000000000256e+01,3.809730806537200465e+01
5.790000000000000568e+01,3.811047230451000445e+01
5.792000000000000171e+01,3.812363654364800425e+01
5.794000000000000483e+01,3.813680078278600405e+01
5.796000000000000085e+01,3.814996502192400385e+01
5.798000000000000398e+01,3.816312926106200365e+01
5.800000000000000711e+01,3.817629350020000345e+01
5.802000000000000313e+01,3.818945773933800325e+01
5.804000000000000625e+01,3.820262197847600305e+01
5.806000000000000227e+01,3.821578621761400285e+01
5.808000000000000540e+01,3.822895045675200265e+01
5.810000000000000142e+01,3.824211469589000245e+01
5.812000000000000455e+01,3.825527893502800225e+01
5.814000000000000057e+01,3.826844317416600205e+01
5.816000000000000369e+01,3.828160741330400185e+01
5.818000000000000682e+01,3.829477165244200165e+01
5.820000000000000284e+01,3.830793589158000145e+01
5.822000000000000597e+01,3.832110013071800125e+01
5.824000000000000199e+01,3.833426436985600105e+01
5.826000000000000512e+01,3.834742860899400085e+01
5.828000000000000114e+01,3.836059284813200065e+01
5.830000000000000426e+01,3.837375708727000045e+01
5.832000000000000739e+01,3.838692132640800736e+01
5.834000000000000341e+01,3.840008556554600005e+01
5.836000000000000654e+01,3.841324980468400696e+01
5.838000000000000256e+01,3.842641404382199966e+01
5.840000000000000568e+01,3.843957828296000656e+01
5.842000000000000171e+01,3.845274252209799926e+01
5.844000000000000483e+01,3.846590676123600616e+01
5.846000000000000085e+01,3.847907100037399886e+01
5.848000000000000398e+01,3.849223523951200576e+01
5.850000000000000711e+01,3.850539947865000556e+01
5.852000000000000313e+01,3.851856371778800536e+01
5.854000000000000625e+01,3.853172795692600516e+01
5.856000000000000227e+01,3.854489219606400496e+01
5.858000000000000540e+01,3.855805643520200476e+01
5.860000000000000142e+01,3.857122067434000456e+01
5.862000000000000455e+01,3.858438491347800436e+01
5.864000000000000057e+01,3.859754915261600416e+01
5.866000000000000369e+01,3.861071339175400396e+01
5.868000000000000682e+01,3.862387763089200376e+01
5.870000000000000284e+01,3.863704187003000357e+01
5.872000000000000597e+01,3.865020610916800337e+01
5.874000000000000199e+01,3.866337034830600317e+01
5.876000000000000512e+01,3.867653458744400297e+01
5.878000000000000114e+01,3.868969882658200277e+01
5.880000000000000426e+01,3.870286306572000257e+01
5.882000000000000739e+01,3.871602730485800237e+01
5.884000000000000341e+01,3.872919154399600217e+01
5.886000000000000654e+01,3.874235578313400197e+01
5.888000000000000256e+01,3.875552002227200177e+01
5.890000000000000568e+01,3.876868426141000157e+01
5.892000000000000171e+01,3.878184850054800137e+01
5.894000000000000483e+01,3.879501273968600117e+01
5.896000000000000085e+01,3.880817697882400097e+01
5.898000000000000398e+01,3.882134121796200077e+01
5.900000000000000711e+01,3.883450545710000767e+01
5.902000000000000313e+01,3.884766969623800037e+01
5.904000000000000625e+01,3.886083393537600728e+01
5.906000000000000227e+01,3.887399817451399997e+01
5.908000000000000540e+01,3.888716241365200688e+01
5.910000000000000142e+01,3.890032665278999957e+01
5.912000000000000455e+01,3.891349089192800648e+01
5.914000000000000057e+01,3.892665513106599917e+01
5.916000000000000369e+01,3.893981937020400608e+01
5.918000000000000682e+01,3.895298360934200588e+01
5.920000000000000284e+01,3.896614784848000568e+01
5.922000000000000597e+01,3.897931208761800548e+01
5.924000000000000199e+01,3.899247632675599817e+01
5.926000000000000512e+01,3.900564056589400508e+01
5.928000000000000114e+01,3.901880480503199777e+01
5.930000000000000426e+01,3.903196904417000468e+01
5.932000000000000739e+01,3.904513328330800448e+01
5.934000000000000341e+01,3.905829752244600428e+01
5.936000000000000654e+01,3.907146176158400408e+01
5.938000000000000256e+01,3.908462600072200388e+01
5.940000000000000568e+01,3.909779023986000368e+01
5.942000000000000171e+01,3.911095447899800348e+01
5.944000000000000483e+01,3.912411871813600328e+01
5.946000000000000085e+01,3.913728295727400308e+01
5.948000000000000398e+01,3.915044719641200288e+01
5.950000000000000711e+01,3.916361143555000268e+01
5.952000000000000313e+01,3.917677567468800248e+01
5.954000000000000625e+01,3.918993991382600228e+01
5.956000000000000227e+01,3.920310415296400208e+01
5.958000000000000540e+01,3.921626839210200188e+01
5.960000000000000142e+01,3.922943263124000168e+01
5.962000000000000455e+01,3.924259687037800148e+01
5.964000000000000057e+01,3.925576110951600128e+01
5.966000000000000369e+01,3.926892534865400108e+01
5.968000000000000682e+01,3.928208958779200799e+01
5.970000000000000284e+01,3.929525382693000068e+01
5.972000000000000597e+01,3.930841806606800759e+01
5.974000000000000199e+01,3.932158230520600029e+01
5.976000000000000512e+01,3.933474654434400719e+01
5.978000000000000114e+01,3.934791078348199989e+01
5.980000000000000426e+01,3.936107502261999969e+01
5.982000000000000739e+01,3.937423926175800659e+01
5.984000000000000341e+01,3.938740350089599929e+01
5.986000000000000654e+01,3.940056774003400619e+01
5.988000000000000256e+01,3.941373197917199889e+01
5.990000000000000568e+01,3.942689621831000579e+01
5.992000000000000171e+01,3.944006045744799849e+01
5.994000000000000483e+01,3.945322469658600539e+01
5.996000000000000085e+01,3.946638893572399809e+01
5.998000000000000398e+01,3.947955317486200499e+01
6.000000000000000711e+01,3.949271741400000479e+01
6.002000000000000313e+01,3.950588165313800459e+01
6.004000000000000625e+01,3.951904589227600439e+01
6.006000000000000227e+01,3.953221013141400419e+01
6.008000000000000540e+01,3.954537437055200400e+01
6.010000000000000142e+01,3.955853860969000380e+01
6.012000000000000455e+01,3.957170284882800360e+01
6.014000000000000057e+01,3.958486708796600340e+01
6.016000000000000369e+01,3.959803132710400320e+01
6.018000000000000682e+01,3.961119556624200300e+01
6.020000000000000284e+01,3.962435980538000280e+01
6.022000000000000597e+01,3.963752404451800260e+01
6.024000000000000199e+01,3.965068828365600240e+01
6.026000000000000512e+01,3.966385252279400220e+01
6.028000000000000114e+01,3.967701676193200200e+01
6.030000000000000426e+01,3.969018100107000180e+01
6.032000000000000739e+01,3.970334524020800870e+01
6.034000000000000341e+01,3.971650947934600140e+01
6.036000000000000654e+01,3.972967371848400120e+01
6.038000000000000256e+01,3.974283795762200100e+01
6.040000000000000568e+01,3.975600219676000080e+01
6.042000000000000171e+01,3.976916643589800060e+01
6.044000000000000483e+01,3.978233067503600040e+01
6.046000000000000085e+01,3.979549491417400020e+01
6.048000000000000398e+01,3.980865915331200000e+01
6.050000000000000711e+01,3.982182339245000691e+01
6.052000000000000313e+01,3.983498763158799960e+01
6.054000000000000625e+01,3.984815187072600651e+01
6.056000000000000227e+01,3.986131610986399920e+01
6.058000000000000540e+01,3.987448034900200611e+01
6.060000000000000142e+01,3.988764458813999880e+01
6.062000000000000455e+01,3.990080882727800571e+01
6.064000000000000057e+01,3.991397306641599840e+01
6.066000000000000369e+01,3.992713730555400531e+01
6.068000000000000682e+01,3.994030154469200511e+01
6.070000000000000284e+01,3.995346578383000491e+01
6.072000000000000597e+01,3.996663002296800471e+01
6.074000000000000199e+01,3.997979426210600451e+01
6.076000000000000512e+01,3.999295850124400431e+01
6.078000000000000114e+01,4.000612274038200411e+01
6.080000000000000426e+01,4.001928697952000391e+01
6.082000000000000739e+01,4.003245121865800371e+01
6.084000000000000341e+01,4.004561545779600351e+01
6.086000000000000654e+01,4.005877969693400331e+01
6.088000000000000256e+01,4.007194393607200311e+01
6.090000000000000568e+01,4.008510817521000291e+01
6.092000000000000171e+01,4.009827241434800271e+01
6.094000000000000483e+01,4.011143665348600251e+01
6.096000000000000085e+01,4.012460089262400231e+01
6.098000000000000398e+01,4.013776513176200211e+01
6.100000000000000711e+01,4.015092937090000191e+01
6.102000000000000313e+01,4.016409361003800171e+01
6.104000000000000625e+01,4.017725784917600151e+01
6.106000000000000227e+01,4.019042208831400131e+01
6.108000000000000540e+01,4.020358632745200111e+01
6.110000000000000142e+01,4.021675056659000091e+01
6.112000000000000455e+01,4.022991480572800072e+01
6.114000000000000057e+01,4.024307904486600052e+01
6.116000000000000369e+01,4.025624328400400032e+01
6.118000000000000682e+01,4.026940752314200722e+01
6.120000000000000284e+01,4.028257176227999992e+01
6.122000000000000597e+01,4.029573600141800682e+01
6.124000000000000199e+01,4.030890024055599952e+01
6.126000000000000512e+01,4.032206447969400642e+01
6.128000000000000114e+01,4.033522871883199912e+01
6.130000000000000426e+01,4.034839295797000602e+01
6.132000000000000739e+01,4.036155719710800582e+01
6.134000000000000341e+01,4.037472143624600562e+01
6.136000000000000654e+01,4.038788567538400542e+01
6.138000000000000256e+01,4.040104991452200522e+01
6.140000000000000568e+01,4.041421415366000502e+01
6.142000000000000171e+01,4.042737839279800482e+01
6.144000000000000483e+01,4.044054263193600463e+01
6.146000000000000085e+01,4.045370687107400443e+01
6.148000000000000398e+01,4.046687111021200423e+01
6.150000000000000711e+01,4.048003534935000403e+01
6.152000000000000313e+01,4.049319958848800383e+01
6.154000000000000625e+01,4.050636382762600363e+01
6.156000000000000227e+01,4.051952806676400343e+01
6.158000000000000540e+01,4.053269230590200323e+01
6.160000000000000142e+01,4.054585654504000303e+01
6.162000000000000455e+01,4.055902078417800283e+01
6.164000000000000057e+01,4.057218502331600263e+01
6.166000000000000369e+01,4.058534926245400243e+01
6.168000000000000682e+01,4.059851350159200223e+01
6.170000000000000284e+01,4.061167774073000203e+01
6.172000000000000597e+01,4.062484197986800183e+01
6.174000000000000199e+01,4.063800621900600163e+01
6.176000000000000512e+01,4.065117045814400143e+01
6.178000000000000114e+01,4.066433469728200123e+01
6.180000000000000426e+01,4.067749893642000103e+01
6.182000000000000739e+01,4.069066317555800794e+01
6.184000000000000341e+01,4.070382741469600063e+01
6.186000000000000654e+01,4.071699165383400754e+01
6.188000000000000256e+01,4.073015589297200023e+01
6.190000000000000568e+01,4.074332013211000714e+01
6.192000000000000171e+01,4.075648437124799983e+01
6.194000000000000483e+01,4.076964861038600674e+01
6.196000000000000085e+01,4.078281284952399943e+01
6.198000000000000398e+01,4.079597708866200634e+01
6.200000000000000711e+01,4.080914132780000614e+01
6.202000000000000313e+01,4.082230556693800594e+01
6.204000000000000625e+01,4.083546980607600574e+01
6.206000000000000227e+01,4.084863404521399843e+01
6.208000000000000540e+01,4.086179828435200534e+01
6.210000000000000142e+01,4.087496252348999803e+01
6.212000000000000455e+01,4.088812676262800494e+01
6.214000000000000057e+01,4.090129100176599763e+01
6.216000000000000369e+01,4.091445524090400454e+01
6.218000000000000682e+01,4.092761948004200434e+01
6.220000000000000284e+01,4.094078371918000414e+01
6.222000000000000597e+01,4.095394795831800394e+01
6.224000000000000199e+01,4.096711219745600374e+01
6.226000000000000512e+01,4.098027643659400354e+01
6.228000000000000114e+01,4.099344067573200334e+01
6.230000000000000426e+01,4.100660491487000314e+01
6.232000000000000739e+01,4.101976915400800294e+01
6.234000000000000341e+01,4.103293339314600274e+01
6.236000000000000654e+01,4.104609763228400254e+01
6.238000000000000256e+01,4.105926187142200234e+01
6.240000000000000568e+01,4.107242611056000214e+01
6.242000000000000171e+01,4.108559034969800194e+01
6.244000000000000483e+01,4.109875458883600174e+01
6.246000000000000085e+01,4.111191882797400154e+01
6.248000000000000398e+01,4.112508306711200134e+01
6.250000000000000711e+01,4.113824730625000825e+01
6.252000000000000313e+01,4.115141154538800095e+01
6.254000000000000625e+01,4.116457578452600785e+01
6.256000000000000227e+01,4.117774002366400055e+01
6.258000000000000540e+01,4.119090426280200745e+01
6.260000000000000142e+01,4.120406850194000015e+01
6.262000000000000455e+01,4.121723274107799995e+01
6.264000000000000057e+01,4.123039698021599975e+01
6.266000000000000369e+01,4.124356121935399955e+01
6.268000000000000682e+01,4.125672545849200645e+01
6.270000000000000284e+01,4.126988969762999915e+01
6.272000000000000597e+01,4.128305393676800605e+01
6.274000000000000199e+01,4.129621817590599875e+01
6.276000000000000512e+01,4.130938241504400565e+01
6.278000000000000114e+01,4.132254665418199835e+01
6.280000000000000426e+01,4.133571089332000525e+01
6.282000000000000739e+01,4.134887513245800506e+01
6.284000000000000341e+01,4.136203937159600486e+01
6.286000000000000654e+01,4.137520361073400466e+01
6.288000000000000256e+01,4.138836784987200446e+01
6.290000000000000568e+01,4.140153208901000426e+01
6.292000000000000171e+01,4.141469632814800406e+01
6.294000000000000483e+01,4.142786056728600386e+01
6.296000000000000085e+01,4.144102480642400366e+01
6.298000000000000398e+01,4.145418904556200346e+01
6.300000000000000711e+01,4.146735328470000326e+01
6.302000000000000313e+01,4.148051752383800306e+01
6.304000000000000625e+01,4.149368176297600286e+01
6.306000000000000227e+01,4.150684600211400266e+01
6.308000000000000540e+01,4.152001024125200246e+01
6.310000000000000142e+01,4.153317448039000226e+01
6.312000000000000455e+01,4.154633871952800206e+01
6.314000000000000057e+01,4.155950295866600186e+01
6.316000000000000369e+01,4.157266719780400166e+01
6.318000000000000682e+01,4.158583143694200146e+01
6.320000000000000284e+01,4.159899567608000126e+01
6.322000000000000597e+01,4.161215991521800106e+01
6.324000000000000199e+01,4.162532415435600086e+01
6.326000000000000512e+01,4.163848839349400066e+01
6.328000000000000114e+01,4.165165263263200046e+01
6.330000000000000426e+01,4.166481687177000026e+01
6.332000000000000739e+01,4.167798111090800717e+01
6.334000000000000341e+01,4.169114535004599986e+01
6.336000000000000654e+01,4.170430958918400677e+01
6.338000000000000256e+01,4.171747382832199946e+01
6.340000000000000568e+01,4.173063806746000637e+01
6.342000000000000171e+01,4.174380230659799906e+01
6.344000000000000483e+01,4.175696654573600597e+01
6.346000000000000085e+01,4.177013078487399866e+01
6.348000000000000398e+01,4.178329502401200557e+01
6.350000000000000711e+01,4.179645926315000537e+01
6.352000000000000313e+01,4.180962350228800517e+01
6.354000000000000625e+01,4.182278774142600497e+01
6.356000000000000227e+01,4.183595198056400477e+01
6.358000000000000540e+01,4.184911621970200457e+01
6.360000000000000142e+01,4.186228045884000437e+01
6.362000000000000455e+01,4.187544469797800417e+01
6.364000000000000057e+01,4.188860893711600397e+01
6.366000000000000369e+01,4.190177317625400377e+01
6.368000000000000682e+01,4.191493741539200357e+01
6.370000000000000284e+01,4.192810165453000337e+01
6.372000000000000597e+01,4.194126589366800317e+01
6.374000000000000199e+01,4.195443013280600297e+01
6.376000000000000512e+01,4.196759437194400277e+01
6.378000000000000114e+01,4.198075861108200257e+01
6.380000000000000426e+01,4.199392285022000237e+01
6.382000000000000739e+01,4.200708708935800217e+01
6.384000000000000341e+01,4.202025132849600197e+01
6.386000000000000654e+01,4.203341556763400177e+01
6.388000000000000256e+01,4.204657980677200158e+01
6.390000000000000568e+01,4.205974404591000138e+01
6.392000000000000171e+01,4.207290828504800118e+01
6.394000000000000483e+01,4.208607252418600098e+01
6.396000000000000085e+01,4.209923676332400078e+01
6.398000000000000398e+01,4.211240100246200058e+01
6.400000000000000000e+01,4.212556524160000038e+01
6.402000000000001023e+01,4.213872948073800728e+01
6.404000000000000625e+01,4.215189371987600708e+01
6.406000000000000227e+01,4.216505795901399978e+01
6.407999999999999829e+01,4.217822219815199958e+01
6.410000000000000853e+01,4.219138643729000648e+01
6.412000000000000455e+01,4.220455067642800628e+01
6.414000000000000057e+01,4.221771491556599898e+01
6.416000000000001080e+01,4.223087915470400588e+01
6.418000000000000682e+01,4.224404339384200568e+01
6.420000000000000284e+01,4.225720763298000549e+01
6.421999999999999886e+01,4.227037187211799818e+01
6.424000000000000909e+01,4.228353611125600509e+01
6.426000000000000512e+01,4.229670035039400489e+01
6.428000000000000114e+01,4.230986458953199758e+01
6.429999999999999716e+01,4.232302882866999738e+01
6.432000000000000739e+01,4.233619306780800429e+01
6.434000000000000341e+01,4.234935730694600409e+01
6.435999999999999943e+01,4.236252154608399678e+01
6.438000000000000966e+01,4.237568578522200369e+01
6.440000000000000568e+01,4.238885002436000349e+01
6.442000000000000171e+01,4.240201426349800329e+01
6.443999999999999773e+01,4.241517850263599598e+01
6.446000000000000796e+01,4.242834274177400289e+01
6.448000000000000398e+01,4.244150698091200269e+01
6.450000000000000000e+01,4.245467122005000249e+01
6.452000000000001023e+01,4.246783545918800939e+01
6.454000000000000625e+01,4.248099969832600209e+01
6.456000000000000227e+01,4.249416393746400189e+01
6.457999999999999829e+01,4.250732817660200169e+01
6.460000000000000853e+01,4.252049241574000860e+01
6.462000000000000455e+01,4.253365665487800129e+01
6.464000000000000057e+01,4.254682089401600109e+01
6.466000000000001080e+01,4.255998513315400800e+01
6.468000000000000682e+01,4.257314937229200780e+01
6.470000000000000284e+01,4.258631361143000049e+01
6.471999999999999886e+01,4.259947785056800029e+01
6.474000000000000909e+01,4.261264208970600720e+01
6.476000000000000512e+01,4.262580632884400700e+01
6.478000000000000114e+01,4.263897056798199969e+01
6.479999999999999716e+01,4.265213480711999949e+01
6.482000000000000739e+01,4.266529904625800640e+01
6.484000000000000341e+01,4.267846328539599909e+01
6.485999999999999943e+01,4.269162752453399889e+01
6.488000000000000966e+01,4.270479176367200580e+01
6.490000000000000568e+01,4.271795600281000560e+01
6.492000000000000171e+01,4.273112024194799830e+01
6.493999999999999773e+01,4.274428448108599810e+01
6.496000000000000796e+01,4.275744872022400500e+01
6.498000000000000398e+01,4.277061295936200480e+01
6.500000000000000000e+01,4.278377719849999750e+01
6.502000000000001023e+01,4.279694143763800440e+01
6.504000000000000625e+01,4.281010567677600420e+01
6.506000000000000227e+01,4.282326991591400400e+01
6.507999999999999829e+01,4.283643415505199670e+01
6.510000000000000853e+01,4.284959839419000360e+01
6.512000000000000455e+01,4.286276263332800340e+01
6.514000000000000057e+01,4.287592687246600320e+01
6.516000000000001080e+01,4.288909111160401011e+01
6.518000000000000682e+01,4.290225535074200280e+01
6.520000000000000284e+01,4.291541958988000260e+01
6.521999999999999886e+01,4.292858382901800240e+01
6.524000000000000909e+01,4.294174806815600931e+01
6.526000000000000512e+01,4.295491230729400201e+01
6.528000000000000114e+01,4.296807654643200181e+01
6.529999999999999716e+01,4.298124078557000161e+01
6.532000000000000739e+01,4.299440502470800851e+01
6.534000000000000341e+01,4.300756926384600121e+01
6.535999999999999943e+01,4.302073350298400101e+01
6.538000000000000966e+01,4.303389774212200791e+01
6.540000000000000568e+01,4.304706198126000061e+01
6.542000000000000171e+01,4.306022622039800041e+01
6.543999999999999773e+01,4.307339045953600021e+01
6.546000000000000796e+01,4.308655469867400711e+01
6.548000000000000398e+01,4.309971893781199981e+01
6.550000000000000000e+01,4.311288317694999961e+01
6.552000000000001023e+01,4.312604741608800651e+01
6.554000000000000625e+01,4.313921165522600631e+01
6.556000000000000227e+01,4.315237589436399901e+01
6.557999999999999829e+01,4.316554013350199881e+01
6.560000000000000853e+01,4.317870437264000572e+01
6.562000000000000455e+01,4.319186861177800552e+01
6.564000000000000057e+01,4.320503285091599821e+01
6.566000000000001080e+01,4.321819709005400512e+01
6.568000000000000682e+01,4.323136132919200492e+01
6.570000000000000284e+01,4.324452556833000472e+01
6.571999999999999886e+01,4.325768980746799741e+01
6.574000000000000909e+01,4.327085404660600432e+01
6.576000000000000512e+01,4.328401828574400412e+01
6.578000000000000114e+01,4.329718252488200392e+01
6.579999999999999716e+01,4.331034676401999661e+01
6.582000000000000739e+01,4.332351100315800352e+01
6.584000000000000341e+01,4.333667524229600332e+01
6.585999999999999943e+01,4.334983948143400312e+01
6.588000000000000966e+01,4.336300372057201002e+01
6.590000000000000568e+01,4.337616795971000272e+01
6.592000000000000171e+01,4.338933219884800252e+01
6.593999999999999773e+01,4.340249643798600232e+01
6.596000000000000796e+01,4.341566067712400212e+01
6.598000000000000398e+01,4.342882491626200192e+01
6.600000000000000000e+01,4.344198915540000172e+01
6.602000000000001023e+01,4.345515339453800863e+01
6.604000000000000625e+01,4.346831763367600132e+01
6.606000000000000227e+01,4.348148187281400112e+01
6.607999999999999829e+01,4.349464611195200092e+01
6.610000000000000853e+01,4.350781035109000783e+01
6.612000000000000455e+01,4.352097459022800052e+01
6.614000000000000057e+01,4.353413882936600032e+01
6.616000000000001080e+01,4.354730306850400723e+01
6.618000000000000682e+01,4.356046730764200703e+01
6.620000000000000284e+01,4.357363154677999972e+01
6.621999999999999886e+01,4.358679578591799952e+01
6.624000000000000909e+01,4.359996002505600643e+01
6.626000000000000512e+01,4.361312426419400623e+01
6.628000000000000114e+01,4.362628850333199892e+01
6.629999999999999716e+01,4.363945274246999873e+01
6.632000000000000739e+01,4.365261698160800563e+01
6.634000000000000341e+01,4.366578122074600543e+01
6.635999999999999943e+01,4.367894545988399813e+01
6.638000000000000966e+01,4.369210969902200503e+01
6.640000000000000568e+01,4.370527393816000483e+01
6.642000000000000171e+01,4.371843817729800463e+01
6.643999999999999773e+01,4.373160241643599733e+01
6.646000000000000796e+01,4.374476665557400423e+01
6.648000000000000398e+01,4.375793089471200403e+01
6.650000000000000000e+01,4.377109513385000383e+01
6.652000000000001023e+01,4.378425937298800363e+01
6.654000000000000625e+01,4.379742361212600343e+01
6.656000000000000227e+01,4.381058785126400323e+01
6.657999999999999829e+01,4.382375209040199593e+01
6.660000000000000853e+01,4.383691632954000283e+01
6.662000000000000455e+01,4.385008056867800263e+01
6.664000000000000057e+01,4.386324480781600244e+01
6.666000000000001080e+01,4.387640904695400934e+01
6.668000000000000682e+01,4.388957328609200204e+01
6.670000000000000284e+01,4.390273752523000184e+01
6.671999999999999886e+01,4.391590176436800164e+01
6.674000000000000909e+01,4.392906600350600854e+01
6.676000000000000512e+01,4.394223024264400124e+01
6.678000000000000114e+01,4.395539448178200104e+01
6.679999999999999716e+01,4.396855872092000084e+01
6.682000000000000739e+01,4.398172296005800774e+01
6.684000000000000341e+01,4.399488719919600044e+01
6.685999999999999943e+01,4.400805143833400024e+01
6.688000000000000966e+01,4.402121567747200714e+01
6.690000000000000568e+01,4.403437991661000694e+01
6.692000000000000171e+01,4.404754415574799964e+01
6.693999999999999773e+01,4.406070839488599944e+01
6.696000000000000796e+01,4.407387263402400635e+01
6.698000000000000398e+01,4.408703687316200615e+01
6.700000000000000000e+01,4.410020111229999884e+01
6.702000000000001023e+01,4.411336535143800575e+01
6.704000000000000625e+01,4.412652959057600555e+01
6.706000000000000227e+01,4.413969382971400535e+01
6.707999999999999829e+01,4.415285806885199804e+01
6.710000000000000853e+01,4.416602230799000495e+01
6.712000000000000455e+01,4.417918654712800475e+01
6.714000000000000057e+01,4.419235078626599744e+01
6.716000000000001080e+01,4.420551502540400435e+01
6.718000000000000682e+01,4.421867926454200415e+01
6.720000000000000284e+01,4.423184350368000395e+01
6.721999999999999886e+01,4.424500774281799664e+01
6.724000000000000909e+01,4.425817198195600355e+01
6.726000000000000512e+01,4.427133622109400335e+01
6.728000000000000114e+01,4.428450046023200315e+01
6.729999999999999716e+01,4.429766469936999584e+01
6.732000000000000739e+01,4.431082893850800275e+01
6.734000000000000341e+01,4.432399317764600255e+01
6.735999999999999943e+01,4.433715741678400235e+01
6.738000000000000966e+01,4.435032165592200926e+01
6.740000000000000568e+01,4.436348589506000195e+01
6.742000000000000171e+01,4.437665013419800175e+01
6.743999999999999773e+01,4.438981437333600155e+01
6.746000000000000796e+01,4.440297861247400846e+01
6.748000000000000398e+01,4.441614285161200115e+01
6.750000000000000000e+01,4.442930709075000095e+01
6.752000000000001023e+01,4.444247132988800786e+01
6.754000000000000625e+01,4.445563556902600766e+01
6.756000000000000227e+01,4.446879980816400035e+01
6.757999999999999829e+01,4.448196404730200015e+01
6.760000000000000853e+01,4.449512828644000706e+01
6.762000000000000455e+01,4.450829252557800686e+01
6.764000000000000057e+01,4.452145676471599955e+01
6.766000000000001080e+01,4.453462100385400646e+01
6.768000000000000682e+01,4.454778524299200626e+01
6.770000000000000284e+01,4.456094948212999896e+01
6.771999999999999886e+01,4.457411372126799876e+01
6.774000000000000909e+01,4.458727796040600566e+01
6.776000000000000512e+01,4.460044219954400546e+01
6.778000000000000114e+01,4.461360643868199816e+01
6.779999999999999716e+01,4.462677067781999796e+01
6.782000000000000739e+01,4.463993491695800486e+01
6.784000000000000341e+01,4.465309915609600466e+01
6.785999999999999943e+01,4.466626339523399736e+01
6.788000000000000966e+01,4.467942763437200426e+01
6.790000000000000568e+01,4.469259187351000406e+01
6.792000000000000171e+01,4.470575611264800386e+01
6.793999999999999773e+01,4.471892035178599656e+01
6.796000000000000796e+01,4.473208459092400346e+01
6.798000000000000398e+01,4.474524883006200326e+01
6.800000000000000000e+01,4.475841306920000306e+01
6.802000000000001023e+01,4.477157730833800997e+01
6.804000000000000625e+01,4.478474154747600267e+01
6.806000000000000227e+01,4.479790578661400247e+01
6.807999999999999829e+01,4.481107002575200227e+01
6.810000000000000853e+01,4.482423426489000917e+01
6.812000000000000455e+01,4.483739850402800187e+01
6.814000000000000057e+01,4.485056274316600167e+01
6.816000000000001080e+01,4.486372698230400857e+01
6.818000000000000682e+01,4.487689122144200837e+01
6.820000000000000284e+01,4.489005546058000107e+01
6.821999999999999886e+01,4.490321969971800087e+01
6.824000000000000909e+01,4.491638393885600777e+01
6.826000000000000512e+01,4.492954817799400047e+01
6.828000000000000114e+01,4.494271241713200027e+01
6.829999999999999716e+01,4.495587665627000007e+01
6.832000000000000739e+01,4.496904089540800697e+01
6.834000000000000341e+01,4.498220513454599967e+01
6.835999999999999943e+01,4.499536937368399947e+01
6.838000000000000966e+01,4.500853361282200638e+01
6.840000000000000568e+01,4.502169785196000618e+01
6.842000000000000171e+01,4.503486209109799887e+01
6.843999999999999773e+01,4.504802633023599867e+01
6.846000000000000796e+01,4.506119056937400558e+01
6.848000000000000398e+01,4.507435480851200538e+01
6.850000000000000000e+01,4.508751904764999807e+01
6.852000000000001023e+01,4.510068328678800498e+01
6.854000000000000625e+01,4.511384752592600478e+01
6.856000000000000227e+01,4.512701176506400458e+01
6.857999999999999829e+01,4.514017600420199727e+01
6.860000000000000853e+01,4.515334024334000418e+01
6.862000000000000455e+01,4.516650448247800398e+01
6.864000000000000057e+01,4.517966872161600378e+01
6.866000000000001080e+01,4.519283296075401068e+01
6.868000000000000682e+01,4.520599719989200338e+01
6.870000000000000284e+01,4.521916143903000318e+01
6.871999999999999886e+01,4.523232567816800298e+01
6.874000000000000909e+01,4.524548991730600989e+01
6.876000000000000512e+01,4.525865415644400258e+01
6.878000000000000114e+01,4.527181839558200238e+01
6.879999999999999716e+01,4.528498263471999508e+01
6.882000000000000739e+01,4.529814687385800198e+01
6.884000000000000341e+01,4.531131111299600178e+01
6.885999999999999943e+01,4.532447535213400158e+01
6.888000000000000966e+01,4.533763959127200849e+01
6.890000000000000568e+01,4.535080383041000118e+01
6.892000000000000171e+01,4.536396806954800098e+01
6.893999999999999773e+01,4.537713230868600078e+01
6.896000000000000796e+01,4.539029654782400769e+01
6.898000000000000398e+01,4.540346078696200038e+01
6.900000000000000000e+01,4.541662502610000018e+01
6.902000000000001023e+01,4.542978926523800709e+01
6.904000000000000625e+01,4.544295350437600689e+01
6.906000000000000227e+01,4.545611774351399959e+01
6.907999999999999829e+01,4.546928198265199939e+01
6.910000000000000853e+01,4.548244622179000629e+01
6.912000000000000455e+01,4.549561046092800609e+01
6.914000000000000057e+01,4.550877470006599879e+01
6.916000000000001080e+01,4.552193893920400569e+01
6.918000000000000682e+01,4.553510317834200549e+01
6.920000000000000284e+01,4.554826741748000529e+01
6.921999999999999886e+01,4.556143165661799799e+01
6.924000000000000909e+01,4.557459589575600489e+01
6.926000000000000512e+01,4.558776013489400469e+01
6.928000000000000114e+01,4.560092437403200449e+01
6.929999999999999716e+01,4.561408861316999719e+01
6.932000000000000739e+01,4.562725285230800409e+01
6.934000000000000341e+01,4.564041709144600389e+01
6.935999999999999943e+01,4.565358133058399659e+01
6.938000000000000966e+01,4.566674556972200349e+01
6.940000000000000568e+01,4.567990980886000330e+01
6.942000000000000171e+01,4.569307404799800310e+01
6.943999999999999773e+01,4.570623828713599579e+01
6.946000000000000796e+01,4.571940252627400270e+01
6.948000000000000398e+01,4.573256676541200250e+01
6.950000000000000000e+01,4.574573100455000230e+01
6.952000000000001023e+01,4.575889524368800920e+01
6.954000000000000625e+01,4.577205948282600190e+01
6.956000000000000227e+01,4.578522372196400170e+01
6.957999999999999829e+01,4.579838796110200150e+01
6.960000000000000853e+01,4.581155220024000840e+01
6.962000000000000455e+01,4.582471643937800110e+01
6.964000000000000057e+01,4.583788067851600090e+01
6.966000000000001080e+01,4.585104491765400780e+01
6.968000000000000682e+01,4.586420915679200760e+01
6.970000000000000284e+01,4.587737339593000030e+01
6.971999999999999886e+01,4.589053763506800010e+01
6.974000000000000909e+01,4.590370187420600701e+01
6.976000000000000512e+01,4.591686611334400681e+01
6.978000000000000114e+01,4.593003035248199950e+01
6.979999999999999716e+01,4.594319459161999930e+01
6.982000000000000739e+01,4.595635883075800621e+01
6.984000000000000341e+01,4.596952306989600601e+01
6.985999999999999943e+01,4.598268730903399870e+01
6.988000000000000966e+01,4.599585154817200561e+01
6.990000000000000568e+01,4.600901578731000541e+01
6.992000000000000171e+01,4.602218002644799810e+01
6.993999999999999773e+01,4.603534426558599790e+01
6.996000000000000796e+01,4.604850850472400481e+01
6.998000000000000398e+01,4.606167274386200461e+01
7.000000000000000000e+01,4.607483698299999730e+01
7.002000000000001023e+01,4.608800122213800421e+01
7.004000000000000625e+01,4.610116546127600401e+01
7.006000000000000227e+01,4.611432970041400381e+01
7.007999999999999829e+01,4.612749393955199650e+01
7.010000000000000853e+01,4.614065817869000341e+01
7.012000000000000455e+01,4.615382241782800321e+01
7.014000000000000057e+01,4.616698665696600301e+01
7.016000000000001080e+01,4.618015089610400992e+01
7.018000000000000682e+01,4.619331513524200261e+01
7.020000000000000284e+01,4.620647937438000241e+01
7.021999999999999886e+01,4.621964361351800221e+01
7.024000000000000909e+01,4.623280785265600912e+01
7.026000000000000512e+01,4.624597209179400181e+01
7.028000000000000114e+01,4.625913633093200161e+01
7.029999999999999716e+01,4.627230057007000141e+01
7.032000000000000739e+01,4.628546480920800832e+01
7.034000000000000341e+01,4.629862904834600101e+01
7.035999999999999943e+01,4.631179328748400081e+01
7.038000000000000966e+01,4.632495752662200772e+01
7.040000000000000568e+01,4.633812176576000752e+01
7.042000000000000171e+01,4.635128600489800021e+01
7.043999999999999773e+01,4.636445024403600002e+01
7.046000000000000796e+01,4.637761448317400692e+01
7.048000000000000398e+01,4.639077872231199962e+01
7.050000000000000000e+01,4.640394296144999942e+01
7.052000000000001023e+01,4.641710720058800632e+01
7.054000000000000625e+01,4.643027143972600612e+01
7.056000000000000227e+01,4.644343567886399882e+01
7.057999999999999829e+01,4.645659991800199862e+01
7.060000000000000853e+01,4.646976415714000552e+01
7.062000000000000455e+01,4.648292839627800532e+01
7.064000000000000057e+01,4.649609263541599802e+01
7.066000000000001080e+01,4.650925687455400492e+01
7.068000000000000682e+01,4.652242111369200472e+01
7.070000000000000284e+01,4.653558535283000452e+01
7.071999999999999886e+01,4.654874959196799722e+01
7.074000000000000909e+01,4.656191383110600412e+01
7.076000000000000512e+01,4.657507807024400392e+01
7.078000000000000114e+01,4.658824230938200373e+01
7.079999999999999716e+01,4.660140654851999642e+01
7.082000000000000739e+01,4.661457078765800333e+01
7.084000000000000341e+01,4.662773502679600313e+01
7.085999999999999943e+01,4.664089926593400293e+01
7.088000000000000966e+01,4.665406350507200983e+01
7.090000000000000568e+01,4.666722774421000253e+01
7.092000000000000171e+01,4.668039198334800233e+01
7.093999999999999773e+01,4.669355622248600213e+01
7.096000000000000796e+01,4.670672046162400903e+01
7.098000000000000398e+01,4.671988470076200173e+01
7.100000000000000000e+01,4.673304893990000153e+01
7.102000000000001023e+01,4.674621317903800843e+01
7.104000000000000625e+01,4.675937741817600113e+01
7.106000000000000227e+01,4.677254165731400093e+01
7.107999999999999829e+01,4.678570589645200073e+01
7.110000000000000853e+01,4.679887013559000764e+01
7.112000000000000455e+01,4.681203437472800033e+01
7.114000000000000057e+01,4.682519861386600013e+01
7.116000000000001080e+01,4.683836285300400704e+01
7.118000000000000682e+01,4.685152709214200684e+01
7.120000000000000284e+01,4.686469133127999953e+01
7.121999999999999886e+01,4.687785557041799933e+01
7.124000000000000909e+01,4.689101980955600624e+01
7.126000000000000512e+01,4.690418404869400604e+01
7.128000000000000114e+01,4.691734828783199873e+01
7.129999999999999716e+01,4.693051252696999853e+01
7.132000000000000739e+01,4.694367676610800544e+01
7.134000000000000341e+01,4.695684100524600524e+01
7.135999999999999943e+01,4.697000524438399793e+01
7.138000000000000966e+01,4.698316948352200484e+01
7.140000000000000568e+01,4.699633372266000464e+01
7.142000000000000171e+01,4.700949796179800444e+01
7.143999999999999773e+01,4.702266220093599713e+01
7.146000000000000796e+01,4.703582644007400404e+01
7.148000000000000398e+01,4.704899067921200384e+01
7.150000000000000000e+01,4.706215491835000364e+01
7.152000000000001023e+01,4.707531915748801055e+01
7.154000000000000625e+01,4.708848339662600324e+01
7.156000000000000227e+01,4.710164763576400304e+01
7.157999999999999829e+01,4.711481187490200284e+01
7.160000000000000853e+01,4.712797611404000264e+01
7.162000000000000455e+01,4.714114035317800244e+01
7.164000000000000057e+01,4.715430459231600224e+01
7.166000000000001080e+01,4.716746883145400915e+01
7.168000000000000682e+01,4.718063307059200184e+01
7.170000000000000284e+01,4.719379730973000164e+01
7.171999999999999886e+01,4.720696154886800144e+01
7.174000000000000909e+01,4.722012578800600835e+01
7.176000000000000512e+01,4.723329002714400104e+01
7.178000000000000114e+01,4.724645426628200084e+01
7.179999999999999716e+01,4.725961850542000064e+01
7.182000000000000739e+01,4.727278274455800755e+01
7.184000000000000341e+01,4.728594698369600025e+01
7.185999999999999943e+01,4.729911122283400005e+01
7.188000000000000966e+01,4.731227546197200695e+01
7.190000000000000568e+01,4.732543970111000675e+01
7.192000000000000171e+01,4.733860394024799945e+01
7.193999999999999773e+01,4.735176817938599925e+01
7.196000000000000796e+01,4.736493241852400615e+01
7.198000000000000398e+01,4.737809665766200595e+01
7.200000000000000000e+01,4.739126089679999865e+01
7.202000000000001023e+01,4.740442513593800555e+01
7.204000000000000625e+01,4.741758937507600535e+01
7.206000000000000227e+01,4.743075361421400515e+01
7.207999999999999829e+01,4.744391785335199785e+01
7.210000000000000853e+01,4.745708209249000475e+01
7.212000000000000455e+01,4.747024633162800455e+01
7.214000000000000057e+01,4.748341057076599725e+01
7.216000000000001080e+01,4.749657480990400416e+01
7.218000000000000682e+01,4.750973904904200396e+01
7.220000000000000284e+01,4.752290328818000376e+01
7.221999999999999886e+01,4.753606752731799645e+01
7.224000000000000909e+01,4.754923176645600336e+01
7.226000000000000512e+01,4.756239600559400316e+01
7.228000000000000114e+01,4.757556024473200296e+01
7.229999999999999716e+01,4.758872448386999565e+01
7.232000000000000739e+01,4.760188872300800256e+01
7.234000000000000341e+01,4.761505296214600236e+01
7.235999999999999943e+01,4.762821720128400216e+01
7.238000000000000966e+01,4.764138144042200906e+01
7.240000000000000568e+01,4.765454567956000176e+01
7.242000000000000171e+01,4.766770991869800156e+01
7.243999999999999773e+01,4.768087415783600136e+01
7.246000000000000796e+01,4.769403839697400826e+01
7.248000000000000398e+01,4.770720263611200096e+01
7.250000000000000000e+01,4.772036687525000076e+01
7.252000000000001023e+01,4.773353111438800767e+01
7.254000000000000625e+01,4.774669535352600747e+01
7.256000000000000227e+01,4.775985959266400016e+01
7.257999999999999829e+01,4.777302383180199996e+01
7.260000000000000853e+01,4.778618807094000687e+01
7.262000000000000455e+01,4.779935231007800667e+01
7.264000000000000057e+01,4.781251654921599936e+01
7.266000000000001080e+01,4.782568078835400627e+01
7.268000000000000682e+01,4.783884502749200607e+01
7.270000000000000284e+01,4.785200926662999876e+01
7.271999999999999886e+01,4.786517350576799856e+01
7.274000000000000909e+01,4.787833774490600547e+01
7.276000000000000512e+01,4.789150198404400527e+01
7.278000000000000114e+01,4.790466622318199796e+01
7.279999999999999716e+01,4.791783046231999776e+01
7.282000000000000739e+01,4.793099470145800467e+01
7.284000000000000341e+01,4.794415894059600447e+01
7.285999999999999943e+01,4.795732317973399716e+01
7.288000000000000966e+01,4.797048741887200407e+01
7.290000000000000568e+01,4.798365165801000387e+01
7.292000000000000171e+01,4.799681589714800367e+01
7.293999999999999773e+01,4.800998013628599637e+01
7.296000000000000796e+01,4.802314437542400327e+01
7.298000000000000398e+01,4.803630861456200307e+01
7.300000000000000000e+01,4.804947285370000287e+01
7.302000000000001023e+01,4.806263709283800978e+01
7.304000000000000625e+01,4.807580133197600247e+01
7.306000000000000227e+01,4.808896557111400227e+01
7.307999999999999829e+01,4.810212981025200207e+01
7.310000000000000853e+01,4.811529404939000898e+01
7.312000000000000455e+01,4.812845828852800167e+01
7.314000000000000057e+01,4.814162252766600147e+01
7.316000000000001080e+01,4.815478676680400838e+01
7.318000000000000682e+01,4.816795100594200818e+01
7.320000000000000284e+01,4.818111524508000088e+01
7.321999999999999886e+01,4.819427948421800068e+01
7.324000000000000909e+01,4.820744372335600758e+01
7.326000000000000512e+01,4.822060796249400028e+01
7.328000000000000114e+01,4.823377220163200008e+01
7.329999999999999716e+01,4.824693644076999988e+01
7.332000000000000739e+01,4.826010067990800678e+01
7.334000000000000341e+01,4.827326491904599948e+01
7.335999999999999943e+01,4.828642915818399928e+01
7.338000000000000966e+01,4.829959339732200618e+01
7.340000000000000568e+01,4.831275763646000598e+01
7.342000000000000171e+01,4.832592187559799868e+01
7.343999999999999773e+01,4.833908611473599848e+01
7.346000000000000796e+01,4.835225035387400538e+01
7.348000000000000398e+01,4.836541459301200518e+01
7.350000000000000000e+01,4.837857883214999788e+01
7.352000000000001023e+01,4.839174307128800478e+01
7.354000000000000625e+01,4.840490731042600459e+01
7.356000000000000227e+01,4.841807154956400439e+01
7.357999999999999829e+01,4.843123578870199708e+01
7.360000000000000853e+01,4.844440002784000399e+01
7.362000000000000455e+01,4.845756426697800379e+01
7.364000000000000057e+01,4.847072850611600359e+01
7.366000000000001080e+01,4.848389274525401049e+01
7.368000000000000682e+01,4.849705698439200319e+01
7.370000000000000284e+01,4.851022122353000299e+01
7.371999999999999886e+01,4.852338546266800279e+01
7.374000000000000909e+01,4.853654970180600969e+01
7.376000000000000512e+01,4.854971394094400239e+01
7.378000000000000114e+01,4.856287818008200219e+01
7.379999999999999716e+01,4.857604241922000199e+01
7.382000000000000739e+01,4.858920665835800179e+01
7.384000000000000341e+01,4.860237089749600159e+01
7.385999999999999943e+01,4.861553513663400139e+01
7.388000000000000966e+01,4.862869937577200830e+01
7.390000000000000568e+01,4.864186361491000099e+01
7.392000000000000171e+01,4.865502785404800079e+01
7.393999999999999773e+01,4.866819209318600059e+01
7.396000000000000796e+01,4.868135633232400750e+01
7.398000000000000398e+01,4.869452057146200019e+01
7.400000000000000000e+01,4.870768481059999999e+01
7.402000000000001023e+01,4.872084904973800690e+01
7.404000000000000625e+01,4.873401328887600670e+01
7.406000000000000227e+01,4.874717752801399939e+01
7.407999999999999829e+01,4.876034176715199919e+01
7.410000000000000853e+01,4.877350600629000610e+01
7.412000000000000455e+01,4.878667024542800590e+01
7.414000000000000057e+01,4.879983448456599859e+01
7.416000000000001080e+01,4.881299872370400550e+01
7.418000000000000682e+01,4.882616296284200530e+01
7.420000000000000284e+01,4.883932720198000510e+01
7.421999999999999886e+01,4.885249144111799779e+01
7.424000000000000909e+01,4.886565568025600470e+01
7.426000000000000512e+01,4.887881991939400450e+01
7.428000000000000114e+01,4.889198415853200430e+01
7.429999999999999716e+01,4.890514839766999700e+01
7.432000000000000739e+01,4.891831263680800390e+01
7.434000000000000341e+01,4.893147687594600370e+01
7.435999999999999943e+01,4.894464111508400350e+01
7.438000000000000966e+01,4.895780535422200330e+01
7.440000000000000568e+01,4.897096959336000310e+01
7.442000000000000171e+01,4.898413383249800290e+01
7.443999999999999773e+01,4.899729807163599560e+01
7.446000000000000796e+01,4.901046231077400250e+01
7.448000000000000398e+01,4.902362654991200230e+01
7.450000000000000000e+01,4.903679078905000210e+01
7.452000000000001023e+01,4.904995502818800901e+01
7.454000000000000625e+01,4.906311926732600170e+01
7.456000000000000227e+01,4.907628350646400150e+01
7.457999999999999829e+01,4.908944774560200131e+01
7.460000000000000853e+01,4.910261198474000821e+01
7.462000000000000455e+01,4.911577622387800091e+01
7.464000000000000057e+01,4.912894046301600071e+01
7.466000000000001080e+01,4.914210470215400761e+01
7.468000000000000682e+01,4.915526894129200741e+01
7.470000000000000284e+01,4.916843318043000011e+01
7.471999999999999886e+01,4.918159741956799991e+01
7.474000000000000909e+01,4.919476165870600681e+01
7.476000000000000512e+01,4.920792589784400661e+01
7.478000000000000114e+01,4.922109013698199931e+01
7.480000000000001137e+01,4.923425437612000621e+01
7.482000000000000739e+01,4.924741861525800601e+01
7.484000000000000341e+01,4.926058285439600581e+01
7.485999999999999943e+01,4.927374709353399851e+01
7.488000000000000966e+01,4.928691133267200541e+01
7.490000000000000568e+01,4.930007557181000521e+01
7.492000000000000171e+01,4.931323981094800502e+01
7.493999999999999773e+01,4.932640405008599771e+01
7.496000000000000796e+01,4.933956828922400462e+01
7.498000000000000398e+01,4.935273252836200442e+01
7.500000000000000000e+01,4.936589676749999711e+01
7.502000000000001023e+01,4.937906100663800402e+01
7.504000000000000625e+01,4.939222524577600382e+01
7.506000000000000227e+01,4.940538948491400362e+01
7.507999999999999829e+01,4.941855372405199631e+01
7.510000000000000853e+01,4.943171796319000322e+01
7.512000000000000455e+01,4.944488220232800302e+01
7.514000000000000057e+01,4.945804644146600282e+01
7.516000000000001080e+01,4.947121068060400972e+01
7.518000000000000682e+01,4.948437491974200242e+01
7.520000000000000284e+01,4.949753915888000222e+01
7.521999999999999886e+01,4.951070339801800202e+01
7.524000000000000909e+01,4.952386763715600893e+01
7.526000000000000512e+01,4.953703187629400162e+01
7.528000000000000114e+01,4.955019611543200142e+01
7.530000000000001137e+01,4.956336035457000833e+01
7.532000000000000739e+01,4.957652459370800813e+01
7.534000000000000341e+01,4.958968883284600082e+01
7.535999999999999943e+01,4.960285307198400062e+01
7.538000000000000966e+01,4.961601731112200753e+01
7.540000000000000568e+01,4.962918155026000733e+01
7.542000000000000171e+01,4.964234578939800002e+01
7.543999999999999773e+01,4.965551002853599982e+01
7.546000000000000796e+01,4.966867426767400673e+01
7.548000000000000398e+01,4.968183850681200653e+01
7.550000000000000000e+01,4.969500274594999922e+01
7.552000000000001023e+01,4.970816698508800613e+01
7.554000000000000625e+01,4.972133122422600593e+01
7.556000000000000227e+01,4.973449546336399862e+01
7.557999999999999829e+01,4.974765970250199842e+01
7.560000000000000853e+01,4.976082394164000533e+01
7.562000000000000455e+01,4.977398818077800513e+01
7.564000000000000057e+01,4.978715241991599783e+01
7.566000000000001080e+01,4.980031665905400473e+01
7.568000000000000682e+01,4.981348089819200453e+01
7.570000000000000284e+01,4.982664513733000433e+01
7.571999999999999886e+01,4.983980937646799703e+01
7.574000000000000909e+01,4.985297361560600393e+01
7.576000000000000512e+01,4.986613785474400373e+01
7.578000000000000114e+01,4.987930209388200353e+01
7.580000000000001137e+01,4.989246633302001044e+01
7.582000000000000739e+01,4.990563057215800313e+01
7.584000000000000341e+01,4.991879481129600293e+01
7.585999999999999943e+01,4.993195905043400273e+01
7.588000000000000966e+01,4.994512328957200964e+01
7.590000000000000568e+01,4.995828752871000233e+01
7.592000000000000171e+01,4.997145176784800213e+01
7.593999999999999773e+01,4.998461600698600193e+01
7.596000000000000796e+01,4.999778024612400884e+01
7.598000000000000398e+01,5.001094448526200154e+01
7.600000000000000000e+01,5.002410872440000134e+01
7.602000000000001023e+01,5.003727296353800824e+01
7.604000000000000625e+01,5.005043720267600804e+01
7.606000000000000227e+01,5.006360144181400074e+01
7.607999999999999829e+01,5.007676568095200054e+01
7.610000000000000853e+01,5.008992992009000744e+01
7.612000000000000455e+01,5.010309415922800014e+01
7.614000000000000057e+01,5.011625839836599994e+01
7.616000000000001080e+01,5.012942263750400684e+01
7.618000000000000682e+01,5.014258687664200664e+01
7.620000000000000284e+01,5.015575111577999934e+01
7.621999999999999886e+01,5.016891535491799914e+01
7.624000000000000909e+01,5.018207959405600604e+01
7.626000000000000512e+01,5.019524383319400584e+01
7.628000000000000114e+01,5.020840807233199854e+01
7.630000000000001137e+01,5.022157231147000545e+01
7.632000000000000739e+01,5.023473655060800525e+01
7.634000000000000341e+01,5.024790078974600505e+01
7.635999999999999943e+01,5.026106502888399774e+01
7.638000000000000966e+01,5.027422926802200465e+01
7.640000000000000568e+01,5.028739350716000445e+01
7.642000000000000171e+01,5.030055774629800425e+01
7.643999999999999773e+01,5.031372198543599694e+01
7.646000000000000796e+01,5.032688622457400385e+01
7.648000000000000398e+01,5.034005046371200365e+01
7.650000000000000000e+01,5.035321470285000345e+01
7.652000000000001023e+01,5.036637894198801035e+01
7.654000000000000625e+01,5.037954318112600305e+01
7.656000000000000227e+01,5.039270742026400285e+01
7.657999999999999829e+01,5.040587165940200265e+01
7.660000000000000853e+01,5.041903589854000955e+01
7.662000000000000455e+01,5.043220013767800225e+01
7.664000000000000057e+01,5.044536437681600205e+01
7.666000000000001080e+01,5.045852861595400896e+01
7.668000000000000682e+01,5.047169285509200165e+01
7.670000000000000284e+01,5.048485709423000145e+01
7.671999999999999886e+01,5.049802133336800125e+01
7.674000000000000909e+01,5.051118557250600816e+01
7.676000000000000512e+01,5.052434981164400085e+01
7.678000000000000114e+01,5.053751405078200065e+01
7.680000000000001137e+01,5.055067828992000756e+01
7.682000000000000739e+01,5.056384252905800736e+01
7.684000000000000341e+01,5.057700676819600005e+01
7.685999999999999943e+01,5.059017100733399985e+01
7.688000000000000966e+01,5.060333524647200676e+01
7.690000000000000568e+01,5.061649948561000656e+01
7.692000000000000171e+01,5.062966372474799925e+01
7.693999999999999773e+01,5.064282796388599905e+01
7.696000000000000796e+01,5.065599220302400596e+01
7.698000000000000398e+01,5.066915644216200576e+01
7.700000000000000000e+01,5.068232068129999845e+01
7.702000000000001023e+01,5.069548492043800536e+01
7.704000000000000625e+01,5.070864915957600516e+01
7.706000000000000227e+01,5.072181339871400496e+01
7.707999999999999829e+01,5.073497763785199766e+01
7.710000000000000853e+01,5.074814187699000456e+01
7.712000000000000455e+01,5.076130611612800436e+01
7.714000000000000057e+01,5.077447035526600416e+01
7.716000000000001080e+01,5.078763459440401107e+01
7.718000000000000682e+01,5.080079883354200376e+01
7.720000000000000284e+01,5.081396307268000356e+01
7.721999999999999886e+01,5.082712731181799626e+01
7.724000000000000909e+01,5.084029155095600316e+01
7.726000000000000512e+01,5.085345579009400296e+01
7.728000000000000114e+01,5.086662002923200276e+01
7.730000000000001137e+01,5.087978426837000967e+01
7.732000000000000739e+01,5.089294850750800236e+01
7.734000000000000341e+01,5.090611274664600217e+01
7.735999999999999943e+01,5.091927698578400197e+01
7.738000000000000966e+01,5.093244122492200887e+01
7.740000000000000568e+01,5.094560546406000157e+01
7.742000000000000171e+01,5.095876970319800137e+01
7.743999999999999773e+01,5.097193394233600117e+01
7.746000000000000796e+01,5.098509818147400807e+01
7.748000000000000398e+01,5.099826242061200077e+01
7.750000000000000000e+01,5.101142665975000057e+01
7.752000000000001023e+01,5.102459089888800747e+01
7.754000000000000625e+01,5.103775513802600727e+01
7.756000000000000227e+01,5.105091937716399997e+01
7.757999999999999829e+01,5.106408361630199977e+01
7.760000000000000853e+01,5.107724785544000667e+01
7.762000000000000455e+01,5.109041209457800647e+01
7.764000000000000057e+01,5.110357633371599917e+01
7.766000000000001080e+01,5.111674057285400607e+01
7.768000000000000682e+01,5.112990481199200588e+01
7.770000000000000284e+01,5.114306905113000568e+01
7.771999999999999886e+01,5.115623329026799837e+01
7.774000000000000909e+01,5.116939752940600528e+01
7.776000000000000512e+01,5.118256176854400508e+01
7.778000000000000114e+01,5.119572600768199777e+01
7.780000000000001137e+01,5.120889024682000468e+01
7.782000000000000739e+01,5.122205448595800448e+01
7.784000000000000341e+01,5.123521872509600428e+01
7.785999999999999943e+01,5.124838296423399697e+01
7.788000000000000966e+01,5.126154720337200388e+01
7.790000000000000568e+01,5.127471144251000368e+01
7.792000000000000171e+01,5.128787568164800348e+01
7.793999999999999773e+01,5.130103992078599617e+01
7.796000000000000796e+01,5.131420415992400308e+01
7.798000000000000398e+01,5.132736839906200288e+01
7.800000000000000000e+01,5.134053263820000268e+01
7.802000000000001023e+01,5.135369687733800959e+01
7.804000000000000625e+01,5.136686111647600228e+01
7.806000000000000227e+01,5.138002535561400208e+01
7.807999999999999829e+01,5.139318959475200188e+01
7.810000000000000853e+01,5.140635383389000879e+01
7.812000000000000455e+01,5.141951807302800148e+01
7.814000000000000057e+01,5.143268231216600128e+01
7.816000000000001080e+01,5.144584655130400819e+01
7.818000000000000682e+01,5.145901079044200799e+01
7.820000000000000284e+01,5.147217502958000068e+01
7.821999999999999886e+01,5.148533926871800048e+01
7.824000000000000909e+01,5.149850350785600739e+01
7.826000000000000512e+01,5.151166774699400719e+01
7.828000000000000114e+01,5.152483198613199988e+01
7.830000000000001137e+01,5.153799622527000679e+01
7.832000000000000739e+01,5.155116046440800659e+01
7.834000000000000341e+01,5.156432470354599928e+01
7.835999999999999943e+01,5.157748894268399908e+01
7.838000000000000966e+01,5.159065318182200599e+01
7.840000000000000568e+01,5.160381742096000579e+01
7.842000000000000171e+01,5.161698166009799849e+01
7.843999999999999773e+01,5.163014589923599829e+01
7.846000000000000796e+01,5.164331013837400519e+01
7.848000000000000398e+01,5.165647437751200499e+01
7.850000000000000000e+01,5.166963861664999769e+01
7.852000000000001023e+01,5.168280285578800459e+01
7.854000000000000625e+01,5.169596709492600439e+01
7.856000000000000227e+01,5.170913133406400419e+01
7.857999999999999829e+01,5.172229557320199689e+01
7.860000000000000853e+01,5.173545981234000379e+01
7.862000000000000455e+01,5.174862405147800359e+01
7.864000000000000057e+01,5.176178829061600339e+01
7.866000000000001080e+01,5.177495252975401030e+01
7.868000000000000682e+01,5.178811676889200299e+01
7.870000000000000284e+01,5.180128100803000279e+01
7.871999999999999886e+01,5.181444524716800260e+01
7.874000000000000909e+01,5.182760948630600950e+01
7.876000000000000512e+01,5.184077372544400220e+01
7.878000000000000114e+01,5.185393796458200200e+01
7.880000000000001137e+01,5.186710220372000890e+01
7.882000000000000739e+01,5.188026644285800870e+01
7.884000000000000341e+01,5.189343068199600140e+01
7.885999999999999943e+01,5.190659492113400120e+01
7.888000000000000966e+01,5.191975916027200810e+01
7.890000000000000568e+01,5.193292339941000080e+01
7.892000000000000171e+01,5.194608763854800060e+01
7.893999999999999773e+01,5.195925187768600040e+01
7.896000000000000796e+01,5.197241611682400730e+01
7.898000000000000398e+01,5.198558035596200000e+01
7.900000000000000000e+01,5.199874459509999980e+01
7.902000000000001023e+01,5.201190883423800670e+01
7.904000000000000625e+01,5.202507307337600650e+01
7.906000000000000227e+01,5.203823731251399920e+01
7.907999999999999829e+01,5.205140155165199900e+01
7.910000000000000853e+01,5.206456579079000591e+01
7.912000000000000455e+01,5.207773002992800571e+01
7.914000000000000057e+01,5.209089426906599840e+01
7.916000000000001080e+01,5.210405850820400531e+01
7.918000000000000682e+01,5.211722274734200511e+01
7.920000000000000284e+01,5.213038698648000491e+01
7.921999999999999886e+01,5.214355122561799760e+01
7.924000000000000909e+01,5.215671546475600451e+01
7.926000000000000512e+01,5.216987970389400431e+01
7.928000000000000114e+01,5.218304394303200411e+01
7.930000000000001137e+01,5.219620818217001101e+01
7.932000000000000739e+01,5.220937242130800371e+01
7.934000000000000341e+01,5.222253666044600351e+01
7.935999999999999943e+01,5.223570089958400331e+01
7.938000000000000966e+01,5.224886513872201022e+01
7.940000000000000568e+01,5.226202937786000291e+01
7.942000000000000171e+01,5.227519361699800271e+01
7.943999999999999773e+01,5.228835785613600251e+01
7.946000000000000796e+01,5.230152209527400231e+01
7.948000000000000398e+01,5.231468633441200211e+01
7.950000000000000000e+01,5.232785057355000191e+01
7.952000000000001023e+01,5.234101481268800882e+01
7.954000000000000625e+01,5.235417905182600151e+01
7.956000000000000227e+01,5.236734329096400131e+01
7.957999999999999829e+01,5.238050753010200111e+01
7.960000000000000853e+01,5.239367176924000802e+01
7.962000000000000455e+01,5.240683600837800071e+01
7.964000000000000057e+01,5.242000024751600051e+01
7.966000000000001080e+01,5.243316448665400742e+01
7.968000000000000682e+01,5.244632872579200722e+01
7.970000000000000284e+01,5.245949296492999991e+01
7.971999999999999886e+01,5.247265720406799971e+01
7.974000000000000909e+01,5.248582144320600662e+01
7.976000000000000512e+01,5.249898568234400642e+01
7.978000000000000114e+01,5.251214992148199912e+01
7.980000000000001137e+01,5.252531416062000602e+01
7.982000000000000739e+01,5.253847839975800582e+01
7.984000000000000341e+01,5.255164263889600562e+01
7.985999999999999943e+01,5.256480687803399832e+01
7.988000000000000966e+01,5.257797111717200522e+01
7.990000000000000568e+01,5.259113535631000502e+01
7.992000000000000171e+01,5.260429959544800482e+01
7.993999999999999773e+01,5.261746383458599752e+01
7.996000000000000796e+01,5.263062807372400442e+01
7.998000000000000398e+01,5.264379231286200422e+01
8.000000000000000000e+01,5.265695655199999692e+01
8.002000000000001023e+01,5.267012079113800382e+01
8.004000000000000625e+01,5.268328503027600362e+01
8.006000000000000227e+01,5.269644926941400342e+01
8.007999999999999829e+01,5.270961350855199612e+01
8.010000000000000853e+01,5.272277774769000303e+01
8.012000000000000455e+01,5.273594198682800283e+01
8.014000000000000057e+01,5.274910622596600263e+01
8.016000000000001080e+01,5.276227046510400953e+01
8.018000000000000682e+01,5.277543470424200223e+01
8.020000000000000284e+01,5.278859894338000203e+01
8.021999999999999886e+01,5.280176318251800183e+01
8.024000000000000909e+01,5.281492742165600873e+01
8.026000000000000512e+01,5.282809166079400143e+01
8.028000000000000114e+01,5.284125589993200123e+01
8.030000000000001137e+01,5.285442013907000813e+01
8.032000000000000739e+01,5.286758437820800793e+01
8.034000000000000341e+01,5.288074861734600063e+01
8.035999999999999943e+01,5.289391285648400043e+01
8.038000000000000966e+01,5.290707709562200733e+01
8.040000000000000568e+01,5.292024133476000713e+01
8.042000000000000171e+01,5.293340557389799983e+01
8.043999999999999773e+01,5.294656981303599963e+01
8.046000000000000796e+01,5.295973405217400654e+01
8.048000000000000398e+01,5.297289829131200634e+01
8.050000000000000000e+01,5.298606253044999903e+01
8.052000000000001023e+01,5.299922676958800594e+01
8.054000000000000625e+01,5.301239100872600574e+01
8.056000000000000227e+01,5.302555524786399843e+01
8.057999999999999829e+01,5.303871948700199823e+01
8.060000000000000853e+01,5.305188372614000514e+01
8.062000000000000455e+01,5.306504796527800494e+01
8.064000000000000057e+01,5.307821220441599763e+01
8.066000000000001080e+01,5.309137644355400454e+01
8.068000000000000682e+01,5.310454068269200434e+01
8.070000000000000284e+01,5.311770492183000414e+01
8.071999999999999886e+01,5.313086916096799683e+01
8.074000000000000909e+01,5.314403340010600374e+01
8.076000000000000512e+01,5.315719763924400354e+01
8.078000000000000114e+01,5.317036187838200334e+01
8.080000000000001137e+01,5.318352611752001025e+01
8.082000000000000739e+01,5.319669035665800294e+01
8.084000000000000341e+01,5.320985459579600274e+01
8.085999999999999943e+01,5.322301883493400254e+01
8.088000000000000966e+01,5.323618307407200945e+01
8.090000000000000568e+01,5.324934731321000214e+01
8.092000000000000171e+01,5.326251155234800194e+01
8.093999999999999773e+01,5.327567579148600174e+01
8.096000000000000796e+01,5.328884003062400865e+01
8.098000000000000398e+01,5.330200426976200134e+01
8.100000000000000000e+01,5.331516850890000114e+01
8.102000000000001023e+01,5.332833274803800805e+01
8.104000000000000625e+01,5.334149698717600785e+01
8.106000000000000227e+01,5.335466122631400054e+01
8.107999999999999829e+01,5.336782546545200034e+01
8.110000000000000853e+01,5.338098970459000725e+01
8.112000000000000455e+01,5.339415394372799994e+01
8.114000000000000057e+01,5.340731818286599974e+01
8.116000000000001080e+01,5.342048242200400665e+01
8.118000000000000682e+01,5.343364666114200645e+01
8.120000000000000284e+01,5.344681090027999915e+01
8.121999999999999886e+01,5.345997513941799895e+01
8.124000000000000909e+01,5.347313937855600585e+01
8.126000000000000512e+01,5.348630361769400565e+01
8.128000000000000114e+01,5.349946785683199835e+01
8.130000000000001137e+01,5.351263209597000525e+01
8.132000000000000739e+01,5.352579633510800505e+01
8.134000000000000341e+01,5.353896057424600485e+01
8.135999999999999943e+01,5.355212481338399755e+01
8.138000000000000966e+01,5.356528905252200445e+01
8.140000000000000568e+01,5.357845329166000425e+01
8.142000000000000171e+01,5.359161753079800405e+01
8.143999999999999773e+01,5.360478176993599675e+01
8.146000000000000796e+01,5.361794600907400365e+01
8.148000000000000398e+01,5.363111024821200346e+01
8.150000000000000000e+01,5.364427448735000326e+01
8.152000000000001023e+01,5.365743872648801016e+01
8.154000000000000625e+01,5.367060296562600286e+01
8.156000000000000227e+01,5.368376720476400266e+01
8.157999999999999829e+01,5.369693144390200246e+01
8.160000000000000853e+01,5.371009568304000936e+01
8.162000000000000455e+01,5.372325992217800206e+01
8.164000000000000057e+01,5.373642416131600186e+01
8.166000000000001080e+01,5.374958840045400876e+01
8.168000000000000682e+01,5.376275263959200146e+01
8.170000000000000284e+01,5.377591687873000126e+01
8.171999999999999886e+01,5.378908111786800106e+01
8.174000000000000909e+01,5.380224535700600796e+01
8.176000000000000512e+01,5.381540959614400066e+01
8.178000000000000114e+01,5.382857383528200046e+01
8.180000000000001137e+01,5.384173807442000737e+01
8.182000000000000739e+01,5.385490231355800717e+01
8.184000000000000341e+01,5.386806655269599986e+01
8.185999999999999943e+01,5.388123079183399966e+01
8.188000000000000966e+01,5.389439503097200657e+01
8.190000000000000568e+01,5.390755927011000637e+01
8.192000000000000171e+01,5.392072350924799906e+01
8.193999999999999773e+01,5.393388774838599886e+01
8.196000000000000796e+01,5.394705198752400577e+01
8.198000000000000398e+01,5.396021622666200557e+01
8.200000000000000000e+01,5.397338046579999826e+01
8.202000000000001023e+01,5.398654470493800517e+01
8.204000000000000625e+01,5.399970894407600497e+01
8.206000000000000227e+01,5.401287318321400477e+01
8.207999999999999829e+01,5.402603742235199746e+01
8.210000000000000853e+01,5.403920166149000437e+01
8.212000000000000455e+01,5.405236590062800417e+01
8.214000000000000057e+01,5.406553013976600397e+01
8.216000000000001080e+01,5.407869437890401088e+01
8.218000000000000682e+01,5.409185861804200357e+01
8.220000000000000284e+01,5.410502285718000337e+01
8.221999999999999886e+01,5.411818709631800317e+01
8.224000000000000909e+01,5.413135133545600297e+01
8.226000000000000512e+01,5.414451557459400277e+01
8.228000000000000114e+01,5.415767981373200257e+01
8.230000000000001137e+01,5.417084405287000948e+01
8.232000000000000739e+01,5.418400829200800217e+01
8.234000000000000341e+01,5.419717253114600197e+01
8.235999999999999943e+01,5.421033677028400177e+01
8.238000000000000966e+01,5.422350100942200868e+01
8.240000000000000568e+01,5.423666524856000137e+01
8.242000000000000171e+01,5.424982948769800117e+01
8.243999999999999773e+01,5.426299372683600097e+01
8.246000000000000796e+01,5.427615796597400788e+01
8.248000000000000398e+01,5.428932220511200057e+01
8.250000000000000000e+01,5.430248644425000037e+01
8.252000000000001023e+01,5.431565068338800728e+01
8.254000000000000625e+01,5.432881492252600708e+01
8.256000000000000227e+01,5.434197916166399978e+01
8.257999999999999829e+01,5.435514340080199958e+01
8.260000000000000853e+01,5.436830763994000648e+01
8.262000000000000455e+01,5.438147187907800628e+01
8.264000000000000057e+01,5.439463611821599898e+01
8.266000000000001080e+01,5.440780035735400588e+01
8.268000000000000682e+01,5.442096459649200568e+01
8.270000000000000284e+01,5.443412883563000548e+01
8.271999999999999886e+01,5.444729307476799818e+01
8.274000000000000909e+01,5.446045731390600508e+01
8.276000000000000512e+01,5.447362155304400488e+01
8.278000000000000114e+01,5.448678579218200468e+01
8.280000000000001137e+01,5.449995003132000448e+01
8.282000000000000739e+01,5.451311427045800428e+01
8.284000000000000341e+01,5.452627850959600408e+01
8.285999999999999943e+01,5.453944274873399678e+01
8.288000000000000966e+01,5.455260698787200369e+01
8.290000000000000568e+01,5.456577122701000349e+01
8.292000000000000171e+01,5.457893546614800329e+01
8.293999999999999773e+01,5.459209970528599598e+01
8.296000000000000796e+01,5.460526394442400289e+01
8.298000000000000398e+01,5.461842818356200269e+01
8.300000000000000000e+01,5.463159242270000249e+01
8.302000000000001023e+01,5.464475666183800939e+01
8.304000000000000625e+01,5.465792090097600209e+01
8.306000000000000227e+01,5.467108514011400189e+01
8.307999999999999829e+01,5.468424937925200169e+01
8.310000000000000853e+01,5.469741361839000859e+01
8.312000000000000455e+01,5.471057785752800129e+01
8.314000000000000057e+01,5.472374209666600109e+01
8.316000000000001080e+01,5.473690633580400799e+01
8.318000000000000682e+01,5.475007057494200780e+01
8.320000000000000284e+01,5.476323481408000049e+01
8.321999999999999886e+01,5.477639905321800029e+01
8.324000000000000909e+01,5.478956329235600720e+01
8.326000000000000512e+01,5.480272753149400700e+01
8.328000000000000114e+01,5.481589177063199969e+01
8.330000000000001137e+01,5.482905600977000660e+01
8.332000000000000739e+01,5.484222024890800640e+01
8.334000000000000341e+01,5.485538448804600620e+01
8.335999999999999943e+01,5.486854872718399889e+01
8.338000000000000966e+01,5.488171296632200580e+01
8.340000000000000568e+01,5.489487720546000560e+01
8.342000000000000171e+01,5.490804144459799829e+01
8.343999999999999773e+01,5.492120568373599809e+01
8.346000000000000796e+01,5.493436992287400500e+01
8.348000000000000398e+01,5.494753416201200480e+01
8.350000000000000000e+01,5.496069840114999749e+01
8.352000000000001023e+01,5.497386264028800440e+01
8.354000000000000625e+01,5.498702687942600420e+01
8.356000000000000227e+01,5.500019111856400400e+01
8.357999999999999829e+01,5.501335535770199670e+01
8.360000000000000853e+01,5.502651959684000360e+01
8.362000000000000455e+01,5.503968383597800340e+01
8.364000000000000057e+01,5.505284807511600320e+01
8.366000000000001080e+01,5.506601231425401011e+01
8.368000000000000682e+01,5.507917655339200280e+01
8.370000000000000284e+01,5.509234079253000260e+01
8.371999999999999886e+01,5.510550503166800240e+01
8.374000000000000909e+01,5.511866927080600931e+01
8.376000000000000512e+01,5.513183350994400200e+01
8.378000000000000114e+01,5.514499774908200180e+01
8.380000000000001137e+01,5.515816198822000871e+01
8.382000000000000739e+01,5.517132622735800851e+01
8.384000000000000341e+01,5.518449046649600120e+01
8.385999999999999943e+01,5.519765470563400100e+01
8.388000000000000966e+01,5.521081894477200791e+01
8.390000000000000568e+01,5.522398318391000771e+01
8.392000000000000171e+01,5.523714742304800041e+01
8.393999999999999773e+01,5.525031166218600021e+01
8.396000000000000796e+01,5.526347590132400711e+01
8.398000000000000398e+01,5.527664014046199981e+01
8.400000000000000000e+01,5.528980437959999961e+01
8.402000000000001023e+01,5.530296861873800651e+01
8.404000000000000625e+01,5.531613285787600631e+01
8.406000000000000227e+01,5.532929709701399901e+01
8.407999999999999829e+01,5.534246133615199881e+01
8.410000000000000853e+01,5.535562557529000571e+01
8.412000000000000455e+01,5.536878981442800551e+01
8.414000000000000057e+01,5.538195405356599821e+01
8.416000000000001080e+01,5.539511829270400511e+01
8.418000000000000682e+01,5.540828253184200491e+01
8.420000000000000284e+01,5.542144677098000471e+01
8.421999999999999886e+01,5.543461101011799741e+01
8.424000000000000909e+01,5.544777524925600432e+01
8.426000000000000512e+01,5.546093948839400412e+01
8.428000000000000114e+01,5.547410372753200392e+01
8.430000000000001137e+01,5.548726796667001082e+01
8.432000000000000739e+01,5.550043220580800352e+01
8.434000000000000341e+01,5.551359644494600332e+01
8.435999999999999943e+01,5.552676068408400312e+01
8.438000000000000966e+01,5.553992492322201002e+01
8.440000000000000568e+01,5.555308916236000272e+01
8.442000000000000171e+01,5.556625340149800252e+01
8.443999999999999773e+01,5.557941764063600232e+01
8.446000000000000796e+01,5.559258187977400922e+01
8.448000000000000398e+01,5.560574611891200192e+01
8.450000000000000000e+01,5.561891035805000172e+01
8.452000000000001023e+01,5.563207459718800862e+01
8.454000000000000625e+01,5.564523883632600132e+01
8.456000000000000227e+01,5.565840307546400112e+01
8.457999999999999829e+01,5.567156731460200092e+01
8.460000000000000853e+01,5.568473155374000783e+01
8.462000000000000455e+01,5.569789579287800052e+01
8.464000000000000057e+01,5.571106003201600032e+01
8.466000000000001080e+01,5.572422427115400723e+01
8.468000000000000682e+01,5.573738851029200703e+01
8.470000000000000284e+01,5.575055274942999972e+01
8.471999999999999886e+01,5.576371698856799952e+01
8.474000000000000909e+01,5.577688122770600643e+01
8.476000000000000512e+01,5.579004546684400623e+01
8.478000000000000114e+01,5.580320970598199892e+01
8.480000000000001137e+01,5.581637394512000583e+01
8.482000000000000739e+01,5.582953818425800563e+01
8.484000000000000341e+01,5.584270242339600543e+01
8.485999999999999943e+01,5.585586666253399812e+01
8.488000000000000966e+01,5.586903090167200503e+01
8.490000000000000568e+01,5.588219514081000483e+01
8.492000000000000171e+01,5.589535937994800463e+01
8.493999999999999773e+01,5.590852361908599732e+01
8.496000000000000796e+01,5.592168785822400423e+01
8.498000000000000398e+01,5.593485209736200403e+01
8.500000000000000000e+01,5.594801633650000383e+01
8.502000000000001023e+01,5.596118057563801074e+01
8.504000000000000625e+01,5.597434481477600343e+01
8.506000000000000227e+01,5.598750905391400323e+01
8.507999999999999829e+01,5.600067329305199593e+01
8.510000000000000853e+01,5.601383753219000283e+01
8.512000000000000455e+01,5.602700177132800263e+01
8.514000000000000057e+01,5.604016601046600243e+01
8.516000000000001080e+01,5.605333024960400934e+01
8.518000000000000682e+01,5.606649448874200203e+01
8.520000000000000284e+01,5.607965872788000183e+01
8.521999999999999886e+01,5.609282296701800163e+01
8.524000000000000909e+01,5.610598720615600854e+01
8.526000000000000512e+01,5.611915144529400123e+01
8.528000000000000114e+01,5.613231568443200104e+01
8.530000000000001137e+01,5.614547992357000794e+01
8.532000000000000739e+01,5.615864416270800774e+01
8.534000000000000341e+01,5.617180840184600044e+01
8.535999999999999943e+01,5.618497264098400024e+01
8.538000000000000966e+01,5.619813688012200714e+01
8.540000000000000568e+01,5.621130111926000694e+01
8.542000000000000171e+01,5.622446535839799964e+01
8.543999999999999773e+01,5.623762959753599944e+01
8.546000000000000796e+01,5.625079383667400634e+01
8.548000000000000398e+01,5.626395807581200614e+01
8.550000000000000000e+01,5.627712231494999884e+01
8.552000000000001023e+01,5.629028655408800574e+01
8.554000000000000625e+01,5.630345079322600554e+01
8.556000000000000227e+01,5.631661503236400534e+01
8.557999999999999829e+01,5.632977927150199804e+01
8.560000000000000853e+01,5.634294351064000494e+01
8.562000000000000455e+01,5.635610774977800475e+01
8.564000000000000057e+01,5.636927198891599744e+01
8.566000000000001080e+01,5.638243622805400435e+01
8.568000000000000682e+01,5.639560046719200415e+01
8.570000000000000284e+01,5.640876470633000395e+01
8.571999999999999886e+01,5.642192894546799664e+01
8.574000000000000909e+01,5.643509318460600355e+01
8.576000000000000512e+01,5.644825742374400335e+01
8.578000000000000114e+01,5.646142166288200315e+01
8.580000000000001137e+01,5.647458590202001005e+01
8.582000000000000739e+01,5.648775014115800275e+01
8.584000000000000341e+01,5.650091438029600255e+01
8.585999999999999943e+01,5.651407861943400235e+01
8.588000000000000966e+01,5.652724285857200925e+01
8.590000000000000568e+01,5.654040709771000195e+01
8.592000000000000171e+01,5.655357133684800175e+01
8.593999999999999773e+01,5.656673557598600155e+01
8.596000000000000796e+01,5.657989981512400846e+01
8.598000000000000398e+01,5.659306405426200115e+01
8.600000000000000000e+01,5.660622829340000095e+01
8.602000000000001023e+01,5.661939253253800786e+01
8.604000000000000625e+01,5.663255677167600766e+01
8.606000000000000227e+01,5.664572101081400035e+01
8.607999999999999829e+01,5.665888524995200015e+01
8.610000000000000853e+01,5.667204948909000706e+01
8.612000000000000455e+01,5.668521372822800686e+01
8.614000000000000057e+01,5.669837796736599955e+01
8.616000000000001080e+01,5.671154220650400646e+01
8.618000000000000682e+01,5.672470644564200626e+01
8.620000000000000284e+01,5.673787068477999895e+01
8.621999999999999886e+01,5.675103492391799875e+01
8.624000000000000909e+01,5.676419916305600566e+01
8.626000000000000512e+01,5.677736340219400546e+01
8.628000000000000114e+01,5.679052764133199815e+01
8.630000000000001137e+01,5.680369188047000506e+01
8.632000000000000739e+01,5.681685611960800486e+01
8.634000000000000341e+01,5.683002035874600466e+01
8.635999999999999943e+01,5.684318459788399736e+01
8.638000000000000966e+01,5.685634883702200426e+01
8.640000000000000568e+01,5.686951307616000406e+01
8.642000000000000171e+01,5.688267731529800386e+01
8.643999999999999773e+01,5.689584155443599656e+01
8.646000000000000796e+01,5.690900579357400346e+01
8.648000000000000398e+01,5.692217003271200326e+01
8.650000000000000000e+01,5.693533427185000306e+01
8.652000000000001023e+01,5.694849851098800997e+01
8.654000000000000625e+01,5.696166275012600266e+01
8.656000000000000227e+01,5.697482698926400246e+01
8.657999999999999829e+01,5.698799122840200226e+01
8.660000000000000853e+01,5.700115546754000917e+01
8.662000000000000455e+01,5.701431970667800186e+01
8.664000000000000057e+01,5.702748394581600166e+01
8.666000000000001080e+01,5.704064818495400857e+01
8.668000000000000682e+01,5.705381242409200837e+01
8.670000000000000284e+01,5.706697666323000107e+01
8.671999999999999886e+01,5.708014090236800087e+01
8.674000000000000909e+01,5.709330514150600777e+01
8.676000000000000512e+01,5.710646938064400047e+01
8.678000000000000114e+01,5.711963361978200027e+01
8.680000000000001137e+01,5.713279785892000717e+01
8.682000000000000739e+01,5.714596209805800697e+01
8.684000000000000341e+01,5.715912633719599967e+01
8.685999999999999943e+01,5.717229057633399947e+01
8.688000000000000966e+01,5.718545481547200637e+01
8.690000000000000568e+01,5.719861905461000617e+01
8.692000000000000171e+01,5.721178329374799887e+01
8.693999999999999773e+01,5.722494753288599867e+01
8.696000000000000796e+01,5.723811177202400557e+01
8.698000000000000398e+01,5.725127601116200537e+01
8.700000000000000000e+01,5.726444025029999807e+01
8.702000000000001023e+01,5.727760448943800498e+01
8.704000000000000625e+01,5.729076872857600478e+01
8.706000000000000227e+01,5.730393296771400458e+01
8.707999999999999829e+01,5.731709720685199727e+01
8.710000000000000853e+01,5.733026144599000418e+01
8.712000000000000455e+01,5.734342568512800398e+01
8.714000000000000057e+01,5.735658992426600378e+01
8.716000000000001080e+01,5.736975416340401068e+01
8.718000000000000682e+01,5.738291840254200338e+01
8.720000000000000284e+01,5.739608264168000318e+01
8.721999999999999886e+01,5.740924688081800298e+01
8.724000000000000909e+01,5.742241111995600988e+01
8.726000000000000512e+01,5.743557535909400258e+01
8.728000000000000114e+01,5.744873959823200238e+01
8.730000000000001137e+01,5.746190383737000928e+01
8.732000000000000739e+01,5.747506807650800198e+01
8.734000000000000341e+01,5.748823231564600178e+01
8.735999999999999943e+01,5.750139655478400158e+01
8.738000000000000966e+01,5.751456079392200849e+01
8.740000000000000568e+01,5.752772503306000118e+01
8.742000000000000171e+01,5.754088927219800098e+01
8.743999999999999773e+01,5.755405351133600078e+01
8.746000000000000796e+01,5.756721775047400769e+01
8.748000000000000398e+01,5.758038198961200038e+01
8.750000000000000000e+01,5.759354622875000018e+01
8.752000000000001023e+01,5.760671046788800709e+01
8.754000000000000625e+01,5.761987470702600689e+01
8.756000000000000227e+01,5.763303894616399958e+01
8.757999999999999829e+01,5.764620318530199938e+01
8.760000000000000853e+01,5.765936742444000629e+01
8.762000000000000455e+01,5.767253166357800609e+01
8.764000000000000057e+01,5.768569590271599878e+01
8.766000000000001080e+01,5.769886014185400569e+01
8.768000000000000682e+01,5.771202438099200549e+01
8.770000000000000284e+01,5.772518862013000529e+01
8.771999999999999886e+01,5.773835285926799799e+01
8.774000000000000909e+01,5.775151709840600489e+01
8.776000000000000512e+01,5.776468133754400469e+01
8.778000000000000114e+01,5.777784557668200449e+01
8.780000000000001137e+01,5.779100981582001140e+01
8.782000000000000739e+01,5.780417405495800409e+01
8.784000000000000341e+01,5.781733829409600389e+01
8.785999999999999943e+01,5.783050253323400369e+01
8.788000000000000966e+01,5.784366677237200349e+01
8.790000000000000568e+01,5.785683101151000329e+01
8.792000000000000171e+01,5.786999525064800309e+01
8.793999999999999773e+01,5.788315948978599579e+01
8.796000000000000796e+01,5.789632372892400269e+01
8.798000000000000398e+01,5.790948796806200249e+01
8.800000000000000000e+01,5.792265220720000229e+01
8.802000000000001023e+01,5.793581644633800920e+01
8.804000000000000625e+01,5.794898068547600190e+01
8.806000000000000227e+01,5.796214492461400170e+01
8.807999999999999829e+01,5.797530916375200150e+01
8.810000000000000853e+01,5.798847340289000840e+01
8.812000000000000455e+01,5.800163764202800110e+01
8.814000000000000057e+01,5.801480188116600090e+01
8.816000000000001080e+01,5.802796612030400780e+01
8.818000000000000682e+01,5.804113035944200760e+01
8.820000000000000284e+01,5.805429459858000030e+01
8.821999999999999886e+01,5.806745883771800010e+01
8.824000000000000909e+01,5.808062307685600700e+01
8.826000000000000512e+01,5.809378731599400680e+01
8.828000000000000114e+01,5.810695155513199950e+01
8.830000000000001137e+01,5.812011579427000640e+01
8.832000000000000739e+01,5.813328003340800620e+01
8.834000000000000341e+01,5.814644427254600600e+01
8.835999999999999943e+01,5.815960851168399870e+01
8.838000000000000966e+01,5.817277275082200561e+01
8.840000000000000568e+01,5.818593698996000541e+01
8.842000000000000171e+01,5.819910122909799810e+01
8.843999999999999773e+01,5.821226546823599790e+01
8.846000000000000796e+01,5.822542970737400481e+01
8.848000000000000398e+01,5.823859394651200461e+01
8.850000000000000000e+01,5.825175818564999730e+01
8.852000000000001023e+01,5.826492242478800421e+01
8.854000000000000625e+01,5.827808666392600401e+01
8.856000000000000227e+01,5.829125090306400381e+01
8.857999999999999829e+01,5.830441514220199650e+01
8.860000000000000853e+01,5.831757938134000341e+01
8.862000000000000455e+01,5.833074362047800321e+01
8.864000000000000057e+01,5.834390785961600301e+01
8.866000000000001080e+01,5.835707209875400991e+01
8.868000000000000682e+01,5.837023633789200261e+01
8.870000000000000284e+01,5.838340057703000241e+01
8.871999999999999886e+01,5.839656481616800221e+01
8.874000000000000909e+01,5.840972905530600912e+01
8.876000000000000512e+01,5.842289329444400181e+01
8.878000000000000114e+01,5.843605753358200161e+01
8.880000000000001137e+01,5.844922177272000852e+01
8.882000000000000739e+01,5.846238601185800832e+01
8.884000000000000341e+01,5.847555025099600101e+01
8.885999999999999943e+01,5.848871449013400081e+01
8.888000000000000966e+01,5.850187872927200772e+01
8.890000000000000568e+01,5.851504296841000752e+01
8.892000000000000171e+01,5.852820720754800021e+01
8.893999999999999773e+01,5.854137144668600001e+01
8.896000000000000796e+01,5.855453568582400692e+01
8.898000000000000398e+01,5.856769992496199961e+01
8.900000000000000000e+01,5.858086416409999941e+01
8.902000000000001023e+01,5.859402840323800632e+01
8.904000000000000625e+01,5.860719264237600612e+01
8.906000000000000227e+01,5.862035688151399881e+01
8.907999999999999829e+01,5.863352112065199861e+01
8.910000000000000853e+01,5.864668535979000552e+01
8.912000000000000455e+01,5.865984959892800532e+01
8.914000000000000057e+01,5.867301383806599802e+01
8.916000000000001080e+01,5.868617807720400492e+01
8.918000000000000682e+01,5.869934231634200472e+01
8.920000000000000284e+01,5.871250655548000452e+01
8.921999999999999886e+01,5.872567079461799722e+01
8.924000000000000909e+01,5.873883503375600412e+01
8.926000000000000512e+01,5.875199927289400392e+01
8.928000000000000114e+01,5.876516351203200372e+01
8.930000000000001137e+01,5.877832775117001063e+01
8.932000000000000739e+01,5.879149199030800332e+01
8.934000000000000341e+01,5.880465622944600312e+01
8.935999999999999943e+01,5.881782046858400292e+01
8.938000000000000966e+01,5.883098470772200983e+01
8.940000000000000568e+01,5.884414894686000252e+01
8.942000000000000171e+01,5.885731318599800233e+01
8.943999999999999773e+01,5.887047742513600213e+01
8.946000000000000796e+01,5.888364166427400903e+01
8.948000000000000398e+01,5.889680590341200173e+01
8.950000000000000000e+01,5.890997014255000153e+01
8.952000000000001023e+01,5.892313438168800843e+01
8.954000000000000625e+01,5.893629862082600113e+01
8.956000000000000227e+01,5.894946285996400093e+01
8.957999999999999829e+01,5.896262709910200073e+01
8.960000000000000853e+01,5.897579133824000763e+01
8.962000000000000455e+01,5.898895557737800033e+01
8.964000000000000057e+01,5.900211981651600013e+01
8.966000000000001080e+01,5.901528405565400703e+01
8.968000000000000682e+01,5.902844829479200683e+01
8.970000000000000284e+01,5.904161253392999953e+01
8.971999999999999886e+01,5.905477677306799933e+01
8.974000000000000909e+01,5.906794101220600623e+01
8.976000000000000512e+01,5.908110525134400604e+01
8.978000000000000114e+01,5.909426949048199873e+01
8.980000000000001137e+01,5.910743372962000564e+01
8.982000000000000739e+01,5.912059796875800544e+01
8.984000000000000341e+01,5.913376220789600524e+01
8.985999999999999943e+01,5.914692644703399793e+01
8.988000000000000966e+01,5.916009068617200484e+01
8.990000000000000568e+01,5.917325492531000464e+01
8.992000000000000171e+01,5.918641916444800444e+01
8.993999999999999773e+01,5.919958340358599713e+01
8.996000000000000796e+01,5.921274764272400404e+01
8.998000000000000398e+01,5.922591188186200384e+01
9.000000000000000000e+01,5.923907612100000364e+01
9.002000000000001023e+01,5.925224036013801054e+01
9.004000000000000625e+01,5.926540459927600324e+01
9.006000000000000227e+01,5.927856883841400304e+01
9.007999999999999829e+01,5.929173307755200284e+01
9.010000000000000853e+01,5.930489731669000264e+01
9.012000000000000455e+01,5.931806155582800244e+01
9.014000000000000057e+01,5.933122579496600224e+01
9.016000000000001080e+01,5.934439003410400915e+01
9.018000000000000682e+01,5.935755427324200184e+01
9.020000000000000284e+01,5.937071851238000164e+01
9.021999999999999886e+01,5.938388275151800144e+01
9.024000000000000909e+01,5.939704699065600835e+01
9.026000000000000512e+01,5.941021122979400104e+01
9.028000000000000114e+01,5.942337546893200084e+01
9.030000000000001137e+01,5.943653970807000775e+01
9.032000000000000739e+01,5.944970394720800755e+01
9.034000000000000341e+01,5.946286818634600024e+01
9.035999999999999943e+01,5.947603242548400004e+01
9.038000000000000966e+01,5.948919666462200695e+01
9.040000000000000568e+01,5.950236090376000675e+01
9.042000000000000171e+01,5.951552514289799944e+01
9.043999999999999773e+01,5.952868938203599924e+01
9.046000000000000796e+01,5.954185362117400615e+01
9.048000000000000398e+01,5.955501786031200595e+01
9.050000000000000000e+01,5.956818209944999865e+01
9.052000000000001023e+01,5.958134633858800555e+01
9.054000000000000625e+01,5.959451057772600535e+01
9.056000000000000227e+01,5.960767481686400515e+01
9.057999999999999829e+01,5.962083905600199785e+01
9.060000000000000853e+01,5.963400329514000475e+01
9.062000000000000455e+01,5.964716753427800455e+01
9.064000000000000057e+01,5.966033177341600435e+01
9.066000000000001080e+01,5.967349601255400415e+01
9.068000000000000682e+01,5.968666025169200395e+01
9.070000000000000284e+01,5.969982449083000375e+01
9.071999999999999886e+01,5.971298872996799645e+01
9.074000000000000909e+01,5.972615296910600335e+01
9.076000000000000512e+01,5.973931720824400315e+01
9.078000000000000114e+01,5.975248144738200295e+01
9.080000000000001137e+01,5.976564568652000986e+01
9.082000000000000739e+01,5.977880992565800256e+01
9.084000000000000341e+01,5.979197416479600236e+01
9.085999999999999943e+01,5.980513840393400216e+01
9.088000000000000966e+01,5.981830264307200906e+01
9.090000000000000568e+01,5.983146688221000176e+01
9.092000000000000171e+01,5.984463112134800156e+01
9.093999999999999773e+01,5.985779536048600136e+01
9.096000000000000796e+01,5.987095959962400826e+01
9.098000000000000398e+01,5.988412383876200096e+01
9.100000000000000000e+01,5.989728807790000076e+01
9.102000000000001023e+01,5.991045231703800766e+01
9.104000000000000625e+01,5.992361655617600746e+01
9.106000000000000227e+01,5.993678079531400016e+01
9.107999999999999829e+01,5.994994503445199996e+01
9.110000000000000853e+01,5.996310927359000686e+01
9.112000000000000455e+01,5.997627351272800666e+01
9.114000000000000057e+01,5.998943775186599936e+01
9.116000000000001080e+01,6.000260199100400627e+01
9.118000000000000682e+01,6.001576623014200607e+01
9.120000000000000284e+01,6.002893046928000587e+01
9.121999999999999886e+01,6.004209470841799856e+01
9.124000000000000909e+01,6.005525894755600547e+01
9.126000000000000512e+01,6.006842318669400527e+01
9.128000000000000114e+01,6.008158742583199796e+01
9.130000000000001137e+01,6.009475166497000487e+01
9.132000000000000739e+01,6.010791590410800467e+01
9.134000000000000341e+01,6.012108014324600447e+01
9.135999999999999943e+01,6.013424438238399716e+01
9.138000000000000966e+01,6.014740862152200407e+01
9.140000000000000568e+01,6.016057286066000387e+01
9.142000000000000171e+01,6.017373709979800367e+01
9.143999999999999773e+01,6.018690133893599636e+01
9.146000000000000796e+01,6.020006557807400327e+01
9.148000000000000398e+01,6.021322981721200307e+01
9.150000000000000000e+01,6.022639405635000287e+01
9.152000000000001023e+01,6.023955829548800978e+01
9.154000000000000625e+01,6.025272253462600247e+01
9.156000000000000227e+01,6.026588677376400227e+01
9.157999999999999829e+01,6.027905101290200207e+01
9.160000000000000853e+01,6.029221525204000898e+01
9.162000000000000455e+01,6.030537949117800167e+01
9.164000000000000057e+01,6.031854373031600147e+01
9.166000000000001080e+01,6.033170796945400838e+01
9.168000000000000682e+01,6.034487220859200818e+01
9.170000000000000284e+01,6.035803644773000087e+01
9.171999999999999886e+01,6.037120068686800067e+01
9.174000000000000909e+01,6.038436492600600758e+01
9.176000000000000512e+01,6.039752916514400738e+01
9.178000000000000114e+01,6.041069340428200007e+01
9.180000000000001137e+01,6.042385764342000698e+01
9.182000000000000739e+01,6.043702188255800678e+01
9.184000000000000341e+01,6.045018612169599947e+01
9.185999999999999943e+01,6.046335036083399928e+01
9.188000000000000966e+01,6.047651459997200618e+01
9.190000000000000568e+01,6.048967883911000598e+01
9.192000000000000171e+01,6.050284307824799868e+01
9.193999999999999773e+01,6.051600731738599848e+01
9.196000000000000796e+01,6.052917155652400538e+01
9.198000000000000398e+01,6.054233579566200518e+01
9.200000000000000000e+01,6.055550003479999788e+01
9.202000000000001023e+01,6.056866427393800478e+01
9.204000000000000625e+01,6.058182851307600458e+01
9.206000000000000227e+01,6.059499275221400438e+01
9.207999999999999829e+01,6.060815699135199708e+01
9.210000000000000853e+01,6.062132123049000398e+01
9.212000000000000455e+01,6.063448546962800378e+01
9.214000000000000057e+01,6.064764970876600358e+01
9.216000000000001080e+01,6.066081394790401049e+01
9.218000000000000682e+01,6.067397818704200319e+01
9.220000000000000284e+01,6.068714242618000299e+01
9.221999999999999886e+01,6.070030666531800279e+01
9.224000000000000909e+01,6.071347090445600969e+01
9.226000000000000512e+01,6.072663514359400239e+01
9.228000000000000114e+01,6.073979938273200219e+01
9.230000000000001137e+01,6.075296362187000909e+01
9.232000000000000739e+01,6.076612786100800889e+01
9.234000000000000341e+01,6.077929210014600159e+01
9.235999999999999943e+01,6.079245633928400139e+01
9.238000000000000966e+01,6.080562057842200829e+01
9.240000000000000568e+01,6.081878481756000099e+01
9.242000000000000171e+01,6.083194905669800079e+01
9.243999999999999773e+01,6.084511329583600059e+01
9.246000000000000796e+01,6.085827753497400749e+01
9.248000000000000398e+01,6.087144177411200019e+01
9.250000000000000000e+01,6.088460601324999999e+01
9.252000000000001023e+01,6.089777025238800690e+01
9.254000000000000625e+01,6.091093449152600670e+01
9.256000000000000227e+01,6.092409873066399939e+01
9.257999999999999829e+01,6.093726296980199919e+01
9.260000000000000853e+01,6.095042720894000610e+01
9.262000000000000455e+01,6.096359144807800590e+01
9.264000000000000057e+01,6.097675568721599859e+01
9.266000000000001080e+01,6.098991992635400550e+01
9.268000000000000682e+01,6.100308416549200530e+01
9.270000000000000284e+01,6.101624840463000510e+01
9.271999999999999886e+01,6.102941264376799779e+01
9.274000000000000909e+01,6.104257688290600470e+01
9.276000000000000512e+01,6.105574112204400450e+01
9.278000000000000114e+01,6.106890536118200430e+01
9.280000000000001137e+01,6.108206960032001120e+01
9.282000000000000739e+01,6.109523383945800390e+01
9.284000000000000341e+01,6.110839807859600370e+01
9.285999999999999943e+01,6.112156231773400350e+01
9.288000000000000966e+01,6.113472655687201041e+01
9.290000000000000568e+01,6.114789079601000310e+01
9.292000000000000171e+01,6.116105503514800290e+01
9.293999999999999773e+01,6.117421927428599560e+01
9.296000000000000796e+01,6.118738351342400250e+01
9.298000000000000398e+01,6.120054775256200230e+01
9.300000000000000000e+01,6.121371199170000210e+01
9.302000000000001023e+01,6.122687623083800901e+01
9.304000000000000625e+01,6.124004046997600170e+01
9.306000000000000227e+01,6.125320470911400150e+01
9.307999999999999829e+01,6.126636894825200130e+01
9.310000000000000853e+01,6.127953318739000821e+01
9.312000000000000455e+01,6.129269742652800090e+01
9.314000000000000057e+01,6.130586166566600070e+01
9.316000000000001080e+01,6.131902590480400761e+01
9.318000000000000682e+01,6.133219014394200741e+01
9.320000000000000284e+01,6.134535438308000010e+01
9.321999999999999886e+01,6.135851862221799990e+01
9.324000000000000909e+01,6.137168286135600681e+01
9.326000000000000512e+01,6.138484710049400661e+01
9.328000000000000114e+01,6.139801133963199931e+01
9.330000000000001137e+01,6.141117557877000621e+01
9.332000000000000739e+01,6.142433981790800601e+01
9.334000000000000341e+01,6.143750405704600581e+01
9.335999999999999943e+01,6.145066829618399851e+01
9.338000000000000966e+01,6.146383253532200541e+01
9.340000000000000568e+01,6.147699677446000521e+01
9.342000000000000171e+01,6.149016101359800501e+01
9.343999999999999773e+01,6.150332525273599771e+01
9.346000000000000796e+01,6.151648949187400461e+01
9.348000000000000398e+01,6.152965373101200441e+01
9.350000000000000000e+01,6.154281797014999711e+01
9.352000000000001023e+01,6.155598220928800401e+01
9.354000000000000625e+01,6.156914644842600381e+01
9.356000000000000227e+01,6.158231068756400362e+01
9.357999999999999829e+01,6.159547492670199631e+01
9.360000000000000853e+01,6.160863916584000322e+01
9.362000000000000455e+01,6.162180340497800302e+01
9.364000000000000057e+01,6.163496764411600282e+01
9.366000000000001080e+01,6.164813188325400972e+01
9.368000000000000682e+01,6.166129612239200242e+01
9.370000000000000284e+01,6.167446036153000222e+01
9.371999999999999886e+01,6.168762460066800202e+01
9.374000000000000909e+01,6.170078883980600892e+01
9.376000000000000512e+01,6.171395307894400162e+01
9.378000000000000114e+01,6.172711731808200142e+01
9.380000000000001137e+01,6.174028155722000832e+01
9.382000000000000739e+01,6.175344579635800812e+01
9.384000000000000341e+01,6.176661003549600082e+01
9.385999999999999943e+01,6.177977427463400062e+01
9.388000000000000966e+01,6.179293851377200752e+01
9.390000000000000568e+01,6.180610275291000733e+01
9.392000000000000171e+01,6.181926699204800002e+01
9.393999999999999773e+01,6.183243123118599982e+01
9.396000000000000796e+01,6.184559547032400673e+01
9.398000000000000398e+01,6.185875970946200653e+01
9.400000000000000000e+01,6.187192394859999922e+01
9.402000000000001023e+01,6.188508818773800613e+01
9.404000000000000625e+01,6.189825242687600593e+01
9.406000000000000227e+01,6.191141666601399862e+01
9.407999999999999829e+01,6.192458090515199842e+01
9.410000000000000853e+01,6.193774514429000533e+01
9.412000000000000455e+01,6.195090938342800513e+01
9.414000000000000057e+01,6.196407362256599782e+01
9.416000000000001080e+01,6.197723786170400473e+01
9.418000000000000682e+01,6.199040210084200453e+01
9.420000000000000284e+01,6.200356633998000433e+01
9.421999999999999886e+01,6.201673057911799702e+01
9.424000000000000909e+01,6.202989481825600393e+01
9.426000000000000512e+01,6.204305905739400373e+01
9.428000000000000114e+01,6.205622329653200353e+01
9.430000000000001137e+01,6.206938753567001044e+01
9.432000000000000739e+01,6.208255177480800313e+01
9.434000000000000341e+01,6.209571601394600293e+01
9.435999999999999943e+01,6.210888025308400273e+01
9.438000000000000966e+01,6.212204449222200964e+01
9.440000000000000568e+01,6.213520873136000233e+01
9.442000000000000171e+01,6.214837297049800213e+01
9.443999999999999773e+01,6.216153720963600193e+01
9.446000000000000796e+01,6.217470144877400884e+01
9.448000000000000398e+01,6.218786568791200153e+01
9.450000000000000000e+01,6.220102992705000133e+01
9.452000000000001023e+01,6.221419416618800824e+01
9.454000000000000625e+01,6.222735840532600804e+01
9.456000000000000227e+01,6.224052264446400073e+01
9.457999999999999829e+01,6.225368688360200053e+01
9.460000000000000853e+01,6.226685112274000744e+01
9.462000000000000455e+01,6.228001536187800014e+01
9.464000000000000057e+01,6.229317960101599994e+01
9.466000000000001080e+01,6.230634384015400684e+01
9.468000000000000682e+01,6.231950807929200664e+01
9.470000000000000284e+01,6.233267231842999934e+01
9.471999999999999886e+01,6.234583655756799914e+01
9.474000000000000909e+01,6.235900079670600604e+01
9.476000000000000512e+01,6.237216503584400584e+01
9.478000000000000114e+01,6.238532927498199854e+01
9.480000000000001137e+01,6.239849351412000544e+01
9.482000000000000739e+01,6.241165775325800524e+01
9.484000000000000341e+01,6.242482199239600504e+01
9.485999999999999943e+01,6.243798623153399774e+01
9.488000000000000966e+01,6.245115047067200464e+01
9.490000000000000568e+01,6.246431470981000444e+01
9.492000000000000171e+01,6.247747894894800424e+01
9.493999999999999773e+01,6.249064318808599694e+01
9.496000000000000796e+01,6.250380742722400385e+01
9.498000000000000398e+01,6.251697166636200365e+01
9.500000000000000000e+01,6.253013590550000345e+01
9.502000000000001023e+01,6.254330014463801035e+01
9.504000000000000625e+01,6.255646438377600305e+01
9.506000000000000227e+01,6.256962862291400285e+01
9.507999999999999829e+01,6.258279286205200265e+01
9.510000000000000853e+01,6.259595710119000955e+01
9.512000000000000455e+01,6.260912134032800225e+01
9.514000000000000057e+01,6.262228557946600205e+01
9.516000000000001080e+01,6.263544981860400895e+01
9.518000000000000682e+01,6.264861405774200165e+01
9.520000000000000284e+01,6.266177829688000145e+01
9.521999999999999886e+01,6.267494253601800125e+01
9.524000000000000909e+01,6.268810677515600815e+01
9.526000000000000512e+01,6.270127101429400085e+01
9.528000000000000114e+01,6.271443525343200065e+01
9.530000000000001137e+01,6.272759949257000756e+01
9.532000000000000739e+01,6.274076373170800736e+01
9.534000000000000341e+01,6.275392797084600005e+01
9.535999999999999943e+01,6.276709220998399985e+01
9.538000000000000966e+01,6.278025644912200676e+01
9.540000000000000568e+01,6.279342068826000656e+01
9.542000000000000171e+01,6.280658492739799925e+01
9.543999999999999773e+01,6.281974916653599905e+01
9.546000000000000796e+01,6.283291340567400596e+01
9.548000000000000398e+01,6.284607764481200576e+01
9.550000000000000000e+01,6.285924188394999845e+01
9.552000000000001023e+01,6.287240612308800536e+01
9.554000000000000625e+01,6.288557036222600516e+01
9.556000000000000227e+01,6.289873460136400496e+01
9.557999999999999829e+01,6.291189884050199765e+01
9.560000000000000853e+01,6.292506307964000456e+01
9.562000000000000455e+01,6.293822731877800436e+01
9.564000000000000057e+01,6.295139155791600416e+01
9.566000000000001080e+01,6.296455579705401107e+01
9.568000000000000682e+01,6.297772003619200376e+01
9.570000000000000284e+01,6.299088427533000356e+01
9.571999999999999886e+01,6.300404851446800336e+01
9.574000000000000909e+01,6.301721275360600316e+01
9.576000000000000512e+01,6.303037699274400296e+01
9.578000000000000114e+01,6.304354123188200276e+01
9.580000000000001137e+01,6.305670547102000967e+01
9.582000000000000739e+01,6.306986971015800236e+01
9.584000000000000341e+01,6.308303394929600216e+01
9.585999999999999943e+01,6.309619818843400196e+01
9.588000000000000966e+01,6.310936242757200887e+01
9.590000000000000568e+01,6.312252666671000156e+01
9.592000000000000171e+01,6.313569090584800136e+01
9.593999999999999773e+01,6.314885514498600116e+01
9.596000000000000796e+01,6.316201938412400807e+01
9.598000000000000398e+01,6.317518362326200076e+01
9.600000000000000000e+01,6.318834786240000057e+01
9.602000000000001023e+01,6.320151210153800747e+01
9.604000000000000625e+01,6.321467634067600727e+01
9.606000000000000227e+01,6.322784057981399997e+01
9.607999999999999829e+01,6.324100481895199977e+01
9.610000000000000853e+01,6.325416905809000667e+01
9.612000000000000455e+01,6.326733329722800647e+01
9.614000000000000057e+01,6.328049753636599917e+01
9.616000000000001080e+01,6.329366177550400607e+01
9.618000000000000682e+01,6.330682601464200587e+01
9.620000000000000284e+01,6.331999025378000567e+01
9.621999999999999886e+01,6.333315449291799837e+01
9.624000000000000909e+01,6.334631873205600527e+01
9.626000000000000512e+01,6.335948297119400507e+01
9.628000000000000114e+01,6.337264721033199777e+01
9.630000000000001137e+01,6.338581144947000467e+01
9.632000000000000739e+01,6.339897568860800448e+01
9.634000000000000341e+01,6.341213992774600428e+01
9.635999999999999943e+01,6.342530416688399697e+01
9.638000000000000966e+01,6.343846840602200388e+01
9.640000000000000568e+01,6.345163264516000368e+01
9.642000000000000171e+01,6.346479688429800348e+01
9.643999999999999773e+01,6.347796112343599617e+01
9.646000000000000796e+01,6.349112536257400308e+01
9.648000000000000398e+01,6.350428960171200288e+01
9.650000000000000000e+01,6.351745384085000268e+01
9.652000000000001023e+01,6.353061807998800958e+01
9.654000000000000625e+01,6.354378231912600228e+01
9.656000000000000227e+01,6.355694655826400208e+01
9.657999999999999829e+01,6.357011079740200188e+01
9.660000000000000853e+01,6.358327503654000878e+01
9.662000000000000455e+01,6.359643927567800148e+01
9.664000000000000057e+01,6.360960351481600128e+01
9.666000000000001080e+01,6.362276775395400819e+01
9.668000000000000682e+01,6.363593199309200799e+01
9.670000000000000284e+01,6.364909623223000068e+01
9.671999999999999886e+01,6.366226047136800048e+01
9.674000000000000909e+01,6.367542471050600739e+01
9.676000000000000512e+01,6.368858894964400719e+01
9.678000000000000114e+01,6.370175318878199988e+01
9.680000000000001137e+01,6.371491742792000679e+01
9.682000000000000739e+01,6.372808166705800659e+01
9.684000000000000341e+01,6.374124590619599928e+01
9.685999999999999943e+01,6.375441014533399908e+01
9.688000000000000966e+01,6.376757438447200599e+01
9.690000000000000568e+01,6.378073862361000579e+01
9.692000000000000171e+01,6.379390286274799848e+01
9.693999999999999773e+01,6.380706710188599828e+01
9.696000000000000796e+01,6.382023134102400519e+01
9.698000000000000398e+01,6.383339558016200499e+01
9.700000000000000000e+01,6.384655981929999768e+01
9.702000000000001023e+01,6.385972405843800459e+01
9.704000000000000625e+01,6.387288829757600439e+01
9.706000000000000227e+01,6.388605253671400419e+01
9.707999999999999829e+01,6.389921677585199689e+01
9.710000000000000853e+01,6.391238101499000379e+01
9.712000000000000455e+01,6.392554525412800359e+01
9.714000000000000057e+01,6.393870949326600339e+01
9.716000000000001080e+01,6.395187373240401030e+01
9.718000000000000682e+01,6.396503797154200299e+01
9.720000000000000284e+01,6.397820221068000279e+01
9.721999999999999886e+01,6.399136644981800259e+01
9.724000000000000909e+01,6.400453068895600950e+01
9.726000000000000512e+01,6.401769492809400219e+01
9.728000000000000114e+01,6.403085916723199489e+01
9.730000000000001137e+01,6.404402340637000179e+01
9.732000000000000739e+01,6.405718764550800870e+01
9.734000000000000341e+01,6.407035188464600139e+01
9.735999999999999943e+01,6.408351612378399409e+01
9.738000000000000966e+01,6.409668036292200100e+01
9.740000000000000568e+01,6.410984460206000790e+01
9.742000000000000171e+01,6.412300884119800060e+01
9.743999999999999773e+01,6.413617308033599329e+01
9.746000000000000796e+01,6.414933731947400020e+01
9.748000000000000398e+01,6.416250155861200710e+01
9.750000000000000000e+01,6.417566579774999980e+01
9.752000000000001023e+01,6.418883003688800670e+01
9.754000000000000625e+01,6.420199427602599940e+01
9.756000000000000227e+01,6.421515851516400630e+01
9.757999999999999829e+01,6.422832275430199900e+01
9.760000000000000853e+01,6.424148699344000590e+01
9.762000000000000455e+01,6.425465123257799860e+01
9.764000000000000057e+01,6.426781547171600550e+01
9.766000000000001080e+01,6.428097971085401241e+01
9.768000000000000682e+01,6.429414394999200510e+01
9.770000000000000284e+01,6.430730818912999780e+01
9.771999999999999886e+01,6.432047242826800471e+01
9.774000000000000909e+01,6.433363666740601161e+01
9.776000000000000512e+01,6.434680090654400431e+01
9.778000000000000114e+01,6.435996514568199700e+01
9.780000000000001137e+01,6.437312938482000391e+01
9.782000000000000739e+01,6.438629362395801081e+01
9.784000000000000341e+01,6.439945786309600351e+01
9.785999999999999943e+01,6.441262210223399620e+01
9.788000000000000966e+01,6.442578634137200311e+01
9.790000000000000568e+01,6.443895058051001001e+01
9.792000000000000171e+01,6.445211481964800271e+01
9.793999999999999773e+01,6.446527905878599540e+01
9.796000000000000796e+01,6.447844329792400231e+01
9.798000000000000398e+01,6.449160753706200921e+01
9.800000000000000000e+01,6.450477177620000191e+01
9.802000000000001023e+01,6.451793601533800881e+01
9.804000000000000625e+01,6.453110025447600151e+01
9.806000000000000227e+01,6.454426449361400842e+01
9.807999999999999829e+01,6.455742873275200111e+01
9.810000000000000853e+01,6.457059297189000802e+01
9.812000000000000455e+01,6.458375721102800071e+01
9.814000000000000057e+01,6.459692145016600762e+01
9.816000000000001080e+01,6.461008568930401452e+01
9.818000000000000682e+01,6.462324992844200722e+01
9.820000000000000284e+01,6.463641416757999991e+01
9.821999999999999886e+01,6.464957840671800682e+01
9.824000000000000909e+01,6.466274264585599951e+01
9.826000000000000512e+01,6.467590688499400642e+01
9.828000000000000114e+01,6.468907112413199911e+01
9.830000000000001137e+01,6.470223536327000602e+01
9.832000000000000739e+01,6.471539960240799871e+01
9.834000000000000341e+01,6.472856384154600562e+01
9.835999999999999943e+01,6.474172808068399831e+01
9.838000000000000966e+01,6.475489231982200522e+01
9.840000000000000568e+01,6.476805655895999791e+01
9.842000000000000171e+01,6.478122079809800482e+01
9.843999999999999773e+01,6.479438503723599752e+01
9.846000000000000796e+01,6.480754927637400442e+01
9.848000000000000398e+01,6.482071351551199712e+01
9.850000000000000000e+01,6.483387775465000402e+01
9.852000000000001023e+01,6.484704199378801093e+01
9.854000000000000625e+01,6.486020623292600362e+01
9.856000000000000227e+01,6.487337047206399632e+01
9.857999999999999829e+01,6.488653471120200322e+01
9.860000000000000853e+01,6.489969895034001013e+01
9.862000000000000455e+01,6.491286318947800282e+01
9.864000000000000057e+01,6.492602742861599552e+01
9.866000000000001080e+01,6.493919166775400242e+01
9.868000000000000682e+01,6.495235590689200933e+01
9.870000000000000284e+01,6.496552014603000202e+01
9.871999999999999886e+01,6.497868438516799472e+01
9.874000000000000909e+01,6.499184862430600162e+01
9.876000000000000512e+01,6.500501286344400853e+01
9.878000000000000114e+01,6.501817710258200123e+01
9.880000000000001137e+01,6.503134134172000813e+01
9.882000000000000739e+01,6.504450558085800083e+01
9.884000000000000341e+01,6.505766981999600773e+01
9.885999999999999943e+01,6.507083405913400043e+01
9.888000000000000966e+01,6.508399829827200733e+01
9.890000000000000568e+01,6.509716253741000003e+01
9.892000000000000171e+01,6.511032677654800693e+01
9.893999999999999773e+01,6.512349101568599963e+01
9.896000000000000796e+01,6.513665525482400653e+01
9.898000000000000398e+01,6.514981949396199923e+01
9.900000000000000000e+01,6.516298373310000613e+01
9.902000000000001023e+01,6.517614797223801304e+01
9.904000000000000625e+01,6.518931221137600573e+01
9.906000000000000227e+01,6.520247645051399843e+01
9.907999999999999829e+01,6.521564068965200534e+01
9.910000000000000853e+01,6.522880492879001224e+01
9.912000000000000455e+01,6.524196916792800494e+01
9.914000000000000057e+01,6.525513340706599763e+01
9.916000000000001080e+01,6.526829764620400454e+01
9.918000000000000682e+01,6.528146188534201144e+01
9.920000000000000284e+01,6.529462612448000414e+01
9.921999999999999886e+01,6.530779036361799683e+01
9.924000000000000909e+01,6.532095460275600374e+01
9.926000000000000512e+01,6.533411884189401064e+01
9.928000000000000114e+01,6.534728308103200334e+01
9.930000000000001137e+01,6.536044732017001024e+01
9.932000000000000739e+01,6.537361155930800294e+01
9.934000000000000341e+01,6.538677579844600984e+01
9.935999999999999943e+01,6.539994003758400254e+01
9.938000000000000966e+01,6.541310427672200944e+01
9.940000000000000568e+01,6.542626851586000214e+01
9.942000000000000171e+01,6.543943275499799483e+01
9.943999999999999773e+01,6.545259699413600174e+01
9.946000000000000796e+01,6.546576123327400865e+01
9.948000000000000398e+01,6.547892547241200134e+01
9.950000000000000000e+01,6.549208971154999404e+01
9.952000000000001023e+01,6.550525395068800094e+01
9.954000000000000625e+01,6.551841818982600785e+01
9.956000000000000227e+01,6.553158242896400054e+01
9.957999999999999829e+01,6.554474666810199324e+01
9.960000000000000853e+01,6.555791090724000014e+01
9.962000000000000455e+01,6.557107514637800705e+01
9.964000000000000057e+01,6.558423938551599974e+01
9.966000000000001080e+01,6.559740362465400665e+01
9.968000000000000682e+01,6.561056786379199934e+01
9.970000000000000284e+01,6.562373210293000625e+01
9.971999999999999886e+01,6.563689634206799894e+01
9.974000000000000909e+01,6.565006058120600585e+01
9.976000000000000512e+01,6.566322482034399854e+01
9.978000000000000114e+01,6.567638905948200545e+01
9.980000000000001137e+01,6.568955329862001236e+01
9.982000000000000739e+01,6.570271753775800505e+01
9.984000000000000341e+01,6.571588177689599775e+01
9.985999999999999943e+01,6.572904601603400465e+01
9.988000000000000966e+01,6.574221025517201156e+01
9.990000000000000568e+01,6.575537449431000425e+01
9.992000000000000171e+01,6.576853873344799695e+01
9.993999999999999773e+01,6.578170297258600385e+01
9.996000000000000796e+01,6.579486721172401076e+01
9.998000000000000398e+01,6.580803145086200345e+01
1.000000000000000000e+02,6.582119568999999615e+01
1.000200000000000102e+02,6.583435992913800305e+01
1.000400000000000063e+02,6.584752416827600996e+01
1.000600000000000023e+02,6.586068840741400265e+01
1.000799999999999983e+02,6.587385264655199535e+01
1.001000000000000085e+02,6.588701688569000225e+01
1.001200000000000045e+02,6.590018112482800916e+01
1.001400000000000006e+02,6.591334536396600186e+01
1.001600000000000108e+02,6.592650960310400876e+01
1.001800000000000068e+02,6.593967384224200146e+01
1.002000000000000028e+02,6.595283808138000836e+01
1.002199999999999989e+02,6.596600232051800106e+01
1.002400000000000091e+02,6.597916655965600796e+01
1.002600000000000051e+02,6.599233079879400066e+01
1.002800000000000011e+02,6.600549503793200756e+01
1.003000000000000114e+02,6.601865927707001447e+01
1.003200000000000074e+02,6.603182351620800716e+01
1.003400000000000034e+02,6.604498775534599986e+01
1.003599999999999994e+02,6.605815199448400676e+01
1.003800000000000097e+02,6.607131623362201367e+01
1.004000000000000057e+02,6.608448047276000636e+01
1.004200000000000017e+02,6.609764471189799906e+01
1.004399999999999977e+02,6.611080895103600596e+01
1.004600000000000080e+02,6.612397319017401287e+01
1.004800000000000040e+02,6.613713742931200557e+01
1.005000000000000000e+02,6.615030166844999826e+01
1.005200000000000102e+02,6.616346590758800517e+01
1.005400000000000063e+02,6.617663014672599786e+01
1.005600000000000023e+02,6.618979438586400477e+01
1.005799999999999983e+02,6.620295862500199746e+01
1.006000000000000085e+02,6.621612286414000437e+01
1.006200000000000045e+02,6.622928710327799706e+01
1.006400000000000006e+02,6.624245134241600397e+01
1.006600000000000108e+02,6.625561558155401087e+01
1.006800000000000068e+02,6.626877982069200357e+01
1.007000000000000028e+02,6.628194405982999626e+01
1.007199999999999989e+02,6.629510829896800317e+01
1.007400000000000091e+02,6.630827253810601007e+01
1.007600000000000051e+02,6.632143677724400277e+01
1.007800000000000011e+02,6.633460101638199546e+01
1.008000000000000114e+02,6.634776525552000237e+01
1.008200000000000074e+02,6.636092949465800928e+01
1.008400000000000034e+02,6.637409373379600197e+01
1.008599999999999994e+02,6.638725797293399467e+01
1.008800000000000097e+02,6.640042221207200157e+01
1.009000000000000057e+02,6.641358645121000848e+01
1.009200000000000017e+02,6.642675069034800117e+01
1.009399999999999977e+02,6.643991492948599387e+01
1.009600000000000080e+02,6.645307916862400077e+01
1.009800000000000040e+02,6.646624340776200768e+01
1.010000000000000000e+02,6.647940764690000037e+01
1.010200000000000102e+02,6.649257188603800728e+01
1.010400000000000063e+02,6.650573612517599997e+01
1.010600000000000023e+02,6.651890036431400688e+01
1.010799999999999983e+02,6.653206460345199957e+01
1.011000000000000085e+02,6.654522884259000648e+01
1.011200000000000045e+02,6.655839308172799917e+01
1.011400000000000006e+02,6.657155732086600608e+01
1.011600000000000108e+02,6.658472156000401299e+01
1.011800000000000068e+02,6.659788579914200568e+01
1.012000000000000028e+02,6.661105003827999838e+01
1.012199999999999989e+02,6.662421427741800528e+01
1.012400000000000091e+02,6.663737851655601219e+01
1.012600000000000051e+02,6.665054275569400488e+01
1.012800000000000011e+02,6.666370699483199758e+01
1.013000000000000114e+02,6.667687123397000448e+01
1.013200000000000074e+02,6.669003547310801139e+01
1.013400000000000034e+02,6.670319971224600408e+01
1.013599999999999994e+02,6.671636395138399678e+01
1.013800000000000097e+02,6.672952819052200368e+01
1.014000000000000057e+02,6.674269242966001059e+01
1.014200000000000017e+02,6.675585666879800328e+01
1.014399999999999977e+02,6.676902090793599598e+01
1.014600000000000080e+02,6.678218514707400288e+01
1.014800000000000040e+02,6.679534938621200979e+01
1.015000000000000000e+02,6.680851362535000248e+01
1.015200000000000102e+02,6.682167786448800939e+01
1.015400000000000063e+02,6.683484210362600209e+01
1.015600000000000023e+02,6.684800634276400899e+01
1.015799999999999983e+02,6.686117058190200169e+01
1.016000000000000085e+02,6.687433482104000859e+01
1.016200000000000045e+02,6.688749906017800129e+01
1.016400000000000006e+02,6.690066329931599398e+01
1.016600000000000108e+02,6.691382753845400089e+01
1.016800000000000068e+02,6.692699177759200779e+01
1.017000000000000028e+02,6.694015601673000049e+01
1.017199999999999989e+02,6.695332025586799318e+01
1.017400000000000091e+02,6.696648449500600009e+01
1.017600000000000051e+02,6.697964873414400699e+01
1.017800000000000011e+02,6.699281297328199969e+01
1.018000000000000114e+02,6.700597721242000659e+01
1.018200000000000074e+02,6.701914145155799929e+01
1.018400000000000034e+02,6.703230569069600620e+01
1.018599999999999994e+02,6.704546992983399889e+01
1.018800000000000097e+02,6.705863416897200580e+01
1.019000000000000057e+02,6.707179840810999849e+01
1.019200000000000017e+02,6.708496264724800540e+01
1.019399999999999977e+02,6.709812688638599809e+01
1.019600000000000080e+02,6.711129112552400500e+01
1.019800000000000040e+02,6.712445536466199769e+01
1.020000000000000000e+02,6.713761960380000460e+01
1.020200000000000102e+02,6.715078384293801150e+01
1.020400000000000063e+02,6.716394808207600420e+01
1.020600000000000023e+02,6.717711232121399689e+01
1.020799999999999983e+02,6.719027656035200380e+01
1.021000000000000085e+02,6.720344079949001070e+01
1.021200000000000045e+02,6.721660503862800340e+01
1.021400000000000006e+02,6.722976927776599609e+01
1.021600000000000108e+02,6.724293351690400300e+01
1.021800000000000068e+02,6.725609775604200991e+01
1.022000000000000028e+02,6.726926199518000260e+01
1.022199999999999989e+02,6.728242623431799529e+01
1.022400000000000091e+02,6.729559047345600220e+01
1.022600000000000051e+02,6.730875471259400911e+01
1.022800000000000011e+02,6.732191895173200180e+01
1.023000000000000114e+02,6.733508319087000871e+01
1.023200000000000074e+02,6.734824743000800140e+01
1.023400000000000034e+02,6.736141166914600831e+01
1.023599999999999994e+02,6.737457590828400100e+01
1.023800000000000097e+02,6.738774014742200791e+01
1.024000000000000057e+02,6.740090438656000060e+01
1.024200000000000017e+02,6.741406862569800751e+01
1.024400000000000119e+02,6.742723286483601441e+01
1.024600000000000080e+02,6.744039710397400711e+01
1.024800000000000040e+02,6.745356134311199980e+01
1.025000000000000000e+02,6.746672558225000671e+01
1.025200000000000102e+02,6.747988982138801362e+01
1.025400000000000063e+02,6.749305406052600631e+01
1.025600000000000023e+02,6.750621829966399901e+01
1.025799999999999983e+02,6.751938253880200591e+01
1.026000000000000085e+02,6.753254677794001282e+01
1.026200000000000045e+02,6.754571101707800551e+01
1.026400000000000006e+02,6.755887525621599821e+01
1.026600000000000108e+02,6.757203949535400511e+01
1.026800000000000068e+02,6.758520373449201202e+01
1.027000000000000028e+02,6.759836797363000471e+01
1.027199999999999989e+02,6.761153221276799741e+01
1.027400000000000091e+02,6.762469645190600431e+01
1.027600000000000051e+02,6.763786069104399701e+01
1.027800000000000011e+02,6.765102493018200391e+01
1.028000000000000114e+02,6.766418916932001082e+01
1.028200000000000074e+02,6.767735340845800351e+01
1.028400000000000034e+02,6.769051764759599621e+01
1.028599999999999994e+02,6.770368188673400311e+01
1.028800000000000097e+02,6.771684612587201002e+01
1.029000000000000057e+02,6.773001036501000272e+01
1.029200000000000017e+02,6.774317460414799541e+01
1.029400000000000119e+02,6.775633884328600232e+01
1.029600000000000080e+02,6.776950308242400922e+01
1.029800000000000040e+02,6.778266732156200192e+01
1.030000000000000000e+02,6.779583156069999461e+01
1.030200000000000102e+02,6.780899579983800152e+01
1.030400000000000063e+02,6.782216003897600842e+01
1.030600000000000023e+02,6.783532427811400112e+01
1.030799999999999983e+02,6.784848851725199381e+01
1.031000000000000085e+02,6.786165275639000072e+01
1.031200000000000045e+02,6.787481699552800762e+01
1.031400000000000006e+02,6.788798123466600032e+01
1.031600000000000108e+02,6.790114547380400722e+01
1.031800000000000068e+02,6.791430971294199992e+01
1.032000000000000028e+02,6.792747395208000682e+01
1.032199999999999989e+02,6.794063819121799952e+01
1.032400000000000091e+02,6.795380243035600643e+01
1.032600000000000051e+02,6.796696666949399912e+01
1.032800000000000011e+02,6.798013090863200603e+01
1.033000000000000114e+02,6.799329514777001293e+01
1.033200000000000074e+02,6.800645938690800563e+01
1.033400000000000034e+02,6.801962362604599832e+01
1.033599999999999994e+02,6.803278786518400523e+01
1.033800000000000097e+02,6.804595210432201213e+01
1.034000000000000057e+02,6.805911634346000483e+01
1.034200000000000017e+02,6.807228058259799752e+01
1.034400000000000119e+02,6.808544482173600443e+01
1.034600000000000080e+02,6.809860906087401133e+01
1.034800000000000040e+02,6.811177330001200403e+01
1.035000000000000000e+02,6.812493753914999672e+01
1.035200000000000102e+02,6.813810177828800363e+01
1.035400000000000063e+02,6.815126601742601054e+01
1.035600000000000023e+02,6.816443025656400323e+01
1.035799999999999983e+02,6.817759449570199592e+01
1.036000000000000085e+02,6.819075873484000283e+01
1.036200000000000045e+02,6.820392297397800974e+01
1.036400000000000006e+02,6.821708721311600243e+01
1.036600000000000108e+02,6.823025145225400934e+01
1.036800000000000068e+02,6.824341569139200203e+01
1.037000000000000028e+02,6.825657993053000894e+01
1.037199999999999989e+02,6.826974416966800163e+01
1.037400000000000091e+02,6.828290840880600854e+01
1.037600000000000051e+02,6.829607264794400123e+01
1.037800000000000011e+02,6.830923688708200814e+01
1.038000000000000114e+02,6.832240112622001504e+01
1.038200000000000074e+02,6.833556536535800774e+01
1.038400000000000034e+02,6.834872960449600043e+01
1.038599999999999994e+02,6.836189384363400734e+01
1.038800000000000097e+02,6.837505808277200003e+01
1.039000000000000057e+02,6.838822232191000694e+01
1.039200000000000017e+02,6.840138656104799963e+01
1.039400000000000119e+02,6.841455080018600654e+01
1.039600000000000080e+02,6.842771503932399924e+01
1.039800000000000040e+02,6.844087927846200614e+01
1.040000000000000000e+02,6.845404351759999884e+01
1.040200000000000102e+02,6.846720775673800574e+01
1.040400000000000063e+02,6.848037199587599844e+01
1.040600000000000023e+02,6.849353623501400534e+01
1.040799999999999983e+02,6.850670047415199804e+01
1.041000000000000085e+02,6.851986471329000494e+01
1.041200000000000045e+02,6.853302895242799764e+01
1.041400000000000006e+02,6.854619319156600454e+01
1.041600000000000108e+02,6.855935743070401145e+01
1.041800000000000068e+02,6.857252166984200414e+01
1.042000000000000028e+02,6.858568590897999684e+01
1.042199999999999989e+02,6.859885014811800374e+01
1.042400000000000091e+02,6.861201438725601065e+01
1.042600000000000051e+02,6.862517862639400335e+01
1.042800000000000011e+02,6.863834286553199604e+01
1.043000000000000114e+02,6.865150710467000295e+01
1.043200000000000074e+02,6.866467134380800985e+01
1.043400000000000034e+02,6.867783558294600255e+01
1.043599999999999994e+02,6.869099982208399524e+01
1.043800000000000097e+02,6.870416406122200215e+01
1.044000000000000057e+02,6.871732830036000905e+01
1.044200000000000017e+02,6.873049253949800175e+01
1.044400000000000119e+02,6.874365677863600865e+01
1.044600000000000080e+02,6.875682101777400135e+01
1.044800000000000040e+02,6.876998525691200825e+01
1.045000000000000000e+02,6.878314949605000095e+01
1.045200000000000102e+02,6.879631373518800785e+01
1.045400000000000063e+02,6.880947797432600055e+01
1.045600000000000023e+02,6.882264221346400745e+01
1.045799999999999983e+02,6.883580645260200015e+01
1.046000000000000085e+02,6.884897069174000706e+01
1.046200000000000045e+02,6.886213493087799975e+01
1.046400000000000006e+02,6.887529917001600666e+01
1.046600000000000108e+02,6.888846340915401356e+01
1.046800000000000068e+02,6.890162764829200626e+01
1.047000000000000028e+02,6.891479188742999895e+01
1.047199999999999989e+02,6.892795612656800586e+01
1.047400000000000091e+02,6.894112036570601276e+01
1.047600000000000051e+02,6.895428460484400546e+01
1.047800000000000011e+02,6.896744884398199815e+01
1.048000000000000114e+02,6.898061308312000506e+01
1.048200000000000074e+02,6.899377732225801196e+01
1.048400000000000034e+02,6.900694156139600466e+01
1.048599999999999994e+02,6.902010580053399735e+01
1.048800000000000097e+02,6.903327003967200426e+01
1.049000000000000057e+02,6.904643427881001116e+01
1.049200000000000017e+02,6.905959851794800386e+01
1.049400000000000119e+02,6.907276275708601077e+01
1.049600000000000080e+02,6.908592699622400346e+01
1.049800000000000040e+02,6.909909123536199616e+01
1.050000000000000000e+02,6.911225547450000306e+01
1.050200000000000102e+02,6.912541971363800997e+01
1.050400000000000063e+02,6.913858395277600266e+01
1.050600000000000023e+02,6.915174819191399536e+01
1.050799999999999983e+02,6.916491243105200226e+01
1.051000000000000085e+02,6.917807667019000917e+01
1.051200000000000045e+02,6.919124090932800186e+01
1.051400000000000006e+02,6.920440514846599456e+01
1.051600000000000108e+02,6.921756938760400146e+01
1.051800000000000068e+02,6.923073362674200837e+01
1.052000000000000028e+02,6.924389786588000106e+01
1.052199999999999989e+02,6.925706210501799376e+01
1.052400000000000091e+02,6.927022634415600066e+01
1.052600000000000051e+02,6.928339058329400757e+01
1.052800000000000011e+02,6.929655482243200026e+01
1.053000000000000114e+02,6.930971906157000717e+01
1.053200000000000074e+02,6.932288330070799987e+01
1.053400000000000034e+02,6.933604753984600677e+01
1.053599999999999994e+02,6.934921177898399947e+01
1.053800000000000097e+02,6.936237601812200637e+01
1.054000000000000057e+02,6.937554025725999907e+01
1.054200000000000017e+02,6.938870449639800597e+01
1.054400000000000119e+02,6.940186873553601288e+01
1.054600000000000080e+02,6.941503297467400557e+01
1.054800000000000040e+02,6.942819721381199827e+01
1.055000000000000000e+02,6.944136145295000517e+01
1.055200000000000102e+02,6.945452569208801208e+01
1.055400000000000063e+02,6.946768993122600477e+01
1.055600000000000023e+02,6.948085417036399747e+01
1.055799999999999983e+02,6.949401840950200437e+01
1.056000000000000085e+02,6.950718264864001128e+01
1.056200000000000045e+02,6.952034688777800397e+01
1.056400000000000006e+02,6.953351112691599667e+01
1.056600000000000108e+02,6.954667536605400358e+01
1.056800000000000068e+02,6.955983960519201048e+01
1.057000000000000028e+02,6.957300384433000318e+01
1.057199999999999989e+02,6.958616808346799587e+01
1.057400000000000091e+02,6.959933232260600278e+01
1.057600000000000051e+02,6.961249656174400968e+01
1.057800000000000011e+02,6.962566080088200238e+01
1.058000000000000114e+02,6.963882504002000928e+01
1.058200000000000074e+02,6.965198927915800198e+01
1.058400000000000034e+02,6.966515351829600888e+01
1.058599999999999994e+02,6.967831775743400158e+01
1.058800000000000097e+02,6.969148199657200848e+01
1.059000000000000057e+02,6.970464623571000118e+01
1.059200000000000017e+02,6.971781047484800808e+01
1.059400000000000119e+02,6.973097471398601499e+01
1.059600000000000080e+02,6.974413895312400768e+01
1.059800000000000040e+02,6.975730319226200038e+01
1.060000000000000000e+02,6.977046743140000729e+01
1.060200000000000102e+02,6.978363167053801419e+01
1.060400000000000063e+02,6.979679590967600689e+01
1.060600000000000023e+02,6.980996014881399958e+01
1.060799999999999983e+02,6.982312438795200649e+01
1.061000000000000085e+02,6.983628862708999918e+01
1.061200000000000045e+02,6.984945286622800609e+01
1.061400000000000006e+02,6.986261710536599878e+01
1.061600000000000108e+02,6.987578134450400569e+01
1.061800000000000068e+02,6.988894558364199838e+01
1.062000000000000028e+02,6.990210982278000529e+01
1.062199999999999989e+02,6.991527406191799798e+01
1.062400000000000091e+02,6.992843830105600489e+01
1.062600000000000051e+02,6.994160254019399758e+01
1.062800000000000011e+02,6.995476677933200449e+01
1.063000000000000114e+02,6.996793101847001140e+01
1.063200000000000074e+02,6.998109525760800409e+01
1.063400000000000034e+02,6.999425949674599678e+01
1.063599999999999994e+02,7.000742373588400369e+01
1.063800000000000097e+02,7.002058797502201060e+01
1.064000000000000057e+02,7.003375221416000329e+01
1.064200000000000017e+02,7.004691645329799599e+01
1.064400000000000119e+02,7.006008069243600289e+01
1.064600000000000080e+02,7.007324493157400980e+01
1.064800000000000040e+02,7.008640917071200249e+01
1.065000000000000000e+02,7.009957340984999519e+01
1.065200000000000102e+02,7.011273764898800209e+01
1.065400000000000063e+02,7.012590188812600900e+01
1.065600000000000023e+02,7.013906612726400169e+01
1.065799999999999983e+02,7.015223036640199439e+01
1.066000000000000085e+02,7.016539460554000129e+01
1.066200000000000045e+02,7.017855884467800820e+01
1.066400000000000006e+02,7.019172308381600089e+01
1.066600000000000108e+02,7.020488732295400780e+01
1.066800000000000068e+02,7.021805156209200049e+01
1.067000000000000028e+02,7.023121580123000740e+01
1.067199999999999989e+02,7.024438004036800010e+01
1.067400000000000091e+02,7.025754427950600700e+01
1.067600000000000051e+02,7.027070851864399970e+01
1.067800000000000011e+02,7.028387275778200660e+01
1.068000000000000114e+02,7.029703699692001351e+01
1.068200000000000074e+02,7.031020123605800620e+01
1.068400000000000034e+02,7.032336547519599890e+01
1.068599999999999994e+02,7.033652971433400580e+01
1.068800000000000097e+02,7.034969395347201271e+01
1.069000000000000057e+02,7.036285819261000540e+01
1.069200000000000017e+02,7.037602243174799810e+01
1.069400000000000119e+02,7.038918667088600500e+01
1.069600000000000080e+02,7.040235091002401191e+01
1.069800000000000040e+02,7.041551514916200460e+01
1.070000000000000000e+02,7.042867938829999730e+01
1.070200000000000102e+02,7.044184362743800421e+01
1.070400000000000063e+02,7.045500786657601111e+01
1.070600000000000023e+02,7.046817210571400381e+01
1.070799999999999983e+02,7.048133634485199650e+01
1.071000000000000085e+02,7.049450058399000341e+01
1.071200000000000045e+02,7.050766482312801031e+01
1.071400000000000006e+02,7.052082906226600301e+01
1.071600000000000108e+02,7.053399330140400991e+01
1.071800000000000068e+02,7.054715754054200261e+01
1.072000000000000028e+02,7.056032177968000951e+01
1.072199999999999989e+02,7.057348601881800221e+01
1.072400000000000091e+02,7.058665025795600911e+01
1.072600000000000051e+02,7.059981449709400181e+01
1.072800000000000011e+02,7.061297873623199450e+01
1.073000000000000114e+02,7.062614297537000141e+01
1.073200000000000074e+02,7.063930721450800831e+01
1.073400000000000034e+02,7.065247145364600101e+01
1.073599999999999994e+02,7.066563569278399370e+01
1.073800000000000097e+02,7.067879993192200061e+01
1.074000000000000057e+02,7.069196417106000752e+01
1.074200000000000017e+02,7.070512841019800021e+01
1.074400000000000119e+02,7.071829264933600712e+01
1.074600000000000080e+02,7.073145688847399981e+01
1.074800000000000040e+02,7.074462112761200672e+01
1.075000000000000000e+02,7.075778536674999941e+01
1.075200000000000102e+02,7.077094960588800632e+01
1.075400000000000063e+02,7.078411384502599901e+01
1.075600000000000023e+02,7.079727808416400592e+01
1.075799999999999983e+02,7.081044232330199861e+01
1.076000000000000085e+02,7.082360656244000552e+01
1.076200000000000045e+02,7.083677080157799821e+01
1.076400000000000006e+02,7.084993504071600512e+01
1.076600000000000108e+02,7.086309927985401202e+01
1.076800000000000068e+02,7.087626351899200472e+01
1.077000000000000028e+02,7.088942775812999741e+01
1.077199999999999989e+02,7.090259199726800432e+01
1.077400000000000091e+02,7.091575623640601123e+01
1.077600000000000051e+02,7.092892047554400392e+01
1.077800000000000011e+02,7.094208471468199662e+01
1.078000000000000114e+02,7.095524895382000352e+01
1.078200000000000074e+02,7.096841319295801043e+01
1.078400000000000034e+02,7.098157743209600312e+01
1.078599999999999994e+02,7.099474167123399582e+01
1.078800000000000097e+02,7.100790591037200272e+01
1.079000000000000057e+02,7.102107014951000963e+01
1.079200000000000017e+02,7.103423438864800232e+01
1.079400000000000119e+02,7.104739862778600923e+01
1.079600000000000080e+02,7.106056286692400192e+01
1.079800000000000040e+02,7.107372710606200883e+01
1.080000000000000000e+02,7.108689134520000152e+01
1.080200000000000102e+02,7.110005558433800843e+01
1.080400000000000063e+02,7.111321982347600112e+01
1.080600000000000023e+02,7.112638406261400803e+01
1.080799999999999983e+02,7.113954830175200073e+01
1.081000000000000085e+02,7.115271254089000763e+01
1.081200000000000045e+02,7.116587678002800033e+01
1.081400000000000006e+02,7.117904101916600723e+01
1.081600000000000108e+02,7.119220525830401414e+01
1.081800000000000068e+02,7.120536949744200683e+01
1.082000000000000028e+02,7.121853373657999953e+01
1.082199999999999989e+02,7.123169797571800643e+01
1.082400000000000091e+02,7.124486221485601334e+01
1.082600000000000051e+02,7.125802645399400603e+01
1.082800000000000011e+02,7.127119069313199873e+01
1.083000000000000114e+02,7.128435493227000563e+01
1.083200000000000074e+02,7.129751917140801254e+01
1.083400000000000034e+02,7.131068341054600523e+01
1.083599999999999994e+02,7.132384764968399793e+01
1.083800000000000097e+02,7.133701188882200483e+01
1.084000000000000057e+02,7.135017612795999753e+01
1.084200000000000017e+02,7.136334036709800444e+01
1.084400000000000119e+02,7.137650460623601134e+01
1.084600000000000080e+02,7.138966884537400404e+01
1.084800000000000040e+02,7.140283308451199673e+01
1.085000000000000000e+02,7.141599732365000364e+01
1.085200000000000102e+02,7.142916156278801054e+01
1.085400000000000063e+02,7.144232580192600324e+01
1.085600000000000023e+02,7.145549004106399593e+01
1.085799999999999983e+02,7.146865428020200284e+01
1.086000000000000085e+02,7.148181851934000974e+01
1.086200000000000045e+02,7.149498275847800244e+01
1.086400000000000006e+02,7.150814699761599513e+01
1.086600000000000108e+02,7.152131123675400204e+01
1.086800000000000068e+02,7.153447547589200894e+01
1.087000000000000028e+02,7.154763971503000164e+01
1.087199999999999989e+02,7.156080395416799433e+01
1.087400000000000091e+02,7.157396819330600124e+01
1.087600000000000051e+02,7.158713243244400815e+01
1.087800000000000011e+02,7.160029667158200084e+01
1.088000000000000114e+02,7.161346091072000775e+01
1.088200000000000074e+02,7.162662514985800044e+01
1.088400000000000034e+02,7.163978938899600735e+01
1.088599999999999994e+02,7.165295362813400004e+01
1.088800000000000097e+02,7.166611786727200695e+01
1.089000000000000057e+02,7.167928210640999964e+01
1.089200000000000017e+02,7.169244634554800655e+01
1.089400000000000119e+02,7.170561058468601345e+01
1.089600000000000080e+02,7.171877482382400615e+01
1.089800000000000040e+02,7.173193906296199884e+01
1.090000000000000000e+02,7.174510330210000575e+01
1.090200000000000102e+02,7.175826754123801265e+01
1.090400000000000063e+02,7.177143178037600535e+01
1.090600000000000023e+02,7.178459601951399804e+01
1.090799999999999983e+02,7.179776025865200495e+01
1.091000000000000085e+02,7.181092449779001186e+01
1.091200000000000045e+02,7.182408873692800455e+01
1.091400000000000006e+02,7.183725297606599725e+01
1.091600000000000108e+02,7.185041721520400415e+01
1.091800000000000068e+02,7.186358145434201106e+01
1.092000000000000028e+02,7.187674569348000375e+01
1.092199999999999989e+02,7.188990993261799645e+01
1.092400000000000091e+02,7.190307417175600335e+01
1.092600000000000051e+02,7.191623841089401026e+01
1.092800000000000011e+02,7.192940265003200295e+01
1.093000000000000114e+02,7.194256688917000986e+01
1.093200000000000074e+02,7.195573112830800255e+01
1.093400000000000034e+02,7.196889536744600946e+01
1.093599999999999994e+02,7.198205960658400215e+01
1.093800000000000097e+02,7.199522384572200906e+01
1.094000000000000057e+02,7.200838808486000175e+01
1.094200000000000017e+02,7.202155232399800866e+01
1.094400000000000119e+02,7.203471656313601557e+01
1.094600000000000080e+02,7.204788080227400826e+01
1.094800000000000040e+02,7.206104504141200096e+01
1.095000000000000000e+02,7.207420928054999365e+01
1.095200000000000102e+02,7.208737351968800056e+01
1.095400000000000063e+02,7.210053775882600746e+01
1.095600000000000023e+02,7.211370199796400016e+01
1.095799999999999983e+02,7.212686623710199285e+01
1.096000000000000085e+02,7.214003047623999976e+01
1.096200000000000045e+02,7.215319471537800666e+01
1.096400000000000006e+02,7.216635895451599936e+01
1.096600000000000108e+02,7.217952319365400626e+01
1.096800000000000068e+02,7.219268743279199896e+01
1.097000000000000028e+02,7.220585167193000586e+01
1.097199999999999989e+02,7.221901591106799856e+01
1.097400000000000091e+02,7.223218015020600546e+01
1.097600000000000051e+02,7.224534438934399816e+01
1.097800000000000011e+02,7.225850862848200507e+01
1.098000000000000114e+02,7.227167286762001197e+01
1.098200000000000074e+02,7.228483710675800467e+01
1.098400000000000034e+02,7.229800134589599736e+01
1.098599999999999994e+02,7.231116558503400427e+01
1.098800000000000097e+02,7.232432982417201117e+01
1.099000000000000057e+02,7.233749406331000387e+01
1.099200000000000017e+02,7.235065830244799656e+01
1.099400000000000119e+02,7.236382254158600347e+01
1.099600000000000080e+02,7.237698678072401037e+01
1.099800000000000040e+02,7.239015101986200307e+01
1.100000000000000000e+02,7.240331525899999576e+01
1.100200000000000102e+02,7.241647949813800267e+01
1.100400000000000063e+02,7.242964373727600957e+01
1.100600000000000023e+02,7.244280797641400227e+01
1.100799999999999983e+02,7.245597221555199496e+01
1.101000000000000085e+02,7.246913645469000187e+01
1.101200000000000045e+02,7.248230069382800878e+01
1.101400000000000006e+02,7.249546493296600147e+01
1.101600000000000108e+02,7.250862917210400838e+01
1.101800000000000068e+02,7.252179341124200107e+01
1.102000000000000028e+02,7.253495765038000798e+01
1.102199999999999989e+02,7.254812188951800067e+01
1.102400000000000091e+02,7.256128612865600758e+01
1.102600000000000051e+02,7.257445036779400027e+01
1.102800000000000011e+02,7.258761460693200718e+01
1.103000000000000114e+02,7.260077884607001408e+01
1.103200000000000074e+02,7.261394308520800678e+01
1.103400000000000034e+02,7.262710732434599947e+01
1.103599999999999994e+02,7.264027156348400638e+01
1.103800000000000097e+02,7.265343580262201328e+01
1.104000000000000057e+02,7.266660004176000598e+01
1.104200000000000017e+02,7.267976428089799867e+01
1.104400000000000119e+02,7.269292852003600558e+01
1.104600000000000080e+02,7.270609275917401249e+01
1.104800000000000040e+02,7.271925699831200518e+01
1.105000000000000000e+02,7.273242123744999788e+01
1.105200000000000102e+02,7.274558547658800478e+01
1.105400000000000063e+02,7.275874971572601169e+01
1.105600000000000023e+02,7.277191395486400438e+01
1.105799999999999983e+02,7.278507819400199708e+01
1.106000000000000085e+02,7.279824243314000398e+01
1.106200000000000045e+02,7.281140667227799668e+01
1.106400000000000006e+02,7.282457091141600358e+01
1.106600000000000108e+02,7.283773515055401049e+01
1.106800000000000068e+02,7.285089938969200318e+01
1.107000000000000028e+02,7.286406362882999588e+01
1.107199999999999989e+02,7.287722786796800278e+01
1.107400000000000091e+02,7.289039210710600969e+01
1.107600000000000051e+02,7.290355634624400238e+01
1.107800000000000011e+02,7.291672058538199508e+01
1.108000000000000114e+02,7.292988482452000198e+01
1.108200000000000074e+02,7.294304906365800889e+01
1.108400000000000034e+02,7.295621330279600159e+01
1.108599999999999994e+02,7.296937754193399428e+01
1.108800000000000097e+02,7.298254178107200119e+01
1.109000000000000057e+02,7.299570602021000809e+01
1.109200000000000017e+02,7.300887025934800079e+01
1.109400000000000119e+02,7.302203449848600769e+01
1.109600000000000080e+02,7.303519873762400039e+01
1.109800000000000040e+02,7.304836297676200729e+01
1.110000000000000000e+02,7.306152721589999999e+01
1.110200000000000102e+02,7.307469145503800689e+01
1.110400000000000063e+02,7.308785569417599959e+01
1.110600000000000023e+02,7.310101993331400649e+01
1.110799999999999983e+02,7.311418417245199919e+01
1.111000000000000085e+02,7.312734841159000609e+01
1.111200000000000045e+02,7.314051265072799879e+01
1.111400000000000006e+02,7.315367688986600569e+01
1.111600000000000108e+02,7.316684112900401260e+01
1.111800000000000068e+02,7.318000536814200530e+01
1.112000000000000028e+02,7.319316960727999799e+01
1.112199999999999989e+02,7.320633384641800490e+01
1.112400000000000091e+02,7.321949808555601180e+01
1.112600000000000051e+02,7.323266232469400450e+01
1.112800000000000011e+02,7.324582656383199719e+01
1.113000000000000114e+02,7.325899080297000410e+01
1.113200000000000074e+02,7.327215504210801100e+01
1.113400000000000034e+02,7.328531928124600370e+01
1.113599999999999994e+02,7.329848352038399639e+01
1.113800000000000097e+02,7.331164775952200330e+01
1.114000000000000057e+02,7.332481199866001020e+01
1.114200000000000017e+02,7.333797623779800290e+01
1.114400000000000119e+02,7.335114047693600980e+01
1.114600000000000080e+02,7.336430471607400250e+01
1.114800000000000040e+02,7.337746895521200940e+01
1.115000000000000000e+02,7.339063319435000210e+01
1.115200000000000102e+02,7.340379743348800901e+01
1.115400000000000063e+02,7.341696167262600170e+01
1.115600000000000023e+02,7.343012591176400861e+01
1.115799999999999983e+02,7.344329015090200130e+01
1.116000000000000085e+02,7.345645439004000821e+01
1.116200000000000045e+02,7.346961862917800090e+01
1.116400000000000006e+02,7.348278286831600781e+01
1.116600000000000108e+02,7.349594710745401471e+01
1.116800000000000068e+02,7.350911134659200741e+01
1.117000000000000028e+02,7.352227558573000010e+01
1.117199999999999989e+02,7.353543982486800701e+01
1.117400000000000091e+02,7.354860406400599970e+01
1.117600000000000051e+02,7.356176830314400661e+01
1.117800000000000011e+02,7.357493254228199930e+01
1.118000000000000114e+02,7.358809678142000621e+01
1.118200000000000074e+02,7.360126102055799890e+01
1.118400000000000034e+02,7.361442525969600581e+01
1.118599999999999994e+02,7.362758949883399850e+01
1.118800000000000097e+02,7.364075373797200541e+01
1.119000000000000057e+02,7.365391797710999811e+01
1.119200000000000017e+02,7.366708221624800501e+01
1.119400000000000119e+02,7.368024645538601192e+01
1.119600000000000080e+02,7.369341069452400461e+01
1.119800000000000040e+02,7.370657493366199731e+01
1.120000000000000000e+02,7.371973917280000421e+01
1.120200000000000102e+02,7.373290341193801112e+01
1.120400000000000063e+02,7.374606765107600381e+01
1.120600000000000023e+02,7.375923189021399651e+01
1.120799999999999983e+02,7.377239612935200341e+01
1.121000000000000085e+02,7.378556036849001032e+01
1.121200000000000045e+02,7.379872460762800301e+01
1.121400000000000006e+02,7.381188884676599571e+01
1.121600000000000108e+02,7.382505308590400261e+01
1.121800000000000068e+02,7.383821732504200952e+01
1.122000000000000028e+02,7.385138156418000221e+01
1.122199999999999989e+02,7.386454580331799491e+01
1.122400000000000091e+02,7.387771004245600182e+01
1.122600000000000051e+02,7.389087428159400872e+01
1.122800000000000011e+02,7.390403852073200142e+01
1.123000000000000114e+02,7.391720275987000832e+01
1.123200000000000074e+02,7.393036699900800102e+01
1.123400000000000034e+02,7.394353123814600792e+01
1.123599999999999994e+02,7.395669547728400062e+01
1.123800000000000097e+02,7.396985971642200752e+01
1.124000000000000057e+02,7.398302395556000022e+01
1.124200000000000017e+02,7.399618819469800712e+01
1.124400000000000119e+02,7.400935243383601403e+01
1.124600000000000080e+02,7.402251667297400672e+01
1.124800000000000040e+02,7.403568091211199942e+01
1.125000000000000000e+02,7.404884515125000632e+01
1.125200000000000102e+02,7.406200939038801323e+01
1.125400000000000063e+02,7.407517362952600593e+01
1.125600000000000023e+02,7.408833786866399862e+01
1.125799999999999983e+02,7.410150210780200553e+01
1.126000000000000085e+02,7.411466634694001243e+01
1.126200000000000045e+02,7.412783058607800513e+01
1.126400000000000006e+02,7.414099482521599782e+01
1.126600000000000108e+02,7.415415906435400473e+01
1.126800000000000068e+02,7.416732330349201163e+01
1.127000000000000028e+02,7.418048754263000433e+01
1.127199999999999989e+02,7.419365178176799702e+01
1.127400000000000091e+02,7.420681602090600393e+01
1.127600000000000051e+02,7.421998026004401083e+01
1.127800000000000011e+02,7.423314449918200353e+01
1.128000000000000114e+02,7.424630873832001043e+01
1.128200000000000074e+02,7.425947297745800313e+01
1.128400000000000034e+02,7.427263721659599582e+01
1.128599999999999994e+02,7.428580145573400273e+01
1.128800000000000097e+02,7.429896569487200964e+01
1.129000000000000057e+02,7.431212993401000233e+01
1.129200000000000017e+02,7.432529417314799502e+01
1.129400000000000119e+02,7.433845841228600193e+01
1.129600000000000080e+02,7.435162265142400884e+01
1.129800000000000040e+02,7.436478689056200153e+01
1.130000000000000000e+02,7.437795112969999423e+01
1.130200000000000102e+02,7.439111536883800113e+01
1.130400000000000063e+02,7.440427960797600804e+01
1.130600000000000023e+02,7.441744384711400073e+01
1.130799999999999983e+02,7.443060808625199343e+01
1.131000000000000085e+02,7.444377232539000033e+01
1.131200000000000045e+02,7.445693656452800724e+01
1.131400000000000006e+02,7.447010080366599993e+01
1.131600000000000108e+02,7.448326504280400684e+01
1.131800000000000068e+02,7.449642928194199953e+01
1.132000000000000028e+02,7.450959352108000644e+01
1.132199999999999989e+02,7.452275776021799913e+01
1.132400000000000091e+02,7.453592199935600604e+01
1.132600000000000051e+02,7.454908623849399874e+01
1.132800000000000011e+02,7.456225047763200564e+01
1.133000000000000114e+02,7.457541471677001255e+01
1.133200000000000074e+02,7.458857895590800524e+01
1.133400000000000034e+02,7.460174319504599794e+01
1.133599999999999994e+02,7.461490743418400484e+01
1.133800000000000097e+02,7.462807167332201175e+01
1.134000000000000057e+02,7.464123591246000444e+01
1.134200000000000017e+02,7.465440015159799714e+01
1.134400000000000119e+02,7.466756439073600404e+01
1.134600000000000080e+02,7.468072862987401095e+01
1.134800000000000040e+02,7.469389286901200364e+01
1.135000000000000000e+02,7.470705710814999634e+01
1.135200000000000102e+02,7.472022134728800324e+01
1.135400000000000063e+02,7.473338558642601015e+01
1.135600000000000023e+02,7.474654982556400284e+01
1.135799999999999983e+02,7.475971406470199554e+01
1.136000000000000085e+02,7.477287830384000245e+01
1.136200000000000045e+02,7.478604254297800935e+01
1.136400000000000006e+02,7.479920678211600205e+01
1.136600000000000108e+02,7.481237102125400895e+01
1.136800000000000068e+02,7.482553526039200165e+01
1.137000000000000028e+02,7.483869949953000855e+01
1.137199999999999989e+02,7.485186373866800125e+01
1.137400000000000091e+02,7.486502797780600815e+01
1.137600000000000051e+02,7.487819221694400085e+01
1.137800000000000011e+02,7.489135645608200775e+01
1.138000000000000114e+02,7.490452069522001466e+01
1.138200000000000074e+02,7.491768493435800735e+01
1.138400000000000034e+02,7.493084917349600005e+01
1.138599999999999994e+02,7.494401341263400695e+01
1.138800000000000097e+02,7.495717765177201386e+01
1.139000000000000057e+02,7.497034189091000655e+01
1.139200000000000017e+02,7.498350613004799925e+01
1.139400000000000119e+02,7.499667036918600616e+01
1.139600000000000080e+02,7.500983460832399885e+01
1.139800000000000040e+02,7.502299884746200576e+01
1.140000000000000000e+02,7.503616308659999845e+01
1.140200000000000102e+02,7.504932732573800536e+01
1.140400000000000063e+02,7.506249156487599805e+01
1.140600000000000023e+02,7.507565580401400496e+01
1.140799999999999983e+02,7.508882004315199765e+01
1.141000000000000085e+02,7.510198428229000456e+01
1.141200000000000045e+02,7.511514852142799725e+01
1.141400000000000006e+02,7.512831276056600416e+01
1.141600000000000108e+02,7.514147699970401106e+01
1.141800000000000068e+02,7.515464123884200376e+01
1.142000000000000028e+02,7.516780547797999645e+01
1.142199999999999989e+02,7.518096971711800336e+01
1.142400000000000091e+02,7.519413395625601026e+01
1.142600000000000051e+02,7.520729819539400296e+01
1.142800000000000011e+02,7.522046243453199565e+01
1.143000000000000114e+02,7.523362667367000256e+01
1.143200000000000074e+02,7.524679091280800947e+01
1.143400000000000034e+02,7.525995515194600216e+01
1.143599999999999994e+02,7.527311939108399486e+01
1.143800000000000097e+02,7.528628363022200176e+01
1.144000000000000057e+02,7.529944786936000867e+01
1.144200000000000017e+02,7.531261210849800136e+01
1.144400000000000119e+02,7.532577634763600827e+01
1.144600000000000080e+02,7.533894058677400096e+01
1.144800000000000040e+02,7.535210482591200787e+01
1.145000000000000000e+02,7.536526906505000056e+01
1.145200000000000102e+02,7.537843330418800747e+01
1.145400000000000063e+02,7.539159754332600016e+01
1.145600000000000023e+02,7.540476178246400707e+01
1.145799999999999983e+02,7.541792602160199976e+01
1.146000000000000085e+02,7.543109026074000667e+01
1.146200000000000045e+02,7.544425449987799936e+01
1.146400000000000006e+02,7.545741873901600627e+01
1.146600000000000108e+02,7.547058297815401318e+01
1.146800000000000068e+02,7.548374721729200587e+01
1.147000000000000028e+02,7.549691145642999857e+01
1.147199999999999989e+02,7.551007569556800547e+01
1.147400000000000091e+02,7.552323993470601238e+01
1.147600000000000051e+02,7.553640417384400507e+01
1.147800000000000011e+02,7.554956841298199777e+01
1.148000000000000114e+02,7.556273265212000467e+01
1.148200000000000074e+02,7.557589689125801158e+01
1.148400000000000034e+02,7.558906113039600427e+01
1.148599999999999994e+02,7.560222536953399697e+01
1.148800000000000097e+02,7.561538960867200387e+01
1.149000000000000057e+02,7.562855384781001078e+01
1.149200000000000017e+02,7.564171808694800347e+01
1.149400000000000119e+02,7.565488232608601038e+01
1.149600000000000080e+02,7.566804656522400307e+01
1.149800000000000040e+02,7.568121080436200998e+01
1.150000000000000000e+02,7.569437504350000268e+01
1.150200000000000102e+02,7.570753928263800958e+01
1.150400000000000063e+02,7.572070352177600228e+01
1.150600000000000023e+02,7.573386776091400918e+01
1.150799999999999983e+02,7.574703200005200188e+01
1.151000000000000085e+02,7.576019623919000878e+01
1.151200000000000045e+02,7.577336047832800148e+01
1.151400000000000006e+02,7.578652471746599417e+01
1.151600000000000108e+02,7.579968895660400108e+01
1.151800000000000068e+02,7.581285319574200798e+01
1.152000000000000028e+02,7.582601743488000068e+01
1.152199999999999989e+02,7.583918167401799337e+01
1.152400000000000091e+02,7.585234591315600028e+01
1.152600000000000051e+02,7.586551015229400718e+01
1.152800000000000011e+02,7.587867439143199988e+01
1.153000000000000114e+02,7.589183863057000679e+01
1.153200000000000074e+02,7.590500286970799948e+01
1.153400000000000034e+02,7.591816710884600639e+01
1.153599999999999994e+02,7.593133134798399908e+01
1.153800000000000097e+02,7.594449558712200599e+01
1.154000000000000057e+02,7.595765982625999868e+01
1.154200000000000017e+02,7.597082406539800559e+01
1.154400000000000119e+02,7.598398830453601249e+01
1.154600000000000080e+02,7.599715254367400519e+01
1.154800000000000040e+02,7.601031678281199788e+01
1.155000000000000000e+02,7.602348102195000479e+01
1.155200000000000102e+02,7.603664526108801169e+01
1.155400000000000063e+02,7.604980950022600439e+01
1.155600000000000023e+02,7.606297373936399708e+01
1.155799999999999983e+02,7.607613797850200399e+01
1.156000000000000085e+02,7.608930221764001089e+01
1.156200000000000045e+02,7.610246645677800359e+01
1.156400000000000006e+02,7.611563069591599628e+01
1.156600000000000108e+02,7.612879493505400319e+01
1.156800000000000068e+02,7.614195917419201010e+01
1.157000000000000028e+02,7.615512341333000279e+01
1.157199999999999989e+02,7.616828765246799549e+01
1.157400000000000091e+02,7.618145189160600239e+01
1.157600000000000051e+02,7.619461613074400930e+01
1.157800000000000011e+02,7.620778036988200199e+01
1.158000000000000114e+02,7.622094460902000890e+01
1.158200000000000074e+02,7.623410884815800159e+01
1.158400000000000034e+02,7.624727308729600850e+01
1.158599999999999994e+02,7.626043732643400119e+01
1.158800000000000097e+02,7.627360156557200810e+01
1.159000000000000057e+02,7.628676580471000079e+01
1.159200000000000017e+02,7.629993004384800770e+01
1.159400000000000119e+02,7.631309428298601460e+01
1.159600000000000080e+02,7.632625852212400730e+01
1.159800000000000040e+02,7.633942276126199999e+01
1.160000000000000000e+02,7.635258700040000690e+01
1.160200000000000102e+02,7.636575123953801381e+01
1.160400000000000063e+02,7.637891547867600650e+01
1.160600000000000023e+02,7.639207971781399920e+01
1.160799999999999983e+02,7.640524395695200610e+01
1.161000000000000085e+02,7.641840819609001301e+01
1.161200000000000045e+02,7.643157243522800570e+01
1.161400000000000006e+02,7.644473667436599840e+01
1.161600000000000108e+02,7.645790091350400530e+01
1.161800000000000068e+02,7.647106515264201221e+01
1.162000000000000028e+02,7.648422939178000490e+01
1.162199999999999989e+02,7.649739363091799760e+01
1.162400000000000091e+02,7.651055787005600450e+01
1.162600000000000051e+02,7.652372210919399720e+01
1.162800000000000011e+02,7.653688634833200410e+01
1.163000000000000114e+02,7.655005058747001101e+01
1.163200000000000074e+02,7.656321482660800370e+01
1.163400000000000034e+02,7.657637906574599640e+01
1.163599999999999994e+02,7.658954330488400331e+01
1.163800000000000097e+02,7.660270754402201021e+01
1.164000000000000057e+02,7.661587178316000291e+01
1.164200000000000017e+02,7.662903602229799560e+01
1.164400000000000119e+02,7.664220026143600251e+01
1.164600000000000080e+02,7.665536450057400941e+01
1.164800000000000040e+02,7.666852873971200211e+01
1.165000000000000000e+02,7.668169297884999480e+01
1.165200000000000102e+02,7.669485721798800171e+01
1.165400000000000063e+02,7.670802145712600861e+01
1.165600000000000023e+02,7.672118569626400131e+01
1.165799999999999983e+02,7.673434993540199400e+01
1.166000000000000085e+02,7.674751417454000091e+01
1.166200000000000045e+02,7.676067841367800781e+01
1.166400000000000006e+02,7.677384265281600051e+01
1.166600000000000108e+02,7.678700689195400741e+01
1.166800000000000068e+02,7.680017113109200011e+01
1.167000000000000028e+02,7.681333537023000702e+01
1.167199999999999989e+02,7.682649960936799971e+01
1.167400000000000091e+02,7.683966384850600662e+01
1.167600000000000051e+02,7.685282808764399931e+01
1.167800000000000011e+02,7.686599232678200622e+01
1.168000000000000114e+02,7.687915656592001312e+01
1.168200000000000074e+02,7.689232080505800582e+01
1.168400000000000034e+02,7.690548504419599851e+01
1.168599999999999994e+02,7.691864928333400542e+01
1.168800000000000097e+02,7.693181352247201232e+01
1.169000000000000057e+02,7.694497776161000502e+01
1.169200000000000017e+02,7.695814200074799771e+01
1.169400000000000119e+02,7.697130623988600462e+01
1.169600000000000080e+02,7.698447047902401152e+01
1.169800000000000040e+02,7.699763471816200422e+01
1.170000000000000000e+02,7.701079895729999691e+01
1.170200000000000102e+02,7.702396319643800382e+01
1.170400000000000063e+02,7.703712743557601073e+01
1.170600000000000023e+02,7.705029167471400342e+01
1.170799999999999983e+02,7.706345591385199612e+01
1.171000000000000085e+02,7.707662015299000302e+01
1.171200000000000045e+02,7.708978439212800993e+01
1.171400000000000006e+02,7.710294863126600262e+01
1.171600000000000108e+02,7.711611287040400953e+01
1.171800000000000068e+02,7.712927710954200222e+01
1.172000000000000028e+02,7.714244134868000913e+01
1.172199999999999989e+02,7.715560558781800182e+01
1.172400000000000091e+02,7.716876982695600873e+01
1.172600000000000051e+02,7.718193406609400142e+01
1.172800000000000011e+02,7.719509830523200833e+01
1.173000000000000114e+02,7.720826254437001523e+01
1.173200000000000074e+02,7.722142678350800793e+01
1.173400000000000034e+02,7.723459102264600062e+01
1.173599999999999994e+02,7.724775526178399332e+01
1.173800000000000097e+02,7.726091950092200022e+01
1.174000000000000057e+02,7.727408374006000713e+01
1.174200000000000017e+02,7.728724797919799983e+01
1.174400000000000119e+02,7.730041221833600673e+01
1.174600000000000080e+02,7.731357645747399943e+01
1.174800000000000040e+02,7.732674069661200633e+01
1.175000000000000000e+02,7.733990493574999903e+01
1.175200000000000102e+02,7.735306917488800593e+01
1.175400000000000063e+02,7.736623341402599863e+01
1.175600000000000023e+02,7.737939765316400553e+01
1.175799999999999983e+02,7.739256189230199823e+01
1.176000000000000085e+02,7.740572613144000513e+01
1.176200000000000045e+02,7.741889037057799783e+01
1.176400000000000006e+02,7.743205460971600473e+01
1.176600000000000108e+02,7.744521884885401164e+01
1.176800000000000068e+02,7.745838308799200433e+01
1.177000000000000028e+02,7.747154732712999703e+01
1.177199999999999989e+02,7.748471156626800393e+01
1.177400000000000091e+02,7.749787580540601084e+01
1.177600000000000051e+02,7.751104004454400354e+01
1.177800000000000011e+02,7.752420428368199623e+01
1.178000000000000114e+02,7.753736852282000314e+01
1.178200000000000074e+02,7.755053276195801004e+01
1.178400000000000034e+02,7.756369700109600274e+01
1.178599999999999994e+02,7.757686124023399543e+01
1.178800000000000097e+02,7.759002547937200234e+01
1.179000000000000057e+02,7.760318971851000924e+01
1.179200000000000017e+02,7.761635395764800194e+01
1.179400000000000119e+02,7.762951819678600884e+01
1.179600000000000080e+02,7.764268243592400154e+01
1.179800000000000040e+02,7.765584667506200844e+01
1.180000000000000000e+02,7.766901091420000114e+01
1.180200000000000102e+02,7.768217515333800804e+01
1.180400000000000063e+02,7.769533939247600074e+01
1.180600000000000023e+02,7.770850363161400765e+01
1.180799999999999983e+02,7.772166787075200034e+01
1.181000000000000085e+02,7.773483210989000725e+01
1.181200000000000045e+02,7.774799634902799994e+01
1.181400000000000006e+02,7.776116058816600685e+01
1.181600000000000108e+02,7.777432482730401375e+01
1.181800000000000068e+02,7.778748906644200645e+01
1.182000000000000028e+02,7.780065330557999914e+01
1.182199999999999989e+02,7.781381754471800605e+01
1.182400000000000091e+02,7.782698178385601295e+01
1.182600000000000051e+02,7.784014602299400565e+01
1.182800000000000011e+02,7.785331026213199834e+01
1.183000000000000114e+02,7.786647450127000525e+01
1.183200000000000074e+02,7.787963874040801215e+01
1.183400000000000034e+02,7.789280297954600485e+01
1.183599999999999994e+02,7.790596721868399754e+01
1.183800000000000097e+02,7.791913145782200445e+01
1.184000000000000057e+02,7.793229569696001136e+01
1.184200000000000017e+02,7.794545993609800405e+01
1.184400000000000119e+02,7.795862417523601096e+01
1.184600000000000080e+02,7.797178841437400365e+01
1.184800000000000040e+02,7.798495265351199635e+01
1.185000000000000000e+02,7.799811689265000325e+01
1.185200000000000102e+02,7.801128113178801016e+01
1.185400000000000063e+02,7.802444537092600285e+01
1.185600000000000023e+02,7.803760961006399555e+01
1.185799999999999983e+02,7.805077384920200245e+01
1.186000000000000085e+02,7.806393808834000936e+01
1.186200000000000045e+02,7.807710232747800205e+01
1.186400000000000006e+02,7.809026656661599475e+01
1.186600000000000108e+02,7.810343080575400165e+01
1.186800000000000068e+02,7.811659504489200856e+01
1.187000000000000028e+02,7.812975928403000125e+01
1.187199999999999989e+02,7.814292352316799395e+01
1.187400000000000091e+02,7.815608776230600085e+01
1.187600000000000051e+02,7.816925200144400776e+01
1.187800000000000011e+02,7.818241624058200046e+01
1.188000000000000114e+02,7.819558047972000736e+01
1.188200000000000074e+02,7.820874471885800006e+01
1.188400000000000034e+02,7.822190895799600696e+01
1.188599999999999994e+02,7.823507319713399966e+01
1.188800000000000097e+02,7.824823743627200656e+01
1.189000000000000057e+02,7.826140167540999926e+01
1.189200000000000017e+02,7.827456591454800616e+01
1.189400000000000119e+02,7.828773015368601307e+01
1.189600000000000080e+02,7.830089439282400576e+01
1.189800000000000040e+02,7.831405863196199846e+01
1.190000000000000000e+02,7.832722287110000536e+01
1.190200000000000102e+02,7.834038711023801227e+01
1.190400000000000063e+02,7.835355134937600496e+01
1.190600000000000023e+02,7.836671558851399766e+01
1.190799999999999983e+02,7.837987982765200456e+01
1.191000000000000085e+02,7.839304406679001147e+01
1.191200000000000045e+02,7.840620830592800417e+01
1.191400000000000006e+02,7.841937254506599686e+01
1.191600000000000108e+02,7.843253678420400377e+01
1.191800000000000068e+02,7.844570102334201067e+01
1.192000000000000028e+02,7.845886526248000337e+01
1.192199999999999989e+02,7.847202950161799606e+01
1.192400000000000091e+02,7.848519374075600297e+01
1.192600000000000051e+02,7.849835797989400987e+01
1.192800000000000011e+02,7.851152221903200257e+01
1.193000000000000114e+02,7.852468645817000947e+01
1.193200000000000074e+02,7.853785069730800217e+01
1.193400000000000034e+02,7.855101493644600907e+01
1.193599999999999994e+02,7.856417917558400177e+01
1.193800000000000097e+02,7.857734341472200867e+01
1.194000000000000057e+02,7.859050765386000137e+01
1.194200000000000017e+02,7.860367189299800827e+01
1.194400000000000119e+02,7.861683613213601518e+01
1.194600000000000080e+02,7.863000037127400788e+01
1.194800000000000040e+02,7.864316461041200057e+01
1.195000000000000000e+02,7.865632884955000748e+01
1.195200000000000102e+02,7.866949308868801438e+01
1.195400000000000063e+02,7.868265732782600708e+01
1.195600000000000023e+02,7.869582156696399977e+01
1.195799999999999983e+02,7.870898580610200668e+01
1.196000000000000085e+02,7.872215004523999937e+01
1.196200000000000045e+02,7.873531428437800628e+01
1.196400000000000006e+02,7.874847852351599897e+01
1.196600000000000108e+02,7.876164276265400588e+01
1.196800000000000068e+02,7.877480700179199857e+01
1.197000000000000028e+02,7.878797124093000548e+01
1.197199999999999989e+02,7.880113548006799817e+01
1.197400000000000091e+02,7.881429971920600508e+01
1.197600000000000051e+02,7.882746395834399777e+01
1.197800000000000011e+02,7.884062819748200468e+01
1.198000000000000114e+02,7.885379243662001159e+01
1.198200000000000074e+02,7.886695667575800428e+01
1.198400000000000034e+02,7.888012091489599698e+01
1.198599999999999994e+02,7.889328515403400388e+01
1.198800000000000097e+02,7.890644939317201079e+01
1.199000000000000057e+02,7.891961363231000348e+01
1.199200000000000017e+02,7.893277787144799618e+01
1.199400000000000119e+02,7.894594211058600308e+01
1.199600000000000080e+02,7.895910634972400999e+01
1.199800000000000040e+02,7.897227058886200268e+01
1.200000000000000000e+02,7.898543482799999538e+01
1.200200000000000102e+02,7.899859906713800228e+01
1.200400000000000063e+02,7.901176330627600919e+01
1.200600000000000023e+02,7.902492754541400188e+01
1.200799999999999983e+02,7.903809178455199458e+01
1.201000000000000085e+02,7.905125602369000148e+01
1.201200000000000045e+02,7.906442026282800839e+01
1.201400000000000006e+02,7.907758450196600108e+01
1.201600000000000108e+02,7.909074874110400799e+01
1.201800000000000068e+02,7.910391298024200069e+01
1.202000000000000028e+02,7.911707721938000759e+01
1.202199999999999989e+02,7.913024145851800029e+01
1.202400000000000091e+02,7.914340569765600719e+01
1.202600000000000051e+02,7.915656993679399989e+01
1.202800000000000011e+02,7.916973417593200679e+01
1.203000000000000114e+02,7.918289841507001370e+01
1.203200000000000074e+02,7.919606265420800639e+01
1.203400000000000034e+02,7.920922689334599909e+01
1.203599999999999994e+02,7.922239113248400599e+01
1.203800000000000097e+02,7.923555537162201290e+01
1.204000000000000057e+02,7.924871961076000559e+01
1.204200000000000017e+02,7.926188384989799829e+01
1.204400000000000119e+02,7.927504808903600519e+01
1.204600000000000080e+02,7.928821232817401210e+01
1.204800000000000040e+02,7.930137656731200479e+01
1.205000000000000000e+02,7.931454080644999749e+01
1.205200000000000102e+02,7.932770504558800440e+01
1.205400000000000063e+02,7.934086928472601130e+01
1.205600000000000023e+02,7.935403352386400400e+01
1.205799999999999983e+02,7.936719776300199669e+01
1.206000000000000085e+02,7.938036200214000360e+01
1.206200000000000045e+02,7.939352624127801050e+01
1.206400000000000006e+02,7.940669048041600320e+01
1.206600000000000108e+02,7.941985471955401010e+01
1.206800000000000068e+02,7.943301895869200280e+01
1.207000000000000028e+02,7.944618319782999549e+01
1.207199999999999989e+02,7.945934743696800240e+01
1.207400000000000091e+02,7.947251167610600930e+01
1.207600000000000051e+02,7.948567591524400200e+01
1.207800000000000011e+02,7.949884015438199469e+01
1.208000000000000114e+02,7.951200439352000160e+01
1.208200000000000074e+02,7.952516863265800851e+01
1.208400000000000034e+02,7.953833287179600120e+01
1.208599999999999994e+02,7.955149711093399389e+01
1.208800000000000097e+02,7.956466135007200080e+01
1.209000000000000057e+02,7.957782558921000771e+01
1.209200000000000017e+02,7.959098982834800040e+01
1.209400000000000119e+02,7.960415406748600731e+01
1.209600000000000080e+02,7.961731830662400000e+01
1.209800000000000040e+02,7.963048254576200691e+01
1.210000000000000000e+02,7.964364678489999960e+01
1.210200000000000102e+02,7.965681102403800651e+01
1.210400000000000063e+02,7.966997526317599920e+01
1.210600000000000023e+02,7.968313950231400611e+01
1.210799999999999983e+02,7.969630374145199880e+01
1.211000000000000085e+02,7.970946798059000571e+01
1.211200000000000045e+02,7.972263221972799840e+01
1.211400000000000006e+02,7.973579645886600531e+01
1.211600000000000108e+02,7.974896069800401222e+01
1.211800000000000068e+02,7.976212493714200491e+01
1.212000000000000028e+02,7.977528917627999760e+01
1.212199999999999989e+02,7.978845341541800451e+01
1.212400000000000091e+02,7.980161765455601142e+01
1.212600000000000051e+02,7.981478189369400411e+01
1.212800000000000011e+02,7.982794613283199681e+01
1.213000000000000114e+02,7.984111037197000371e+01
1.213200000000000074e+02,7.985427461110801062e+01
1.213400000000000034e+02,7.986743885024600331e+01
1.213599999999999994e+02,7.988060308938399601e+01
1.213800000000000097e+02,7.989376732852200291e+01
1.214000000000000057e+02,7.990693156766000982e+01
1.214200000000000017e+02,7.992009580679800251e+01
1.214400000000000119e+02,7.993326004593600942e+01
1.214600000000000080e+02,7.994642428507400211e+01
1.214800000000000040e+02,7.995958852421200902e+01
1.215000000000000000e+02,7.997275276335000171e+01
1.215200000000000102e+02,7.998591700248800862e+01
1.215400000000000063e+02,7.999908124162600132e+01
1.215600000000000023e+02,8.001224548076400822e+01
1.215799999999999983e+02,8.002540971990200092e+01
1.216000000000000085e+02,8.003857395904000782e+01
1.216200000000000045e+02,8.005173819817800052e+01
1.216400000000000006e+02,8.006490243731600742e+01
1.216600000000000108e+02,8.007806667645401433e+01
1.216800000000000068e+02,8.009123091559200702e+01
1.217000000000000028e+02,8.010439515472999972e+01
1.217199999999999989e+02,8.011755939386800662e+01
1.217400000000000091e+02,8.013072363300601353e+01
1.217600000000000051e+02,8.014388787214400622e+01
1.217800000000000011e+02,8.015705211128199892e+01
1.218000000000000114e+02,8.017021635042000582e+01
1.218200000000000074e+02,8.018338058955799852e+01
1.218400000000000034e+02,8.019654482869600542e+01
1.218599999999999994e+02,8.020970906783399812e+01
1.218800000000000097e+02,8.022287330697200503e+01
1.219000000000000057e+02,8.023603754610999772e+01
1.219200000000000017e+02,8.024920178524800463e+01
1.219400000000000119e+02,8.026236602438601153e+01
1.219600000000000080e+02,8.027553026352400423e+01
1.219800000000000040e+02,8.028869450266199692e+01
1.220000000000000000e+02,8.030185874180000383e+01
1.220200000000000102e+02,8.031502298093801073e+01
1.220400000000000063e+02,8.032818722007600343e+01
1.220600000000000023e+02,8.034135145921399612e+01
1.220799999999999983e+02,8.035451569835200303e+01
1.221000000000000085e+02,8.036767993749000993e+01
1.221200000000000045e+02,8.038084417662800263e+01
1.221400000000000006e+02,8.039400841576599532e+01
1.221600000000000108e+02,8.040717265490400223e+01
1.221800000000000068e+02,8.042033689404200913e+01
1.222000000000000028e+02,8.043350113318000183e+01
1.222199999999999989e+02,8.044666537231799452e+01
1.222400000000000091e+02,8.045982961145600143e+01
1.222600000000000051e+02,8.047299385059400834e+01
1.222800000000000011e+02,8.048615808973200103e+01
1.223000000000000114e+02,8.049932232887000794e+01
1.223200000000000074e+02,8.051248656800800063e+01
1.223400000000000034e+02,8.052565080714600754e+01
1.223599999999999994e+02,8.053881504628400023e+01
1.223800000000000097e+02,8.055197928542200714e+01
1.224000000000000057e+02,8.056514352455999983e+01
1.224200000000000017e+02,8.057830776369800674e+01
1.224400000000000119e+02,8.059147200283601364e+01
1.224600000000000080e+02,8.060463624197400634e+01
1.224800000000000040e+02,8.061780048111199903e+01
1.225000000000000000e+02,8.063096472025000594e+01
1.225200000000000102e+02,8.064412895938801285e+01
1.225400000000000063e+02,8.065729319852600554e+01
1.225600000000000023e+02,8.067045743766399823e+01
1.225799999999999983e+02,8.068362167680200514e+01
1.226000000000000085e+02,8.069678591594001205e+01
1.226200000000000045e+02,8.070995015507800474e+01
1.226400000000000006e+02,8.072311439421599744e+01
1.226600000000000108e+02,8.073627863335400434e+01
1.226800000000000068e+02,8.074944287249201125e+01
1.227000000000000028e+02,8.076260711163000394e+01
1.227199999999999989e+02,8.077577135076799664e+01
1.227400000000000091e+02,8.078893558990600354e+01
1.227600000000000051e+02,8.080209982904401045e+01
1.227800000000000011e+02,8.081526406818200314e+01
1.228000000000000114e+02,8.082842830732001005e+01
1.228200000000000074e+02,8.084159254645800274e+01
1.228400000000000034e+02,8.085475678559600965e+01
1.228599999999999994e+02,8.086792102473400234e+01
1.228800000000000097e+02,8.088108526387200925e+01
1.229000000000000057e+02,8.089424950301000194e+01
1.229200000000000017e+02,8.090741374214800885e+01
1.229400000000000119e+02,8.092057798128600155e+01
1.229600000000000080e+02,8.093374222042400845e+01
1.229800000000000040e+02,8.094690645956200115e+01
1.230000000000000000e+02,8.096007069869999384e+01
1.230200000000000102e+02,8.097323493783800075e+01
1.230400000000000063e+02,8.098639917697600765e+01
1.230600000000000023e+02,8.099956341611400035e+01
1.230799999999999983e+02,8.101272765525199304e+01
1.231000000000000085e+02,8.102589189438999995e+01
1.231200000000000045e+02,8.103905613352800685e+01
1.231400000000000006e+02,8.105222037266599955e+01
1.231600000000000108e+02,8.106538461180400645e+01
1.231800000000000068e+02,8.107854885094199915e+01
1.232000000000000028e+02,8.109171309008000605e+01
1.232199999999999989e+02,8.110487732921799875e+01
1.232400000000000091e+02,8.111804156835600566e+01
1.232600000000000051e+02,8.113120580749399835e+01
1.232800000000000011e+02,8.114437004663200526e+01
1.233000000000000114e+02,8.115753428577001216e+01
1.233200000000000074e+02,8.117069852490800486e+01
1.233400000000000034e+02,8.118386276404599755e+01
1.233599999999999994e+02,8.119702700318400446e+01
1.233800000000000097e+02,8.121019124232201136e+01
1.234000000000000057e+02,8.122335548146000406e+01
1.234200000000000017e+02,8.123651972059799675e+01
1.234400000000000119e+02,8.124968395973600366e+01
1.234600000000000080e+02,8.126284819887401056e+01
1.234800000000000040e+02,8.127601243801200326e+01
1.235000000000000000e+02,8.128917667714999595e+01
1.235200000000000102e+02,8.130234091628800286e+01
1.235400000000000063e+02,8.131550515542600976e+01
1.235600000000000023e+02,8.132866939456400246e+01
1.235799999999999983e+02,8.134183363370199515e+01
1.236000000000000085e+02,8.135499787284000206e+01
1.236200000000000045e+02,8.136816211197800897e+01
1.236400000000000006e+02,8.138132635111600166e+01
1.236600000000000108e+02,8.139449059025400857e+01
1.236800000000000068e+02,8.140765482939200126e+01
1.237000000000000028e+02,8.142081906853000817e+01
1.237199999999999989e+02,8.143398330766800086e+01
1.237400000000000091e+02,8.144714754680600777e+01
1.237600000000000051e+02,8.146031178594400046e+01
1.237800000000000011e+02,8.147347602508200737e+01
1.238000000000000114e+02,8.148664026422001427e+01
1.238200000000000074e+02,8.149980450335800697e+01
1.238400000000000034e+02,8.151296874249599966e+01
1.238599999999999994e+02,8.152613298163400657e+01
1.238800000000000097e+02,8.153929722077201347e+01
1.239000000000000057e+02,8.155246145991000617e+01
1.239200000000000017e+02,8.156562569904799886e+01
1.239400000000000119e+02,8.157878993818600577e+01
1.239600000000000080e+02,8.159195417732401268e+01
1.239800000000000040e+02,8.160511841646200537e+01
1.240000000000000000e+02,8.161828265559999807e+01
1.240200000000000102e+02,8.163144689473800497e+01
1.240400000000000063e+02,8.164461113387601188e+01
1.240600000000000023e+02,8.165777537301400457e+01
1.240799999999999983e+02,8.167093961215199727e+01
1.241000000000000085e+02,8.168410385129000417e+01
1.241200000000000045e+02,8.169726809042799687e+01
1.241400000000000006e+02,8.171043232956600377e+01
1.241600000000000108e+02,8.172359656870401068e+01
1.241800000000000068e+02,8.173676080784200337e+01
1.242000000000000028e+02,8.174992504697999607e+01
1.242199999999999989e+02,8.176308928611800297e+01
1.242400000000000091e+02,8.177625352525600988e+01
1.242600000000000051e+02,8.178941776439400257e+01
1.242800000000000011e+02,8.180258200353199527e+01
1.243000000000000114e+02,8.181574624267000218e+01
1.243200000000000074e+02,8.182891048180800908e+01
1.243400000000000034e+02,8.184207472094600178e+01
1.243599999999999994e+02,8.185523896008399447e+01
1.243800000000000097e+02,8.186840319922200138e+01
1.244000000000000057e+02,8.188156743836000828e+01
1.244200000000000017e+02,8.189473167749800098e+01
1.244400000000000119e+02,8.190789591663600788e+01
1.244600000000000080e+02,8.192106015577400058e+01
1.244800000000000040e+02,8.193422439491200748e+01
1.245000000000000000e+02,8.194738863405000018e+01
1.245200000000000102e+02,8.196055287318800708e+01
1.245400000000000063e+02,8.197371711232599978e+01
1.245600000000000023e+02,8.198688135146400668e+01
1.245799999999999983e+02,8.200004559060199938e+01
1.246000000000000085e+02,8.201320982974000628e+01
1.246200000000000045e+02,8.202637406887799898e+01
1.246400000000000006e+02,8.203953830801600589e+01
1.246600000000000108e+02,8.205270254715401279e+01
1.246800000000000068e+02,8.206586678629200549e+01
1.247000000000000028e+02,8.207903102542999818e+01
1.247199999999999989e+02,8.209219526456800509e+01
1.247400000000000091e+02,8.210535950370601199e+01
1.247600000000000051e+02,8.211852374284400469e+01
1.247800000000000011e+02,8.213168798198199738e+01
1.248000000000000114e+02,8.214485222112000429e+01
1.248200000000000074e+02,8.215801646025801119e+01
1.248400000000000034e+02,8.217118069939600389e+01
1.248599999999999994e+02,8.218434493853399658e+01
1.248800000000000097e+02,8.219750917767200349e+01
1.249000000000000057e+02,8.221067341681001039e+01
1.249200000000000017e+02,8.222383765594800309e+01
1.249400000000000119e+02,8.223700189508600999e+01
1.249600000000000080e+02,8.225016613422400269e+01
1.249800000000000040e+02,8.226333037336200960e+01
1.250000000000000000e+02,8.227649461250000229e+01
1.250200000000000102e+02,8.228965885163800920e+01
1.250400000000000063e+02,8.230282309077600189e+01
1.250600000000000023e+02,8.231598732991400880e+01
1.250799999999999983e+02,8.232915156905200149e+01
1.251000000000000085e+02,8.234231580819000840e+01
1.251200000000000045e+02,8.235548004732800109e+01
1.251400000000000006e+02,8.236864428646600800e+01
1.251600000000000108e+02,8.238180852560401490e+01
1.251800000000000068e+02,8.239497276474200760e+01
1.252000000000000028e+02,8.240813700388000029e+01
1.252199999999999989e+02,8.242130124301799299e+01
1.252400000000000091e+02,8.243446548215599989e+01
1.252600000000000051e+02,8.244762972129400680e+01
1.252800000000000011e+02,8.246079396043199949e+01
1.253000000000000114e+02,8.247395819957000640e+01
1.253200000000000074e+02,8.248712243870799909e+01
1.253400000000000034e+02,8.250028667784600600e+01
1.253599999999999994e+02,8.251345091698399870e+01
1.253800000000000097e+02,8.252661515612200560e+01
1.254000000000000057e+02,8.253977939525999830e+01
1.254200000000000017e+02,8.255294363439800520e+01
1.254400000000000119e+02,8.256610787353601211e+01
1.254600000000000080e+02,8.257927211267400480e+01
1.254800000000000040e+02,8.259243635181199750e+01
1.255000000000000000e+02,8.260560059095000440e+01
1.255200000000000102e+02,8.261876483008801131e+01
1.255400000000000063e+02,8.263192906922600400e+01
1.255600000000000023e+02,8.264509330836399670e+01
1.255799999999999983e+02,8.265825754750200360e+01
1.256000000000000085e+02,8.267142178664001051e+01
1.256200000000000045e+02,8.268458602577800320e+01
1.256400000000000006e+02,8.269775026491599590e+01
1.256600000000000108e+02,8.271091450405400280e+01
1.256800000000000068e+02,8.272407874319200971e+01
1.257000000000000028e+02,8.273724298233000241e+01
1.257199999999999989e+02,8.275040722146799510e+01
1.257400000000000091e+02,8.276357146060600201e+01
1.257600000000000051e+02,8.277673569974400891e+01
1.257800000000000011e+02,8.278989993888200161e+01
1.258000000000000114e+02,8.280306417802000851e+01
1.258200000000000074e+02,8.281622841715800121e+01
1.258400000000000034e+02,8.282939265629600811e+01
1.258599999999999994e+02,8.284255689543400081e+01
1.258800000000000097e+02,8.285572113457200771e+01
1.259000000000000057e+02,8.286888537371000041e+01
1.259200000000000017e+02,8.288204961284800731e+01
1.259400000000000119e+02,8.289521385198601422e+01
1.259600000000000080e+02,8.290837809112400691e+01
1.259800000000000040e+02,8.292154233026199961e+01
1.260000000000000000e+02,8.293470656940000652e+01
1.260200000000000102e+02,8.294787080853801342e+01
1.260400000000000063e+02,8.296103504767600612e+01
1.260600000000000023e+02,8.297419928681399881e+01
1.260799999999999983e+02,8.298736352595200572e+01
1.261000000000000085e+02,8.300052776509001262e+01
1.261200000000000045e+02,8.301369200422800532e+01
1.261400000000000006e+02,8.302685624336599801e+01
1.261600000000000108e+02,8.304002048250400492e+01
1.261800000000000068e+02,8.305318472164201182e+01
1.262000000000000028e+02,8.306634896078000452e+01
1.262199999999999989e+02,8.307951319991799721e+01
1.262400000000000091e+02,8.309267743905600412e+01
1.262600000000000051e+02,8.310584167819401102e+01
1.262800000000000011e+02,8.311900591733200372e+01
1.263000000000000114e+02,8.313217015647001062e+01
1.263200000000000074e+02,8.314533439560800332e+01
1.263400000000000034e+02,8.315849863474599601e+01
1.263599999999999994e+02,8.317166287388400292e+01
1.263800000000000097e+02,8.318482711302200983e+01
1.264000000000000057e+02,8.319799135216000252e+01
1.264200000000000017e+02,8.321115559129799522e+01
1.264400000000000119e+02,8.322431983043600212e+01
1.264600000000000080e+02,8.323748406957400903e+01
1.264800000000000040e+02,8.325064830871200172e+01
1.265000000000000000e+02,8.326381254784999442e+01
1.265200000000000102e+02,8.327697678698800132e+01
1.265400000000000063e+02,8.329014102612600823e+01
1.265600000000000023e+02,8.330330526526400092e+01
1.265799999999999983e+02,8.331646950440199362e+01
1.266000000000000085e+02,8.332963374354000052e+01
1.266200000000000045e+02,8.334279798267800743e+01
1.266400000000000006e+02,8.335596222181600012e+01
1.266600000000000108e+02,8.336912646095400703e+01
1.266800000000000068e+02,8.338229070009199972e+01
1.267000000000000028e+02,8.339545493923000663e+01
1.267199999999999989e+02,8.340861917836799933e+01
1.267400000000000091e+02,8.342178341750600623e+01
1.267600000000000051e+02,8.343494765664399893e+01
1.267800000000000011e+02,8.344811189578200583e+01
1.268000000000000114e+02,8.346127613492001274e+01
1.268200000000000074e+02,8.347444037405800543e+01
1.268400000000000034e+02,8.348760461319599813e+01
1.268599999999999994e+02,8.350076885233400503e+01
1.268800000000000097e+02,8.351393309147201194e+01
1.269000000000000057e+02,8.352709733061000463e+01
1.269200000000000017e+02,8.354026156974799733e+01
1.269400000000000119e+02,8.355342580888600423e+01
1.269600000000000080e+02,8.356659004802401114e+01
1.269800000000000040e+02,8.357975428716200383e+01
1.270000000000000000e+02,8.359291852629999653e+01
1.270200000000000102e+02,8.360608276543800343e+01
1.270400000000000063e+02,8.361924700457601034e+01
1.270600000000000023e+02,8.363241124371400304e+01
1.270799999999999983e+02,8.364557548285199573e+01
1.271000000000000085e+02,8.365873972199000264e+01
1.271200000000000045e+02,8.367190396112800954e+01
1.271400000000000006e+02,8.368506820026600224e+01
1.271600000000000108e+02,8.369823243940400914e+01
1.271800000000000068e+02,8.371139667854200184e+01
1.272000000000000028e+02,8.372456091768000874e+01
1.272199999999999989e+02,8.373772515681800144e+01
1.272400000000000091e+02,8.375088939595600834e+01
1.272600000000000051e+02,8.376405363509400104e+01
1.272800000000000011e+02,8.377721787423200794e+01
1.273000000000000114e+02,8.379038211337001485e+01
1.273200000000000074e+02,8.380354635250800754e+01
1.273400000000000034e+02,8.381671059164600024e+01
1.273599999999999994e+02,8.382987483078400714e+01
1.273800000000000097e+02,8.384303906992201405e+01
1.274000000000000057e+02,8.385620330906000675e+01
1.274200000000000017e+02,8.386936754819799944e+01
1.274400000000000119e+02,8.388253178733600635e+01
1.274600000000000080e+02,8.389569602647399904e+01
1.274800000000000040e+02,8.390886026561200595e+01
1.275000000000000000e+02,8.392202450474999864e+01
1.275200000000000102e+02,8.393518874388800555e+01
1.275400000000000063e+02,8.394835298302599824e+01
1.275600000000000023e+02,8.396151722216400515e+01
1.275799999999999983e+02,8.397468146130199784e+01
1.276000000000000085e+02,8.398784570044000475e+01
1.276200000000000045e+02,8.400100993957799744e+01
1.276400000000000006e+02,8.401417417871600435e+01
1.276600000000000108e+02,8.402733841785401125e+01
1.276800000000000068e+02,8.404050265699200395e+01
1.277000000000000028e+02,8.405366689612999664e+01
1.277199999999999989e+02,8.406683113526800355e+01
1.277400000000000091e+02,8.407999537440601046e+01
1.277600000000000051e+02,8.409315961354400315e+01
1.277800000000000011e+02,8.410632385268199585e+01
1.278000000000000114e+02,8.411948809182000275e+01
1.278200000000000074e+02,8.413265233095800966e+01
1.278400000000000034e+02,8.414581657009600235e+01
1.278599999999999994e+02,8.415898080923399505e+01
1.278800000000000097e+02,8.417214504837200195e+01
1.279000000000000057e+02,8.418530928751000886e+01
1.279200000000000017e+02,8.419847352664800155e+01
1.279400000000000119e+02,8.421163776578600846e+01
1.279600000000000080e+02,8.422480200492400115e+01
1.279800000000000040e+02,8.423796624406200806e+01
1.280000000000000000e+02,8.425113048320000075e+01
1.280200000000000102e+02,8.426429472233800766e+01
1.280399999999999920e+02,8.427745896147600035e+01
1.280600000000000023e+02,8.429062320061400726e+01
1.280800000000000125e+02,8.430378743975201417e+01
1.280999999999999943e+02,8.431695167888999265e+01
1.281200000000000045e+02,8.433011591802799956e+01
1.281400000000000148e+02,8.434328015716600646e+01
1.281599999999999966e+02,8.435644439630399916e+01
1.281800000000000068e+02,8.436960863544200606e+01
1.282000000000000171e+02,8.438277287458001297e+01
1.282199999999999989e+02,8.439593711371800566e+01
1.282400000000000091e+02,8.440910135285601257e+01
1.282600000000000193e+02,8.442226559199401947e+01
1.282800000000000011e+02,8.443542983113199796e+01
1.283000000000000114e+02,8.444859407027000486e+01
1.283199999999999932e+02,8.446175830940799756e+01
1.283400000000000034e+02,8.447492254854600446e+01
1.283600000000000136e+02,8.448808678768401137e+01
1.283799999999999955e+02,8.450125102682200406e+01
1.284000000000000057e+02,8.451441526596001097e+01
1.284200000000000159e+02,8.452757950509801788e+01
1.284399999999999977e+02,8.454074374423599636e+01
1.284600000000000080e+02,8.455390798337400327e+01
1.284800000000000182e+02,8.456707222251201017e+01
1.285000000000000000e+02,8.458023646165000287e+01
1.285200000000000102e+02,8.459340070078800977e+01
1.285399999999999920e+02,8.460656493992600247e+01
1.285600000000000023e+02,8.461972917906399516e+01
1.285800000000000125e+02,8.463289341820200207e+01
1.285999999999999943e+02,8.464605765733999476e+01
1.286200000000000045e+02,8.465922189647800167e+01
1.286400000000000148e+02,8.467238613561600857e+01
1.286599999999999966e+02,8.468555037475400127e+01
1.286800000000000068e+02,8.469871461389200817e+01
1.287000000000000171e+02,8.471187885303001508e+01
1.287199999999999989e+02,8.472504309216799356e+01
1.287400000000000091e+02,8.473820733130600047e+01
1.287600000000000193e+02,8.475137157044400738e+01
1.287800000000000011e+02,8.476453580958200007e+01
1.288000000000000114e+02,8.477770004872000698e+01
1.288199999999999932e+02,8.479086428785799967e+01
1.288400000000000034e+02,8.480402852699600658e+01
1.288600000000000136e+02,8.481719276613401348e+01
1.288799999999999955e+02,8.483035700527199197e+01
1.289000000000000057e+02,8.484352124440999887e+01
1.289200000000000159e+02,8.485668548354800578e+01
1.289399999999999977e+02,8.486984972268599847e+01
1.289600000000000080e+02,8.488301396182400538e+01
1.289800000000000182e+02,8.489617820096201228e+01
1.290000000000000000e+02,8.490934244010000498e+01
1.290200000000000102e+02,8.492250667923801188e+01
1.290399999999999920e+02,8.493567091837599037e+01
1.290600000000000023e+02,8.494883515751399727e+01
1.290800000000000125e+02,8.496199939665200418e+01
1.290999999999999943e+02,8.497516363578999687e+01
1.291200000000000045e+02,8.498832787492800378e+01
1.291400000000000148e+02,8.500149211406601069e+01
1.291599999999999966e+02,8.501465635320400338e+01
1.291800000000000068e+02,8.502782059234201029e+01
1.292000000000000171e+02,8.504098483148001719e+01
1.292199999999999989e+02,8.505414907061799568e+01
1.292400000000000091e+02,8.506731330975600258e+01
1.292600000000000193e+02,8.508047754889400949e+01
1.292800000000000011e+02,8.509364178803200218e+01
1.293000000000000114e+02,8.510680602717000909e+01
1.293199999999999932e+02,8.511997026630800178e+01
1.293400000000000034e+02,8.513313450544600869e+01
1.293600000000000136e+02,8.514629874458401559e+01
1.293799999999999955e+02,8.515946298372199408e+01
1.294000000000000057e+02,8.517262722286000098e+01
1.294200000000000159e+02,8.518579146199800789e+01
1.294399999999999977e+02,8.519895570113600058e+01
1.294600000000000080e+02,8.521211994027400749e+01
1.294800000000000182e+02,8.522528417941201440e+01
1.295000000000000000e+02,8.523844841855000709e+01
1.295200000000000102e+02,8.525161265768801400e+01
1.295399999999999920e+02,8.526477689682599248e+01
1.295600000000000023e+02,8.527794113596399939e+01
1.295800000000000125e+02,8.529110537510200629e+01
1.295999999999999943e+02,8.530426961423999899e+01
1.296200000000000045e+02,8.531743385337800589e+01
1.296400000000000148e+02,8.533059809251601280e+01
1.296599999999999966e+02,8.534376233165400549e+01
1.296800000000000068e+02,8.535692657079199819e+01
1.297000000000000171e+02,8.537009080993000509e+01
1.297199999999999989e+02,8.538325504906799779e+01
1.297400000000000091e+02,8.539641928820600469e+01
1.297600000000000193e+02,8.540958352734401160e+01
1.297800000000000011e+02,8.542274776648200429e+01
1.298000000000000114e+02,8.543591200562001120e+01
1.298199999999999932e+02,8.544907624475798968e+01
1.298400000000000034e+02,8.546224048389599659e+01
1.298600000000000136e+02,8.547540472303400350e+01
1.298799999999999955e+02,8.548856896217199619e+01
1.299000000000000057e+02,8.550173320131000310e+01
1.299200000000000159e+02,8.551489744044801000e+01
1.299399999999999977e+02,8.552806167958600270e+01
1.299600000000000080e+02,8.554122591872400960e+01
1.299800000000000182e+02,8.555439015786201651e+01
1.300000000000000000e+02,8.556755439699999499e+01
1.300200000000000102e+02,8.558071863613800190e+01
1.300399999999999920e+02,8.559388287527599459e+01
1.300600000000000023e+02,8.560704711441400150e+01
1.300800000000000125e+02,8.562021135355200840e+01
1.300999999999999943e+02,8.563337559269000110e+01
1.301200000000000045e+02,8.564653983182800800e+01
1.301400000000000148e+02,8.565970407096601491e+01
1.301599999999999966e+02,8.567286831010399339e+01
1.301800000000000068e+02,8.568603254924200030e+01
1.302000000000000171e+02,8.569919678838000721e+01
1.302199999999999989e+02,8.571236102751799990e+01
1.302400000000000091e+02,8.572552526665600681e+01
1.302600000000000193e+02,8.573868950579401371e+01
1.302800000000000011e+02,8.575185374493200641e+01
1.303000000000000114e+02,8.576501798407001331e+01
1.303199999999999932e+02,8.577818222320799180e+01
1.303400000000000034e+02,8.579134646234599870e+01
1.303600000000000136e+02,8.580451070148400561e+01
1.303799999999999955e+02,8.581767494062199830e+01
1.304000000000000057e+02,8.583083917976000521e+01
1.304200000000000159e+02,8.584400341889801211e+01
1.304399999999999977e+02,8.585716765803600481e+01
1.304600000000000080e+02,8.587033189717401171e+01
1.304800000000000182e+02,8.588349613631201862e+01
1.305000000000000000e+02,8.589666037544999710e+01
1.305200000000000102e+02,8.590982461458800401e+01
1.305399999999999920e+02,8.592298885372599671e+01
1.305600000000000023e+02,8.593615309286400361e+01
1.305800000000000125e+02,8.594931733200201052e+01
1.305999999999999943e+02,8.596248157114000321e+01
1.306200000000000045e+02,8.597564581027801012e+01
1.306400000000000148e+02,8.598881004941601702e+01
1.306599999999999966e+02,8.600197428855399551e+01
1.306800000000000068e+02,8.601513852769200241e+01
1.307000000000000171e+02,8.602830276683000932e+01
1.307199999999999989e+02,8.604146700596800201e+01
1.307400000000000091e+02,8.605463124510600892e+01
1.307600000000000193e+02,8.606779548424401582e+01
1.307800000000000011e+02,8.608095972338200852e+01
1.308000000000000114e+02,8.609412396252000121e+01
1.308199999999999932e+02,8.610728820165799391e+01
1.308400000000000034e+02,8.612045244079600081e+01
1.308600000000000136e+02,8.613361667993400772e+01
1.308799999999999955e+02,8.614678091907200042e+01
1.309000000000000057e+02,8.615994515821000732e+01
1.309200000000000159e+02,8.617310939734801423e+01
1.309399999999999977e+02,8.618627363648599271e+01
1.309600000000000080e+02,8.619943787562399962e+01
1.309800000000000182e+02,8.621260211476200652e+01
1.310000000000000000e+02,8.622576635389999922e+01
1.310200000000000102e+02,8.623893059303800612e+01
1.310399999999999920e+02,8.625209483217599882e+01
1.310600000000000023e+02,8.626525907131400572e+01
1.310800000000000125e+02,8.627842331045201263e+01
1.310999999999999943e+02,8.629158754958999111e+01
1.311200000000000045e+02,8.630475178872799802e+01
1.311400000000000148e+02,8.631791602786600492e+01
1.311599999999999966e+02,8.633108026700399762e+01
1.311800000000000068e+02,8.634424450614200452e+01
1.312000000000000171e+02,8.635740874528001143e+01
1.312199999999999989e+02,8.637057298441800413e+01
1.312400000000000091e+02,8.638373722355601103e+01
1.312600000000000193e+02,8.639690146269401794e+01
1.312800000000000011e+02,8.641006570183199642e+01
1.313000000000000114e+02,8.642322994097000333e+01
1.313199999999999932e+02,8.643639418010799602e+01
1.313400000000000034e+02,8.644955841924600293e+01
1.313600000000000136e+02,8.646272265838400983e+01
1.313799999999999955e+02,8.647588689752200253e+01
1.314000000000000057e+02,8.648905113666000943e+01
1.314200000000000159e+02,8.650221537579801634e+01
1.314399999999999977e+02,8.651537961493599482e+01
1.314600000000000080e+02,8.652854385407400173e+01
1.314800000000000182e+02,8.654170809321200863e+01
1.315000000000000000e+02,8.655487233235000133e+01
1.315200000000000102e+02,8.656803657148800824e+01
1.315399999999999920e+02,8.658120081062600093e+01
1.315600000000000023e+02,8.659436504976400784e+01
1.315800000000000125e+02,8.660752928890201474e+01
1.315999999999999943e+02,8.662069352803999323e+01
1.316200000000000045e+02,8.663385776717800013e+01
1.316400000000000148e+02,8.664702200631600704e+01
1.316599999999999966e+02,8.666018624545399973e+01
1.316800000000000068e+02,8.667335048459200664e+01
1.317000000000000171e+02,8.668651472373001354e+01
1.317199999999999989e+02,8.669967896286800624e+01
1.317400000000000091e+02,8.671284320200601314e+01
1.317600000000000193e+02,8.672600744114402005e+01
1.317800000000000011e+02,8.673917168028199853e+01
1.318000000000000114e+02,8.675233591942000544e+01
1.318199999999999932e+02,8.676550015855799813e+01
1.318400000000000034e+02,8.677866439769600504e+01
1.318600000000000136e+02,8.679182863683401195e+01
1.318799999999999955e+02,8.680499287597200464e+01
1.319000000000000057e+02,8.681815711511001155e+01
1.319200000000000159e+02,8.683132135424800424e+01
1.319399999999999977e+02,8.684448559338599694e+01
1.319600000000000080e+02,8.685764983252400384e+01
1.319800000000000182e+02,8.687081407166201075e+01
1.320000000000000000e+02,8.688397831080000344e+01
1.320200000000000102e+02,8.689714254993801035e+01
1.320399999999999920e+02,8.691030678907598883e+01
1.320600000000000023e+02,8.692347102821399574e+01
1.320800000000000125e+02,8.693663526735200264e+01
1.320999999999999943e+02,8.694979950648999534e+01
1.321200000000000045e+02,8.696296374562800224e+01
1.321400000000000148e+02,8.697612798476600915e+01
1.321599999999999966e+02,8.698929222390400184e+01
1.321800000000000068e+02,8.700245646304200875e+01
1.322000000000000171e+02,8.701562070218001566e+01
1.322199999999999989e+02,8.702878494131799414e+01
1.322400000000000091e+02,8.704194918045600105e+01
1.322600000000000193e+02,8.705511341959400795e+01
1.322800000000000011e+02,8.706827765873200065e+01
1.323000000000000114e+02,8.708144189787000755e+01
1.323199999999999932e+02,8.709460613700800025e+01
1.323400000000000034e+02,8.710777037614600715e+01
1.323600000000000136e+02,8.712093461528401406e+01
1.323799999999999955e+02,8.713409885442199254e+01
1.324000000000000057e+02,8.714726309355999945e+01
1.324200000000000159e+02,8.716042733269800635e+01
1.324399999999999977e+02,8.717359157183599905e+01
1.324600000000000080e+02,8.718675581097400595e+01
1.324800000000000182e+02,8.719992005011201286e+01
1.325000000000000000e+02,8.721308428925000555e+01
1.325200000000000102e+02,8.722624852838801246e+01
1.325399999999999920e+02,8.723941276752599094e+01
1.325600000000000023e+02,8.725257700666399785e+01
1.325800000000000125e+02,8.726574124580200476e+01
1.325999999999999943e+02,8.727890548493999745e+01
1.326200000000000045e+02,8.729206972407800436e+01
1.326400000000000148e+02,8.730523396321601126e+01
1.326599999999999966e+02,8.731839820235400396e+01
1.326800000000000068e+02,8.733156244149201086e+01
1.327000000000000171e+02,8.734472668063001777e+01
1.327199999999999989e+02,8.735789091976799625e+01
1.327400000000000091e+02,8.737105515890600316e+01
1.327600000000000193e+02,8.738421939804401006e+01
1.327800000000000011e+02,8.739738363718200276e+01
1.328000000000000114e+02,8.741054787632000966e+01
1.328199999999999932e+02,8.742371211545800236e+01
1.328400000000000034e+02,8.743687635459600926e+01
1.328600000000000136e+02,8.745004059373401617e+01
1.328799999999999955e+02,8.746320483287199465e+01
1.329000000000000057e+02,8.747636907201000156e+01
1.329200000000000159e+02,8.748953331114800847e+01
1.329399999999999977e+02,8.750269755028600116e+01
1.329600000000000080e+02,8.751586178942400807e+01
1.329800000000000182e+02,8.752902602856201497e+01
1.330000000000000000e+02,8.754219026770000767e+01
1.330200000000000102e+02,8.755535450683801457e+01
1.330399999999999920e+02,8.756851874597599306e+01
1.330600000000000023e+02,8.758168298511399996e+01
1.330800000000000125e+02,8.759484722425200687e+01
1.330999999999999943e+02,8.760801146338999956e+01
1.331200000000000045e+02,8.762117570252800647e+01
1.331400000000000148e+02,8.763433994166601337e+01
1.331599999999999966e+02,8.764750418080399186e+01
1.331800000000000068e+02,8.766066841994199876e+01
1.332000000000000171e+02,8.767383265908000567e+01
1.332199999999999989e+02,8.768699689821799836e+01
1.332400000000000091e+02,8.770016113735600527e+01
1.332600000000000193e+02,8.771332537649401218e+01
1.332800000000000011e+02,8.772648961563200487e+01
1.333000000000000114e+02,8.773965385477001178e+01
1.333199999999999932e+02,8.775281809390799026e+01
1.333400000000000034e+02,8.776598233304599717e+01
1.333600000000000136e+02,8.777914657218400407e+01
1.333799999999999955e+02,8.779231081132199677e+01
1.334000000000000057e+02,8.780547505046000367e+01
1.334200000000000159e+02,8.781863928959801058e+01
1.334399999999999977e+02,8.783180352873600327e+01
1.334600000000000080e+02,8.784496776787401018e+01
1.334800000000000182e+02,8.785813200701201708e+01
1.335000000000000000e+02,8.787129624614999557e+01
1.335200000000000102e+02,8.788446048528800247e+01
1.335399999999999920e+02,8.789762472442599517e+01
1.335600000000000023e+02,8.791078896356400207e+01
1.335800000000000125e+02,8.792395320270200898e+01
1.335999999999999943e+02,8.793711744184000167e+01
1.336200000000000045e+02,8.795028168097800858e+01
1.336400000000000148e+02,8.796344592011601549e+01
1.336599999999999966e+02,8.797661015925399397e+01
1.336800000000000068e+02,8.798977439839200088e+01
1.337000000000000171e+02,8.800293863753000778e+01
1.337199999999999989e+02,8.801610287666800048e+01
1.337400000000000091e+02,8.802926711580600738e+01
1.337600000000000193e+02,8.804243135494401429e+01
1.337800000000000011e+02,8.805559559408200698e+01
1.338000000000000114e+02,8.806875983322001389e+01
1.338199999999999932e+02,8.808192407235799237e+01
1.338400000000000034e+02,8.809508831149599928e+01
1.338600000000000136e+02,8.810825255063400618e+01
1.338799999999999955e+02,8.812141678977199888e+01
1.339000000000000057e+02,8.813458102891000578e+01
1.339200000000000159e+02,8.814774526804801269e+01
1.339399999999999977e+02,8.816090950718600538e+01
1.339600000000000080e+02,8.817407374632401229e+01
1.339800000000000182e+02,8.818723798546201920e+01
1.340000000000000000e+02,8.820040222459999768e+01
1.340200000000000102e+02,8.821356646373800459e+01
1.340399999999999920e+02,8.822673070287599728e+01
1.340600000000000023e+02,8.823989494201400419e+01
1.340800000000000125e+02,8.825305918115201109e+01
1.340999999999999943e+02,8.826622342029000379e+01
1.341200000000000045e+02,8.827938765942801069e+01
1.341400000000000148e+02,8.829255189856601760e+01
1.341599999999999966e+02,8.830571613770399608e+01
1.341800000000000068e+02,8.831888037684200299e+01
1.342000000000000171e+02,8.833204461598000989e+01
1.342199999999999989e+02,8.834520885511800259e+01
1.342400000000000091e+02,8.835837309425600949e+01
1.342600000000000193e+02,8.837153733339401640e+01
1.342800000000000011e+02,8.838470157253199488e+01
1.343000000000000114e+02,8.839786581167000179e+01
1.343199999999999932e+02,8.841103005080799448e+01
1.343400000000000034e+02,8.842419428994600139e+01
1.343600000000000136e+02,8.843735852908400830e+01
1.343799999999999955e+02,8.845052276822200099e+01
1.344000000000000057e+02,8.846368700736000790e+01
1.344200000000000159e+02,8.847685124649801480e+01
1.344399999999999977e+02,8.849001548563599329e+01
1.344600000000000080e+02,8.850317972477400019e+01
1.344800000000000182e+02,8.851634396391200710e+01
1.345000000000000000e+02,8.852950820304999979e+01
1.345200000000000102e+02,8.854267244218800670e+01
1.345399999999999920e+02,8.855583668132599939e+01
1.345600000000000023e+02,8.856900092046400630e+01
1.345800000000000125e+02,8.858216515960201320e+01
1.345999999999999943e+02,8.859532939873999169e+01
1.346200000000000045e+02,8.860849363787799859e+01
1.346400000000000148e+02,8.862165787701600550e+01
1.346599999999999966e+02,8.863482211615399819e+01
1.346800000000000068e+02,8.864798635529200510e+01
1.347000000000000171e+02,8.866115059443001201e+01
1.347199999999999989e+02,8.867431483356800470e+01
1.347400000000000091e+02,8.868747907270601161e+01
1.347600000000000193e+02,8.870064331184401851e+01
1.347800000000000011e+02,8.871380755098199700e+01
1.348000000000000114e+02,8.872697179012000390e+01
1.348199999999999932e+02,8.874013602925799660e+01
1.348400000000000034e+02,8.875330026839600350e+01
1.348600000000000136e+02,8.876646450753401041e+01
1.348799999999999955e+02,8.877962874667200310e+01
1.349000000000000057e+02,8.879279298581001001e+01
1.349200000000000159e+02,8.880595722494801691e+01
1.349399999999999977e+02,8.881912146408599540e+01
1.349600000000000080e+02,8.883228570322400230e+01
1.349800000000000182e+02,8.884544994236200921e+01
1.350000000000000000e+02,8.885861418150000191e+01
1.350200000000000102e+02,8.887177842063800881e+01
1.350399999999999920e+02,8.888494265977600151e+01
1.350600000000000023e+02,8.889810689891400841e+01
1.350800000000000125e+02,8.891127113805201532e+01
1.350999999999999943e+02,8.892443537718999380e+01
1.351200000000000045e+02,8.893759961632800071e+01
1.351400000000000148e+02,8.895076385546600761e+01
1.351599999999999966e+02,8.896392809460400031e+01
1.351800000000000068e+02,8.897709233374200721e+01
1.352000000000000171e+02,8.899025657288001412e+01
1.352199999999999989e+02,8.900342081201800681e+01
1.352400000000000091e+02,8.901658505115601372e+01
1.352600000000000193e+02,8.902974929029400641e+01
1.352800000000000011e+02,8.904291352943199911e+01
1.353000000000000114e+02,8.905607776857000601e+01
1.353199999999999932e+02,8.906924200770799871e+01
1.353400000000000034e+02,8.908240624684600562e+01
1.353600000000000136e+02,8.909557048598401252e+01
1.353799999999999955e+02,8.910873472512199100e+01
1.354000000000000057e+02,8.912189896425999791e+01
1.354200000000000159e+02,8.913506320339800482e+01
1.354399999999999977e+02,8.914822744253599751e+01
1.354600000000000080e+02,8.916139168167400442e+01
1.354800000000000182e+02,8.917455592081201132e+01
1.355000000000000000e+02,8.918772015995000402e+01
1.355200000000000102e+02,8.920088439908801092e+01
1.355399999999999920e+02,8.921404863822598941e+01
1.355600000000000023e+02,8.922721287736399631e+01
1.355800000000000125e+02,8.924037711650200322e+01
1.355999999999999943e+02,8.925354135563999591e+01
1.356200000000000045e+02,8.926670559477800282e+01
1.356400000000000148e+02,8.927986983391600972e+01
1.356599999999999966e+02,8.929303407305400242e+01
1.356800000000000068e+02,8.930619831219200933e+01
1.357000000000000171e+02,8.931936255133001623e+01
1.357199999999999989e+02,8.933252679046799472e+01
1.357400000000000091e+02,8.934569102960600162e+01
1.357600000000000193e+02,8.935885526874400853e+01
1.357800000000000011e+02,8.937201950788200122e+01
1.358000000000000114e+02,8.938518374702000813e+01
1.358199999999999932e+02,8.939834798615800082e+01
1.358400000000000034e+02,8.941151222529600773e+01
1.358600000000000136e+02,8.942467646443401463e+01
1.358799999999999955e+02,8.943784070357199312e+01
1.359000000000000057e+02,8.945100494271000002e+01
1.359200000000000159e+02,8.946416918184800693e+01
1.359399999999999977e+02,8.947733342098599962e+01
1.359600000000000080e+02,8.949049766012400653e+01
1.359800000000000182e+02,8.950366189926201343e+01
1.360000000000000000e+02,8.951682613840000613e+01
1.360200000000000102e+02,8.952999037753801304e+01
1.360399999999999920e+02,8.954315461667599152e+01
1.360600000000000023e+02,8.955631885581399843e+01
1.360800000000000125e+02,8.956948309495200533e+01
1.360999999999999943e+02,8.958264733408999803e+01
1.361200000000000045e+02,8.959581157322800493e+01
1.361400000000000148e+02,8.960897581236601184e+01
1.361599999999999966e+02,8.962214005150400453e+01
1.361800000000000068e+02,8.963530429064201144e+01
1.362000000000000171e+02,8.964846852978001834e+01
1.362199999999999989e+02,8.966163276891799683e+01
1.362400000000000091e+02,8.967479700805600373e+01
1.362600000000000193e+02,8.968796124719401064e+01
1.362800000000000011e+02,8.970112548633200333e+01
1.363000000000000114e+02,8.971428972547001024e+01
1.363199999999999932e+02,8.972745396460800293e+01
1.363400000000000034e+02,8.974061820374600984e+01
1.363600000000000136e+02,8.975378244288401675e+01
1.363799999999999955e+02,8.976694668202199523e+01
1.364000000000000057e+02,8.978011092116000214e+01
1.364200000000000159e+02,8.979327516029800904e+01
1.364399999999999977e+02,8.980643939943600174e+01
1.364600000000000080e+02,8.981960363857400864e+01
1.364800000000000182e+02,8.983276787771201555e+01
1.365000000000000000e+02,8.984593211684999403e+01
1.365200000000000102e+02,8.985909635598800094e+01
1.365399999999999920e+02,8.987226059512599363e+01
1.365600000000000023e+02,8.988542483426400054e+01
1.365800000000000125e+02,8.989858907340200744e+01
1.365999999999999943e+02,8.991175331254000014e+01
1.366200000000000045e+02,8.992491755167800704e+01
1.366400000000000148e+02,8.993808179081601395e+01
1.366599999999999966e+02,8.995124602995399243e+01
1.366800000000000068e+02,8.996441026909199934e+01
1.367000000000000171e+02,8.997757450823000624e+01
1.367199999999999989e+02,8.999073874736799894e+01
1.367400000000000091e+02,9.000390298650600585e+01
1.367600000000000193e+02,9.001706722564401275e+01
1.367800000000000011e+02,9.003023146478200545e+01
1.368000000000000114e+02,9.004339570392001235e+01
1.368199999999999932e+02,9.005655994305799084e+01
1.368400000000000034e+02,9.006972418219599774e+01
1.368600000000000136e+02,9.008288842133400465e+01
1.368799999999999955e+02,9.009605266047199734e+01
1.369000000000000057e+02,9.010921689961000425e+01
1.369200000000000159e+02,9.012238113874801115e+01
1.369399999999999977e+02,9.013554537788600385e+01
1.369600000000000080e+02,9.014870961702401075e+01
1.369800000000000182e+02,9.016187385616201766e+01
1.370000000000000000e+02,9.017503809529999614e+01
1.370200000000000102e+02,9.018820233443800305e+01
1.370399999999999920e+02,9.020136657357599574e+01
1.370600000000000023e+02,9.021453081271400265e+01
1.370800000000000125e+02,9.022769505185200956e+01
1.370999999999999943e+02,9.024085929099000225e+01
1.371200000000000045e+02,9.025402353012800916e+01
1.371400000000000148e+02,9.026718776926601606e+01
1.371599999999999966e+02,9.028035200840399455e+01
1.371800000000000068e+02,9.029351624754200145e+01
1.372000000000000171e+02,9.030668048668000836e+01
1.372199999999999989e+02,9.031984472581800105e+01
1.372400000000000091e+02,9.033300896495600796e+01
1.372600000000000193e+02,9.034617320409401486e+01
1.372800000000000011e+02,9.035933744323200756e+01
1.373000000000000114e+02,9.037250168237001446e+01
1.373199999999999932e+02,9.038566592150799295e+01
1.373400000000000034e+02,9.039883016064599985e+01
1.373600000000000136e+02,9.041199439978400676e+01
1.373799999999999955e+02,9.042515863892199945e+01
1.374000000000000057e+02,9.043832287806000636e+01
1.374200000000000159e+02,9.045148711719801327e+01
1.374399999999999977e+02,9.046465135633600596e+01
1.374600000000000080e+02,9.047781559547401287e+01
1.374800000000000182e+02,9.049097983461201977e+01
1.375000000000000000e+02,9.050414407374999826e+01
1.375200000000000102e+02,9.051730831288800516e+01
1.375399999999999920e+02,9.053047255202599786e+01
1.375600000000000023e+02,9.054363679116400476e+01
1.375800000000000125e+02,9.055680103030201167e+01
1.375999999999999943e+02,9.056996526943999015e+01
1.376200000000000045e+02,9.058312950857799706e+01
1.376400000000000148e+02,9.059629374771600396e+01
1.376599999999999966e+02,9.060945798685399666e+01
1.376800000000000068e+02,9.062262222599200356e+01
1.377000000000000171e+02,9.063578646513001047e+01
1.377199999999999989e+02,9.064895070426800316e+01
1.377400000000000091e+02,9.066211494340601007e+01
1.377600000000000193e+02,9.067527918254401698e+01
1.377800000000000011e+02,9.068844342168199546e+01
1.378000000000000114e+02,9.070160766082000237e+01
1.378199999999999932e+02,9.071477189995799506e+01
1.378400000000000034e+02,9.072793613909600197e+01
1.378600000000000136e+02,9.074110037823400887e+01
1.378799999999999955e+02,9.075426461737200157e+01
1.379000000000000057e+02,9.076742885651000847e+01
1.379200000000000159e+02,9.078059309564801538e+01
1.379399999999999977e+02,9.079375733478599386e+01
1.379600000000000080e+02,9.080692157392400077e+01
1.379800000000000182e+02,9.082008581306200767e+01
1.380000000000000000e+02,9.083325005220000037e+01
1.380200000000000102e+02,9.084641429133800727e+01
1.380399999999999920e+02,9.085957853047599997e+01
1.380600000000000023e+02,9.087274276961400687e+01
1.380800000000000125e+02,9.088590700875201378e+01
1.380999999999999943e+02,9.089907124788999226e+01
1.381200000000000045e+02,9.091223548702799917e+01
1.381400000000000148e+02,9.092539972616600608e+01
1.381599999999999966e+02,9.093856396530399877e+01
1.381800000000000068e+02,9.095172820444200568e+01
1.382000000000000171e+02,9.096489244358001258e+01
1.382199999999999989e+02,9.097805668271800528e+01
1.382400000000000091e+02,9.099122092185601218e+01
1.382600000000000193e+02,9.100438516099401909e+01
1.382800000000000011e+02,9.101754940013199757e+01
1.383000000000000114e+02,9.103071363927000448e+01
1.383199999999999932e+02,9.104387787840799717e+01
1.383400000000000034e+02,9.105704211754600408e+01
1.383600000000000136e+02,9.107020635668401098e+01
1.383799999999999955e+02,9.108337059582200368e+01
1.384000000000000057e+02,9.109653483496001058e+01
1.384200000000000159e+02,9.110969907409801749e+01
1.384399999999999977e+02,9.112286331323599597e+01
1.384600000000000080e+02,9.113602755237400288e+01
1.384800000000000182e+02,9.114919179151200979e+01
1.385000000000000000e+02,9.116235603065000248e+01
1.385200000000000102e+02,9.117552026978800939e+01
1.385399999999999920e+02,9.118868450892600208e+01
1.385600000000000023e+02,9.120184874806400899e+01
1.385800000000000125e+02,9.121501298720201589e+01
1.385999999999999943e+02,9.122817722633999438e+01
1.386200000000000045e+02,9.124134146547800128e+01
1.386400000000000148e+02,9.125450570461600819e+01
1.386599999999999966e+02,9.126766994375400088e+01
1.386800000000000068e+02,9.128083418289200779e+01
1.387000000000000171e+02,9.129399842203001469e+01
1.387199999999999989e+02,9.130716266116799318e+01
1.387400000000000091e+02,9.132032690030600008e+01
1.387600000000000193e+02,9.133349113944400699e+01
1.387800000000000011e+02,9.134665537858199968e+01
1.388000000000000114e+02,9.135981961772000659e+01
1.388199999999999932e+02,9.137298385685799929e+01
1.388400000000000034e+02,9.138614809599600619e+01
1.388600000000000136e+02,9.139931233513401310e+01
1.388799999999999955e+02,9.141247657427199158e+01
1.389000000000000057e+02,9.142564081340999849e+01
1.389200000000000159e+02,9.143880505254800539e+01
1.389399999999999977e+02,9.145196929168599809e+01
1.389600000000000080e+02,9.146513353082400499e+01
1.389800000000000182e+02,9.147829776996201190e+01
1.390000000000000000e+02,9.149146200910000459e+01
1.390200000000000102e+02,9.150462624823801150e+01
1.390399999999999920e+02,9.151779048737598998e+01
1.390600000000000023e+02,9.153095472651399689e+01
1.390800000000000125e+02,9.154411896565200379e+01
1.390999999999999943e+02,9.155728320478999649e+01
1.391200000000000045e+02,9.157044744392800339e+01
1.391400000000000148e+02,9.158361168306601030e+01
1.391599999999999966e+02,9.159677592220400300e+01
1.391800000000000068e+02,9.160994016134200990e+01
1.392000000000000171e+02,9.162310440048001681e+01
1.392199999999999989e+02,9.163626863961799529e+01
1.392400000000000091e+02,9.164943287875600220e+01
1.392600000000000193e+02,9.166259711789400910e+01
1.392800000000000011e+02,9.167576135703200180e+01
1.393000000000000114e+02,9.168892559617000870e+01
1.393199999999999932e+02,9.170208983530800140e+01
1.393400000000000034e+02,9.171525407444600830e+01
1.393600000000000136e+02,9.172841831358401521e+01
1.393799999999999955e+02,9.174158255272199369e+01
1.394000000000000057e+02,9.175474679186000060e+01
1.394200000000000159e+02,9.176791103099800750e+01
1.394399999999999977e+02,9.178107527013600020e+01
1.394600000000000080e+02,9.179423950927400710e+01
1.394800000000000182e+02,9.180740374841201401e+01
1.395000000000000000e+02,9.182056798755000671e+01
1.395200000000000102e+02,9.183373222668801361e+01
1.395399999999999920e+02,9.184689646582599210e+01
1.395600000000000023e+02,9.186006070496399900e+01
1.395800000000000125e+02,9.187322494410200591e+01
1.395999999999999943e+02,9.188638918323999860e+01
1.396200000000000045e+02,9.189955342237800551e+01
1.396400000000000148e+02,9.191271766151601241e+01
1.396599999999999966e+02,9.192588190065400511e+01
1.396800000000000068e+02,9.193904613979201201e+01
1.397000000000000171e+02,9.195221037893001892e+01
1.397199999999999989e+02,9.196537461806799740e+01
1.397400000000000091e+02,9.197853885720600431e+01
1.397600000000000193e+02,9.199170309634401121e+01
1.397800000000000011e+02,9.200486733548200391e+01
1.398000000000000114e+02,9.201803157462001082e+01
1.398199999999999932e+02,9.203119581375798930e+01
1.398400000000000034e+02,9.204436005289599620e+01
1.398600000000000136e+02,9.205752429203400311e+01
1.398799999999999955e+02,9.207068853117199581e+01
1.399000000000000057e+02,9.208385277031000271e+01
1.399200000000000159e+02,9.209701700944800962e+01
1.399399999999999977e+02,9.211018124858600231e+01
1.399600000000000080e+02,9.212334548772400922e+01
1.399800000000000182e+02,9.213650972686201612e+01
1.400000000000000000e+02,9.214967396599999461e+01
1.400200000000000102e+02,9.216283820513800151e+01
1.400399999999999920e+02,9.217600244427599421e+01
1.400600000000000023e+02,9.218916668341400111e+01
1.400800000000000125e+02,9.220233092255200802e+01
1.400999999999999943e+02,9.221549516169000071e+01
1.401200000000000045e+02,9.222865940082800762e+01
1.401400000000000148e+02,9.224182363996601453e+01
1.401599999999999966e+02,9.225498787910399301e+01
1.401800000000000068e+02,9.226815211824199991e+01
1.402000000000000171e+02,9.228131635738000682e+01
1.402199999999999989e+02,9.229448059651799952e+01
1.402400000000000091e+02,9.230764483565600642e+01
1.402600000000000193e+02,9.232080907479401333e+01
1.402800000000000011e+02,9.233397331393200602e+01
1.403000000000000114e+02,9.234713755307001293e+01
1.403199999999999932e+02,9.236030179220799141e+01
1.403400000000000034e+02,9.237346603134599832e+01
1.403600000000000136e+02,9.238663027048400522e+01
1.403799999999999955e+02,9.239979450962199792e+01
1.404000000000000057e+02,9.241295874876000482e+01
1.404200000000000159e+02,9.242612298789801173e+01
1.404399999999999977e+02,9.243928722703600442e+01
1.404600000000000080e+02,9.245245146617401133e+01
1.404800000000000182e+02,9.246561570531201824e+01
1.405000000000000000e+02,9.247877994444999672e+01
1.405200000000000102e+02,9.249194418358800363e+01
1.405399999999999920e+02,9.250510842272599632e+01
1.405600000000000023e+02,9.251827266186400323e+01
1.405800000000000125e+02,9.253143690100201013e+01
1.405999999999999943e+02,9.254460114014000283e+01
1.406200000000000045e+02,9.255776537927800973e+01
1.406400000000000148e+02,9.257092961841601664e+01
1.406599999999999966e+02,9.258409385755399512e+01
1.406800000000000068e+02,9.259725809669200203e+01
1.407000000000000171e+02,9.261042233583000893e+01
1.407199999999999989e+02,9.262358657496800163e+01
1.407400000000000091e+02,9.263675081410600853e+01
1.407600000000000193e+02,9.264991505324401544e+01
1.407800000000000011e+02,9.266307929238200813e+01
1.408000000000000114e+02,9.267624353152001504e+01
1.408199999999999932e+02,9.268940777065799352e+01
1.408400000000000034e+02,9.270257200979600043e+01
1.408600000000000136e+02,9.271573624893400734e+01
1.408799999999999955e+02,9.272890048807200003e+01
1.409000000000000057e+02,9.274206472721000694e+01
1.409200000000000159e+02,9.275522896634801384e+01
1.409399999999999977e+02,9.276839320548599233e+01
1.409600000000000080e+02,9.278155744462399923e+01
1.409800000000000182e+02,9.279472168376200614e+01
1.410000000000000000e+02,9.280788592289999883e+01
1.410200000000000102e+02,9.282105016203800574e+01
1.410399999999999920e+02,9.283421440117599843e+01
1.410600000000000023e+02,9.284737864031400534e+01
1.410800000000000125e+02,9.286054287945201224e+01
1.410999999999999943e+02,9.287370711858999073e+01
1.411200000000000045e+02,9.288687135772799763e+01
1.411400000000000148e+02,9.290003559686600454e+01
1.411599999999999966e+02,9.291319983600399723e+01
1.411800000000000068e+02,9.292636407514200414e+01
1.412000000000000171e+02,9.293952831428001105e+01
1.412199999999999989e+02,9.295269255341800374e+01
1.412400000000000091e+02,9.296585679255601065e+01
1.412600000000000193e+02,9.297902103169401755e+01
1.412800000000000011e+02,9.299218527083199604e+01
1.413000000000000114e+02,9.300534950997000294e+01
1.413199999999999932e+02,9.301851374910799564e+01
1.413400000000000034e+02,9.303167798824600254e+01
1.413600000000000136e+02,9.304484222738400945e+01
1.413799999999999955e+02,9.305800646652200214e+01
1.414000000000000057e+02,9.307117070566000905e+01
1.414200000000000159e+02,9.308433494479801595e+01
1.414399999999999977e+02,9.309749918393599444e+01
1.414600000000000080e+02,9.311066342307400134e+01
1.414800000000000182e+02,9.312382766221200825e+01
1.415000000000000000e+02,9.313699190135000094e+01
1.415200000000000102e+02,9.315015614048800785e+01
1.415399999999999920e+02,9.316332037962600054e+01
1.415600000000000023e+02,9.317648461876400745e+01
1.415800000000000125e+02,9.318964885790201436e+01
1.415999999999999943e+02,9.320281309703999284e+01
1.416200000000000045e+02,9.321597733617799975e+01
1.416400000000000148e+02,9.322914157531600665e+01
1.416599999999999966e+02,9.324230581445399935e+01
1.416800000000000068e+02,9.325547005359200625e+01
1.417000000000000171e+02,9.326863429273001316e+01
1.417199999999999989e+02,9.328179853186800585e+01
1.417400000000000091e+02,9.329496277100601276e+01
1.417600000000000193e+02,9.330812701014401966e+01
1.417800000000000011e+02,9.332129124928199815e+01
1.418000000000000114e+02,9.333445548842000505e+01
1.418199999999999932e+02,9.334761972755799775e+01
1.418400000000000034e+02,9.336078396669600465e+01
1.418600000000000136e+02,9.337394820583401156e+01
1.418799999999999955e+02,9.338711244497200425e+01
1.419000000000000057e+02,9.340027668411001116e+01
1.419200000000000159e+02,9.341344092324801807e+01
1.419399999999999977e+02,9.342660516238599655e+01
1.419600000000000080e+02,9.343976940152400346e+01
1.419800000000000182e+02,9.345293364066201036e+01
1.420000000000000000e+02,9.346609787980000306e+01
1.420200000000000102e+02,9.347926211893800996e+01
1.420399999999999920e+02,9.349242635807600266e+01
1.420600000000000023e+02,9.350559059721399535e+01
1.420800000000000125e+02,9.351875483635200226e+01
1.420999999999999943e+02,9.353191907548999495e+01
1.421200000000000045e+02,9.354508331462800186e+01
1.421400000000000148e+02,9.355824755376600876e+01
1.421599999999999966e+02,9.357141179290400146e+01
1.421800000000000068e+02,9.358457603204200836e+01
1.422000000000000171e+02,9.359774027118001527e+01
1.422199999999999989e+02,9.361090451031799375e+01
1.422400000000000091e+02,9.362406874945600066e+01
1.422600000000000193e+02,9.363723298859400757e+01
1.422800000000000011e+02,9.365039722773200026e+01
1.423000000000000114e+02,9.366356146687000717e+01
1.423199999999999932e+02,9.367672570600799986e+01
1.423400000000000034e+02,9.368988994514600677e+01
1.423600000000000136e+02,9.370305418428401367e+01
1.423799999999999955e+02,9.371621842342199216e+01
1.424000000000000057e+02,9.372938266255999906e+01
1.424200000000000159e+02,9.374254690169800597e+01
1.424399999999999977e+02,9.375571114083599866e+01
1.424600000000000080e+02,9.376887537997400557e+01
1.424800000000000182e+02,9.378203961911201247e+01
1.425000000000000000e+02,9.379520385825000517e+01
1.425200000000000102e+02,9.380836809738801207e+01
1.425399999999999920e+02,9.382153233652599056e+01
1.425600000000000023e+02,9.383469657566399746e+01
1.425800000000000125e+02,9.384786081480200437e+01
1.425999999999999943e+02,9.386102505393999706e+01
1.426200000000000045e+02,9.387418929307800397e+01
1.426400000000000148e+02,9.388735353221601088e+01
1.426599999999999966e+02,9.390051777135400357e+01
1.426800000000000068e+02,9.391368201049201048e+01
1.427000000000000171e+02,9.392684624963001738e+01
1.427199999999999989e+02,9.394001048876799587e+01
1.427400000000000091e+02,9.395317472790600277e+01
1.427600000000000193e+02,9.396633896704400968e+01
1.427800000000000011e+02,9.397950320618200237e+01
1.428000000000000114e+02,9.399266744532000928e+01
1.428199999999999932e+02,9.400583168445800197e+01
1.428400000000000034e+02,9.401899592359600888e+01
1.428600000000000136e+02,9.403216016273401578e+01
1.428799999999999955e+02,9.404532440187199427e+01
1.429000000000000057e+02,9.405848864101000117e+01
1.429200000000000159e+02,9.407165288014800808e+01
1.429399999999999977e+02,9.408481711928600077e+01
1.429600000000000080e+02,9.409798135842400768e+01
1.429800000000000182e+02,9.411114559756201459e+01
1.430000000000000000e+02,9.412430983670000728e+01
1.430200000000000102e+02,9.413747407583801419e+01
1.430399999999999920e+02,9.415063831497599267e+01
1.430600000000000023e+02,9.416380255411399958e+01
1.430800000000000125e+02,9.417696679325200648e+01
1.430999999999999943e+02,9.419013103238999918e+01
1.431200000000000045e+02,9.420329527152800608e+01
1.431400000000000148e+02,9.421645951066601299e+01
1.431599999999999966e+02,9.422962374980400568e+01
1.431800000000000068e+02,9.424278798894199838e+01
1.432000000000000171e+02,9.425595222808000528e+01
1.432199999999999989e+02,9.426911646721799798e+01
1.432400000000000091e+02,9.428228070635600488e+01
1.432600000000000193e+02,9.429544494549401179e+01
1.432800000000000011e+02,9.430860918463200449e+01
1.433000000000000114e+02,9.432177342377001139e+01
1.433199999999999932e+02,9.433493766290798987e+01
1.433400000000000034e+02,9.434810190204599678e+01
1.433600000000000136e+02,9.436126614118400369e+01
1.433799999999999955e+02,9.437443038032199638e+01
1.434000000000000057e+02,9.438759461946000329e+01
1.434200000000000159e+02,9.440075885859801019e+01
1.434399999999999977e+02,9.441392309773600289e+01
1.434600000000000080e+02,9.442708733687400979e+01
1.434800000000000182e+02,9.444025157601201670e+01
1.435000000000000000e+02,9.445341581514999518e+01
1.435200000000000102e+02,9.446658005428800209e+01
1.435399999999999920e+02,9.447974429342599478e+01
1.435600000000000023e+02,9.449290853256400169e+01
1.435800000000000125e+02,9.450607277170200859e+01
1.435999999999999943e+02,9.451923701084000129e+01
1.436200000000000045e+02,9.453240124997800820e+01
1.436400000000000148e+02,9.454556548911601510e+01
1.436599999999999966e+02,9.455872972825399358e+01
1.436800000000000068e+02,9.457189396739200049e+01
1.437000000000000171e+02,9.458505820653000740e+01
1.437199999999999989e+02,9.459822244566800009e+01
1.437400000000000091e+02,9.461138668480600700e+01
1.437600000000000193e+02,9.462455092394401390e+01
1.437800000000000011e+02,9.463771516308200660e+01
1.438000000000000114e+02,9.465087940222001350e+01
1.438199999999999932e+02,9.466404364135799199e+01
1.438400000000000034e+02,9.467720788049599889e+01
1.438600000000000136e+02,9.469037211963400580e+01
1.438799999999999955e+02,9.470353635877199849e+01
1.439000000000000057e+02,9.471670059791000540e+01
1.439200000000000159e+02,9.472986483704801230e+01
1.439399999999999977e+02,9.474302907618600500e+01
1.439600000000000080e+02,9.475619331532401191e+01
1.439800000000000182e+02,9.476935755446201881e+01
1.440000000000000000e+02,9.478252179359999730e+01
1.440200000000000102e+02,9.479568603273800420e+01
1.440399999999999920e+02,9.480885027187599690e+01
1.440600000000000023e+02,9.482201451101400380e+01
1.440800000000000125e+02,9.483517875015201071e+01
1.440999999999999943e+02,9.484834298929000340e+01
1.441200000000000045e+02,9.486150722842801031e+01
1.441400000000000148e+02,9.487467146756601721e+01
1.441599999999999966e+02,9.488783570670399570e+01
1.441800000000000068e+02,9.490099994584200260e+01
1.442000000000000171e+02,9.491416418498000951e+01
1.442199999999999989e+02,9.492732842411800220e+01
1.442400000000000091e+02,9.494049266325600911e+01
1.442600000000000193e+02,9.495365690239401602e+01
1.442800000000000011e+02,9.496682114153199450e+01
1.443000000000000114e+02,9.497998538067000140e+01
1.443199999999999932e+02,9.499314961980799410e+01
1.443400000000000034e+02,9.500631385894600101e+01
1.443600000000000136e+02,9.501947809808400791e+01
1.443799999999999955e+02,9.503264233722200061e+01
1.444000000000000057e+02,9.504580657636000751e+01
1.444200000000000159e+02,9.505897081549801442e+01
1.444399999999999977e+02,9.507213505463599290e+01
1.444600000000000080e+02,9.508529929377399981e+01
1.444800000000000182e+02,9.509846353291200671e+01
1.445000000000000000e+02,9.511162777204999941e+01
1.445200000000000102e+02,9.512479201118800631e+01
1.445399999999999920e+02,9.513795625032599901e+01
1.445600000000000023e+02,9.515112048946400591e+01
1.445800000000000125e+02,9.516428472860201282e+01
1.445999999999999943e+02,9.517744896773999130e+01
1.446200000000000045e+02,9.519061320687799821e+01
1.446400000000000148e+02,9.520377744601600511e+01
1.446599999999999966e+02,9.521694168515399781e+01
1.446800000000000068e+02,9.523010592429200472e+01
1.447000000000000171e+02,9.524327016343001162e+01
1.447199999999999989e+02,9.525643440256800432e+01
1.447400000000000091e+02,9.526959864170601122e+01
1.447600000000000193e+02,9.528276288084401813e+01
1.447800000000000011e+02,9.529592711998199661e+01
1.448000000000000114e+02,9.530909135912000352e+01
1.448199999999999932e+02,9.532225559825799621e+01
1.448400000000000034e+02,9.533541983739600312e+01
1.448600000000000136e+02,9.534858407653401002e+01
1.448799999999999955e+02,9.536174831567200272e+01
1.449000000000000057e+02,9.537491255481000962e+01
1.449200000000000159e+02,9.538807679394801653e+01
1.449399999999999977e+02,9.540124103308599501e+01
1.449600000000000080e+02,9.541440527222400192e+01
1.449800000000000182e+02,9.542756951136200883e+01
1.450000000000000000e+02,9.544073375050000152e+01
1.450200000000000102e+02,9.545389798963800843e+01
1.450399999999999920e+02,9.546706222877600112e+01
1.450600000000000023e+02,9.548022646791400803e+01
1.450800000000000125e+02,9.549339070705201493e+01
1.450999999999999943e+02,9.550655494618999342e+01
1.451200000000000045e+02,9.551971918532800032e+01
1.451400000000000148e+02,9.553288342446600723e+01
1.451599999999999966e+02,9.554604766360399992e+01
1.451800000000000068e+02,9.555921190274200683e+01
1.452000000000000171e+02,9.557237614188001373e+01
1.452199999999999989e+02,9.558554038101800643e+01
1.452400000000000091e+02,9.559870462015601333e+01
1.452600000000000193e+02,9.561186885929402024e+01
1.452800000000000011e+02,9.562503309843199872e+01
1.453000000000000114e+02,9.563819733757000563e+01
1.453199999999999932e+02,9.565136157670799832e+01
1.453400000000000034e+02,9.566452581584600523e+01
1.453600000000000136e+02,9.567769005498401214e+01
1.453799999999999955e+02,9.569085429412200483e+01
1.454000000000000057e+02,9.570401853325999753e+01
1.454200000000000159e+02,9.571718277239800443e+01
1.454399999999999977e+02,9.573034701153599713e+01
1.454600000000000080e+02,9.574351125067400403e+01
1.454800000000000182e+02,9.575667548981201094e+01
1.455000000000000000e+02,9.576983972895000363e+01
1.455200000000000102e+02,9.578300396808801054e+01
1.455399999999999920e+02,9.579616820722598902e+01
1.455600000000000023e+02,9.580933244636399593e+01
1.455800000000000125e+02,9.582249668550200283e+01
1.455999999999999943e+02,9.583566092463999553e+01
1.456200000000000045e+02,9.584882516377800243e+01
1.456400000000000148e+02,9.586198940291600934e+01
1.456599999999999966e+02,9.587515364205400203e+01
1.456800000000000068e+02,9.588831788119200894e+01
1.457000000000000171e+02,9.590148212033001585e+01
1.457199999999999989e+02,9.591464635946799433e+01
1.457400000000000091e+02,9.592781059860600124e+01
1.457600000000000193e+02,9.594097483774400814e+01
1.457800000000000011e+02,9.595413907688200084e+01
1.458000000000000114e+02,9.596730331602000774e+01
1.458199999999999932e+02,9.598046755515800044e+01
1.458400000000000034e+02,9.599363179429600734e+01
1.458600000000000136e+02,9.600679603343401425e+01
1.458799999999999955e+02,9.601996027257199273e+01
1.459000000000000057e+02,9.603312451170999964e+01
1.459200000000000159e+02,9.604628875084800654e+01
1.459399999999999977e+02,9.605945298998599924e+01
1.459600000000000080e+02,9.607261722912400614e+01
1.459800000000000182e+02,9.608578146826201305e+01
1.460000000000000000e+02,9.609894570740000574e+01
1.460200000000000102e+02,9.611210994653801265e+01
1.460399999999999920e+02,9.612527418567599113e+01
1.460600000000000023e+02,9.613843842481399804e+01
1.460800000000000125e+02,9.615160266395200495e+01
1.460999999999999943e+02,9.616476690308999764e+01
1.461200000000000045e+02,9.617793114222800455e+01
1.461400000000000148e+02,9.619109538136601145e+01
1.461599999999999966e+02,9.620425962050400415e+01
1.461800000000000068e+02,9.621742385964201105e+01
1.462000000000000171e+02,9.623058809878001796e+01
1.462199999999999989e+02,9.624375233791799644e+01
1.462400000000000091e+02,9.625691657705600335e+01
1.462600000000000193e+02,9.627008081619401025e+01
1.462800000000000011e+02,9.628324505533200295e+01
1.463000000000000114e+02,9.629640929447000985e+01
1.463199999999999932e+02,9.630957353360800255e+01
1.463400000000000034e+02,9.632273777274600945e+01
1.463600000000000136e+02,9.633590201188401636e+01
1.463799999999999955e+02,9.634906625102199484e+01
1.464000000000000057e+02,9.636223049016000175e+01
1.464200000000000159e+02,9.637539472929800866e+01
1.464399999999999977e+02,9.638855896843600135e+01
1.464600000000000080e+02,9.640172320757400826e+01
1.464800000000000182e+02,9.641488744671201516e+01
1.465000000000000000e+02,9.642805168585000786e+01
1.465200000000000102e+02,9.644121592498800055e+01
1.465399999999999920e+02,9.645438016412599325e+01
1.465600000000000023e+02,9.646754440326400015e+01
1.465800000000000125e+02,9.648070864240200706e+01
1.465999999999999943e+02,9.649387288153999975e+01
1.466200000000000045e+02,9.650703712067800666e+01
1.466400000000000148e+02,9.652020135981601356e+01
1.466599999999999966e+02,9.653336559895399205e+01
1.466800000000000068e+02,9.654652983809199895e+01
1.467000000000000171e+02,9.655969407723000586e+01
1.467199999999999989e+02,9.657285831636799855e+01
1.467400000000000091e+02,9.658602255550600546e+01
1.467600000000000193e+02,9.659918679464401237e+01
1.467800000000000011e+02,9.661235103378200506e+01
1.468000000000000114e+02,9.662551527292001197e+01
1.468199999999999932e+02,9.663867951205799045e+01
1.468400000000000034e+02,9.665184375119599736e+01
1.468600000000000136e+02,9.666500799033400426e+01
1.468799999999999955e+02,9.667817222947199696e+01
1.469000000000000057e+02,9.669133646861000386e+01
1.469200000000000159e+02,9.670450070774801077e+01
1.469399999999999977e+02,9.671766494688600346e+01
1.469600000000000080e+02,9.673082918602401037e+01
1.469800000000000182e+02,9.674399342516201727e+01
1.470000000000000000e+02,9.675715766429999576e+01
1.470200000000000102e+02,9.677032190343800266e+01
1.470399999999999920e+02,9.678348614257599536e+01
1.470600000000000023e+02,9.679665038171400226e+01
1.470800000000000125e+02,9.680981462085200917e+01
1.470999999999999943e+02,9.682297885999000187e+01
1.471200000000000045e+02,9.683614309912800877e+01
1.471400000000000148e+02,9.684930733826601568e+01
1.471599999999999966e+02,9.686247157740399416e+01
1.471800000000000068e+02,9.687563581654200107e+01
1.472000000000000171e+02,9.688880005568000797e+01
1.472199999999999989e+02,9.690196429481800067e+01
1.472400000000000091e+02,9.691512853395600757e+01
1.472600000000000193e+02,9.692829277309401448e+01
1.472800000000000011e+02,9.694145701223200717e+01
1.473000000000000114e+02,9.695462125137001408e+01
1.473199999999999932e+02,9.696778549050799256e+01
1.473400000000000034e+02,9.698094972964599947e+01
1.473600000000000136e+02,9.699411396878400637e+01
1.473799999999999955e+02,9.700727820792199907e+01
1.474000000000000057e+02,9.702044244706000597e+01
1.474200000000000159e+02,9.703360668619801288e+01
1.474399999999999977e+02,9.704677092533600558e+01
1.474600000000000080e+02,9.705993516447401248e+01
1.474800000000000182e+02,9.707309940361201939e+01
1.475000000000000000e+02,9.708626364274999787e+01
1.475200000000000102e+02,9.709942788188800478e+01
1.475399999999999920e+02,9.711259212102599747e+01
1.475600000000000023e+02,9.712575636016400438e+01
1.475800000000000125e+02,9.713892059930201128e+01
1.475999999999999943e+02,9.715208483844000398e+01
1.476200000000000045e+02,9.716524907757801088e+01
1.476400000000000148e+02,9.717841331671600358e+01
1.476599999999999966e+02,9.719157755585399627e+01
1.476800000000000068e+02,9.720474179499200318e+01
1.477000000000000171e+02,9.721790603413001008e+01
1.477199999999999989e+02,9.723107027326800278e+01
1.477400000000000091e+02,9.724423451240600969e+01
1.477600000000000193e+02,9.725739875154401659e+01
1.477800000000000011e+02,9.727056299068199507e+01
1.478000000000000114e+02,9.728372722982000198e+01
1.478199999999999932e+02,9.729689146895799468e+01
1.478400000000000034e+02,9.731005570809600158e+01
1.478600000000000136e+02,9.732321994723400849e+01
1.478799999999999955e+02,9.733638418637200118e+01
1.479000000000000057e+02,9.734954842551000809e+01
1.479200000000000159e+02,9.736271266464801499e+01
1.479399999999999977e+02,9.737587690378599348e+01
1.479600000000000080e+02,9.738904114292400038e+01
1.479800000000000182e+02,9.740220538206200729e+01
1.480000000000000000e+02,9.741536962119999998e+01
1.480200000000000102e+02,9.742853386033800689e+01
1.480399999999999920e+02,9.744169809947599958e+01
1.480600000000000023e+02,9.745486233861400649e+01
1.480800000000000125e+02,9.746802657775201340e+01
1.480999999999999943e+02,9.748119081688999188e+01
1.481200000000000045e+02,9.749435505602799878e+01
1.481400000000000148e+02,9.750751929516600569e+01
1.481599999999999966e+02,9.752068353430399839e+01
1.481800000000000068e+02,9.753384777344200529e+01
1.482000000000000171e+02,9.754701201258001220e+01
1.482199999999999989e+02,9.756017625171800489e+01
1.482400000000000091e+02,9.757334049085601180e+01
1.482600000000000193e+02,9.758650472999401870e+01
1.482800000000000011e+02,9.759966896913199719e+01
1.483000000000000114e+02,9.761283320827000409e+01
1.483199999999999932e+02,9.762599744740799679e+01
1.483400000000000034e+02,9.763916168654600369e+01
1.483600000000000136e+02,9.765232592568401060e+01
1.483799999999999955e+02,9.766549016482200329e+01
1.484000000000000057e+02,9.767865440396001020e+01
1.484200000000000159e+02,9.769181864309801711e+01
1.484399999999999977e+02,9.770498288223599559e+01
1.484600000000000080e+02,9.771814712137400250e+01
1.484800000000000182e+02,9.773131136051200940e+01
1.485000000000000000e+02,9.774447559965000210e+01
1.485200000000000102e+02,9.775763983878800900e+01
1.485399999999999920e+02,9.777080407792600170e+01
1.485600000000000023e+02,9.778396831706400860e+01
1.485800000000000125e+02,9.779713255620201551e+01
1.485999999999999943e+02,9.781029679533999399e+01
1.486200000000000045e+02,9.782346103447800090e+01
1.486400000000000148e+02,9.783662527361600780e+01
1.486599999999999966e+02,9.784978951275400050e+01
1.486800000000000068e+02,9.786295375189200740e+01
1.487000000000000171e+02,9.787611799103001431e+01
1.487199999999999989e+02,9.788928223016800700e+01
1.487400000000000091e+02,9.790244646930601391e+01
1.487600000000000193e+02,9.791561070844400660e+01
1.487800000000000011e+02,9.792877494758199930e+01
1.488000000000000114e+02,9.794193918672000621e+01
1.488199999999999932e+02,9.795510342585799890e+01
1.488400000000000034e+02,9.796826766499600581e+01
1.488600000000000136e+02,9.798143190413401271e+01
1.488799999999999955e+02,9.799459614327199120e+01
1.489000000000000057e+02,9.800776038240999810e+01
1.489200000000000159e+02,9.802092462154800501e+01
1.489399999999999977e+02,9.803408886068599770e+01
1.489600000000000080e+02,9.804725309982400461e+01
1.489800000000000182e+02,9.806041733896201151e+01
1.490000000000000000e+02,9.807358157810000421e+01
1.490200000000000102e+02,9.808674581723801111e+01
1.490399999999999920e+02,9.809991005637598960e+01
1.490600000000000023e+02,9.811307429551399650e+01
1.490800000000000125e+02,9.812623853465200341e+01
1.490999999999999943e+02,9.813940277378999610e+01
1.491200000000000045e+02,9.815256701292800301e+01
1.491400000000000148e+02,9.816573125206600992e+01
1.491599999999999966e+02,9.817889549120400261e+01
1.491800000000000068e+02,9.819205973034200952e+01
1.492000000000000171e+02,9.820522396948001642e+01
1.492199999999999989e+02,9.821838820861799491e+01
1.492400000000000091e+02,9.823155244775600181e+01
1.492600000000000193e+02,9.824471668689400872e+01
1.492800000000000011e+02,9.825788092603200141e+01
1.493000000000000114e+02,9.827104516517000832e+01
1.493199999999999932e+02,9.828420940430800101e+01
1.493400000000000034e+02,9.829737364344600792e+01
1.493600000000000136e+02,9.831053788258401482e+01
1.493799999999999955e+02,9.832370212172199331e+01
1.494000000000000057e+02,9.833686636086000021e+01
1.494200000000000159e+02,9.835003059999800712e+01
1.494399999999999977e+02,9.836319483913599981e+01
1.494600000000000080e+02,9.837635907827400672e+01
1.494800000000000182e+02,9.838952331741201363e+01
1.495000000000000000e+02,9.840268755655000632e+01
1.495200000000000102e+02,9.841585179568801323e+01
1.495399999999999920e+02,9.842901603482599171e+01
1.495600000000000023e+02,9.844218027396399862e+01
1.495800000000000125e+02,9.845534451310200552e+01
1.495999999999999943e+02,9.846850875223999822e+01
1.496200000000000045e+02,9.848167299137800512e+01
1.496400000000000148e+02,9.849483723051601203e+01
1.496599999999999966e+02,9.850800146965400472e+01
1.496800000000000068e+02,9.852116570879201163e+01
1.497000000000000171e+02,9.853432994793001853e+01
1.497199999999999989e+02,9.854749418706799702e+01
1.497400000000000091e+02,9.856065842620600392e+01
1.497600000000000193e+02,9.857382266534401083e+01
1.497800000000000011e+02,9.858698690448200352e+01
1.498000000000000114e+02,9.860015114362001043e+01
1.498199999999999932e+02,9.861331538275800312e+01
1.498400000000000034e+02,9.862647962189601003e+01
1.498600000000000136e+02,9.863964386103401694e+01
1.498799999999999955e+02,9.865280810017199542e+01
1.499000000000000057e+02,9.866597233931000233e+01
1.499200000000000159e+02,9.867913657844800923e+01
1.499399999999999977e+02,9.869230081758600193e+01
1.499600000000000080e+02,9.870546505672400883e+01
1.499800000000000182e+02,9.871862929586201574e+01
1.500000000000000000e+02,9.873179353499999422e+01
1.500200000000000102e+02,9.874495777413800113e+01
1.500399999999999920e+02,9.875812201327599382e+01
1.500600000000000023e+02,9.877128625241400073e+01
1.500800000000000125e+02,9.878445049155200763e+01
1.500999999999999943e+02,9.879761473069000033e+01
1.501200000000000045e+02,9.881077896982800723e+01
1.501400000000000148e+02,9.882394320896601414e+01
1.501599999999999966e+02,9.883710744810399262e+01
1.501800000000000068e+02,9.885027168724199953e+01
1.502000000000000171e+02,9.886343592638000644e+01
1.502199999999999989e+02,9.887660016551799913e+01
1.502400000000000091e+02,9.888976440465600604e+01
1.502600000000000193e+02,9.890292864379401294e+01
1.502800000000000011e+02,9.891609288293200564e+01
1.503000000000000114e+02,9.892925712207001254e+01
1.503199999999999932e+02,9.894242136120799103e+01
1.503400000000000034e+02,9.895558560034599793e+01
1.503600000000000136e+02,9.896874983948400484e+01
1.503799999999999955e+02,9.898191407862199753e+01
1.504000000000000057e+02,9.899507831776000444e+01
1.504200000000000159e+02,9.900824255689801134e+01
1.504399999999999977e+02,9.902140679603600404e+01
1.504600000000000080e+02,9.903457103517401094e+01
1.504800000000000182e+02,9.904773527431201785e+01
1.505000000000000000e+02,9.906089951344999633e+01
1.505200000000000102e+02,9.907406375258800324e+01
1.505399999999999920e+02,9.908722799172599593e+01
1.505600000000000023e+02,9.910039223086400284e+01
1.505800000000000125e+02,9.911355647000200975e+01
1.505999999999999943e+02,9.912672070914000244e+01
1.506200000000000045e+02,9.913988494827800935e+01
1.506400000000000148e+02,9.915304918741601625e+01
1.506599999999999966e+02,9.916621342655399474e+01
1.506800000000000068e+02,9.917937766569200164e+01
1.507000000000000171e+02,9.919254190483000855e+01
1.507199999999999989e+02,9.920570614396800124e+01
1.507400000000000091e+02,9.921887038310600815e+01
1.507600000000000193e+02,9.923203462224401505e+01
1.507800000000000011e+02,9.924519886138200775e+01
1.508000000000000114e+02,9.925836310052001465e+01
1.508199999999999932e+02,9.927152733965799314e+01
1.508400000000000034e+02,9.928469157879600004e+01
1.508600000000000136e+02,9.929785581793400695e+01
1.508799999999999955e+02,9.931102005707199964e+01
1.509000000000000057e+02,9.932418429621000655e+01
1.509200000000000159e+02,9.933734853534801346e+01
1.509399999999999977e+02,9.935051277448600615e+01
1.509600000000000080e+02,9.936367701362401306e+01
1.509800000000000182e+02,9.937684125276201996e+01
1.510000000000000000e+02,9.939000549189999845e+01
1.510200000000000102e+02,9.940316973103800535e+01
1.510399999999999920e+02,9.941633397017599805e+01
1.510600000000000023e+02,9.942949820931400495e+01
1.510800000000000125e+02,9.944266244845201186e+01
1.510999999999999943e+02,9.945582668758999034e+01
1.511200000000000045e+02,9.946899092672799725e+01
1.511400000000000148e+02,9.948215516586600415e+01
1.511599999999999966e+02,9.949531940500399685e+01
1.511800000000000068e+02,9.950848364414200375e+01
1.512000000000000171e+02,9.952164788328001066e+01
1.512199999999999989e+02,9.953481212241800336e+01
1.512400000000000091e+02,9.954797636155601026e+01
1.512600000000000193e+02,9.956114060069401717e+01
1.512800000000000011e+02,9.957430483983199565e+01
1.513000000000000114e+02,9.958746907897000256e+01
1.513199999999999932e+02,9.960063331810799525e+01
1.513400000000000034e+02,9.961379755724600216e+01
1.513600000000000136e+02,9.962696179638400906e+01
1.513799999999999955e+02,9.964012603552200176e+01
1.514000000000000057e+02,9.965329027466000866e+01
1.514200000000000159e+02,9.966645451379801557e+01
1.514399999999999977e+02,9.967961875293599405e+01
1.514600000000000080e+02,9.969278299207400096e+01
1.514800000000000182e+02,9.970594723121200786e+01
1.515000000000000000e+02,9.971911147035000056e+01
1.515200000000000102e+02,9.973227570948800746e+01
1.515399999999999920e+02,9.974543994862600016e+01
1.515600000000000023e+02,9.975860418776400707e+01
1.515800000000000125e+02,9.977176842690201397e+01
1.515999999999999943e+02,9.978493266603999245e+01
1.516200000000000045e+02,9.979809690517799936e+01
1.516400000000000148e+02,9.981126114431600627e+01
1.516599999999999966e+02,9.982442538345399896e+01
1.516800000000000068e+02,9.983758962259200587e+01
1.517000000000000171e+02,9.985075386173001277e+01
1.517199999999999989e+02,9.986391810086800547e+01
1.517400000000000091e+02,9.987708234000601237e+01
1.517600000000000193e+02,9.989024657914401928e+01
1.517800000000000011e+02,9.990341081828199776e+01
1.518000000000000114e+02,9.991657505742000467e+01
1.518199999999999932e+02,9.992973929655799736e+01
1.518400000000000034e+02,9.994290353569600427e+01
1.518600000000000136e+02,9.995606777483401117e+01
1.518799999999999955e+02,9.996923201397200387e+01
1.519000000000000057e+02,9.998239625311001078e+01
1.519200000000000159e+02,9.999556049224801768e+01
1.519399999999999977e+02,1.000087247313859962e+02
1.519600000000000080e+02,1.000218889705240031e+02
1.519800000000000182e+02,1.000350532096620100e+02
1.520000000000000000e+02,1.000482174488000027e+02
1.520200000000000102e+02,1.000613816879380096e+02
1.520399999999999920e+02,1.000745459270760023e+02
1.520600000000000023e+02,1.000877101662140092e+02
1.520800000000000125e+02,1.001008744053520161e+02
1.520999999999999943e+02,1.001140386444899946e+02
1.521200000000000045e+02,1.001272028836280015e+02
1.521400000000000148e+02,1.001403671227660084e+02
1.521599999999999966e+02,1.001535313619040011e+02
1.521800000000000068e+02,1.001666956010420080e+02
1.522000000000000171e+02,1.001798598401800149e+02
1.522199999999999989e+02,1.001930240793179934e+02
1.522400000000000091e+02,1.002061883184560003e+02
1.522600000000000193e+02,1.002193525575940072e+02
1.522800000000000011e+02,1.002325167967319999e+02
1.523000000000000114e+02,1.002456810358700068e+02
1.523199999999999932e+02,1.002588452750079995e+02
1.523400000000000034e+02,1.002720095141460064e+02
1.523600000000000136e+02,1.002851737532840133e+02
1.523799999999999955e+02,1.002983379924219918e+02
1.524000000000000057e+02,1.003115022315599987e+02
1.524200000000000159e+02,1.003246664706980056e+02
1.524399999999999977e+02,1.003378307098359983e+02
1.524600000000000080e+02,1.003509949489740052e+02
1.524800000000000182e+02,1.003641591881120121e+02
1.525000000000000000e+02,1.003773234272500048e+02
1.525200000000000102e+02,1.003904876663880117e+02
1.525399999999999920e+02,1.004036519055259902e+02
1.525600000000000023e+02,1.004168161446639971e+02
1.525800000000000125e+02,1.004299803838020040e+02
1.525999999999999943e+02,1.004431446229399967e+02
1.526200000000000045e+02,1.004563088620780036e+02
1.526400000000000148e+02,1.004694731012160105e+02
1.526599999999999966e+02,1.004826373403540032e+02
1.526800000000000068e+02,1.004958015794920101e+02
1.527000000000000171e+02,1.005089658186300170e+02
1.527199999999999989e+02,1.005221300577679955e+02
1.527400000000000091e+02,1.005352942969060024e+02
1.527600000000000193e+02,1.005484585360440093e+02
1.527800000000000011e+02,1.005616227751820020e+02
1.528000000000000114e+02,1.005747870143200089e+02
1.528199999999999932e+02,1.005879512534580016e+02
1.528400000000000034e+02,1.006011154925960085e+02
1.528600000000000136e+02,1.006142797317340154e+02
1.528799999999999955e+02,1.006274439708719939e+02
1.529000000000000057e+02,1.006406082100100008e+02
1.529200000000000159e+02,1.006537724491480077e+02
1.529399999999999977e+02,1.006669366882860004e+02
1.529600000000000080e+02,1.006801009274240073e+02
1.529800000000000182e+02,1.006932651665620142e+02
1.530000000000000000e+02,1.007064294057000069e+02
1.530200000000000102e+02,1.007195936448380138e+02
1.530399999999999920e+02,1.007327578839759923e+02
1.530600000000000023e+02,1.007459221231139992e+02
1.530800000000000125e+02,1.007590863622520061e+02
1.530999999999999943e+02,1.007722506013899988e+02
1.531200000000000045e+02,1.007854148405280057e+02
1.531400000000000148e+02,1.007985790796660126e+02
1.531599999999999966e+02,1.008117433188040053e+02
1.531800000000000068e+02,1.008249075579420122e+02
1.532000000000000171e+02,1.008380717970800191e+02
1.532199999999999989e+02,1.008512360362179976e+02
1.532400000000000091e+02,1.008644002753560045e+02
1.532600000000000193e+02,1.008775645144940114e+02
1.532800000000000011e+02,1.008907287536320041e+02
1.533000000000000114e+02,1.009038929927700110e+02
1.533199999999999932e+02,1.009170572319079895e+02
1.533400000000000034e+02,1.009302214710459964e+02
1.533600000000000136e+02,1.009433857101840033e+02
1.533799999999999955e+02,1.009565499493219960e+02
1.534000000000000057e+02,1.009697141884600029e+02
1.534200000000000159e+02,1.009828784275980098e+02
1.534399999999999977e+02,1.009960426667360025e+02
1.534600000000000080e+02,1.010092069058740094e+02
1.534800000000000182e+02,1.010223711450120163e+02
1.535000000000000000e+02,1.010355353841499948e+02
1.535200000000000102e+02,1.010486996232880017e+02
1.535399999999999920e+02,1.010618638624259944e+02
1.535600000000000023e+02,1.010750281015640013e+02
1.535800000000000125e+02,1.010881923407020082e+02
1.535999999999999943e+02,1.011013565798400009e+02
1.536200000000000045e+02,1.011145208189780078e+02
1.536400000000000148e+02,1.011276850581160147e+02
1.536599999999999966e+02,1.011408492972539932e+02
1.536800000000000068e+02,1.011540135363920001e+02
1.537000000000000171e+02,1.011671777755300070e+02
1.537199999999999989e+02,1.011803420146679997e+02
1.537400000000000091e+02,1.011935062538060066e+02
1.537600000000000193e+02,1.012066704929440135e+02
1.537800000000000011e+02,1.012198347320820062e+02
1.538000000000000114e+02,1.012329989712200131e+02
1.538199999999999932e+02,1.012461632103579916e+02
1.538400000000000034e+02,1.012593274494959985e+02
1.538600000000000136e+02,1.012724916886340054e+02
1.538799999999999955e+02,1.012856559277719981e+02
1.539000000000000057e+02,1.012988201669100050e+02
1.539200000000000159e+02,1.013119844060480119e+02
1.539399999999999977e+02,1.013251486451860046e+02
1.539600000000000080e+02,1.013383128843240115e+02
1.539800000000000182e+02,1.013514771234620184e+02
1.540000000000000000e+02,1.013646413625999969e+02
1.540200000000000102e+02,1.013778056017380038e+02
1.540399999999999920e+02,1.013909698408759965e+02
1.540600000000000023e+02,1.014041340800140034e+02
1.540800000000000125e+02,1.014172983191520103e+02
1.540999999999999943e+02,1.014304625582900030e+02
1.541200000000000045e+02,1.014436267974280099e+02
1.541400000000000148e+02,1.014567910365660168e+02
1.541599999999999966e+02,1.014699552757039953e+02
1.541800000000000068e+02,1.014831195148420022e+02
1.542000000000000171e+02,1.014962837539800091e+02
1.542199999999999989e+02,1.015094479931180018e+02
1.542400000000000091e+02,1.015226122322560087e+02
1.542600000000000193e+02,1.015357764713940156e+02
1.542800000000000011e+02,1.015489407105320083e+02
1.543000000000000114e+02,1.015621049496700152e+02
1.543199999999999932e+02,1.015752691888079937e+02
1.543400000000000034e+02,1.015884334279460006e+02
1.543600000000000136e+02,1.016015976670840075e+02
1.543799999999999955e+02,1.016147619062220002e+02
1.544000000000000057e+02,1.016279261453600071e+02
1.544200000000000159e+02,1.016410903844980140e+02
1.544399999999999977e+02,1.016542546236359925e+02
1.544600000000000080e+02,1.016674188627739994e+02
1.544800000000000182e+02,1.016805831019120063e+02
1.545000000000000000e+02,1.016937473410499990e+02
1.545200000000000102e+02,1.017069115801880059e+02
1.545399999999999920e+02,1.017200758193259986e+02
1.545600000000000023e+02,1.017332400584640055e+02
1.545800000000000125e+02,1.017464042976020124e+02
1.545999999999999943e+02,1.017595685367399909e+02
1.546200000000000045e+02,1.017727327758779978e+02
1.546400000000000148e+02,1.017858970150160047e+02
1.546599999999999966e+02,1.017990612541539974e+02
1.546800000000000068e+02,1.018122254932920043e+02
1.547000000000000171e+02,1.018253897324300112e+02
1.547199999999999989e+02,1.018385539715680039e+02
1.547400000000000091e+02,1.018517182107060108e+02
1.547600000000000193e+02,1.018648824498440177e+02
1.547800000000000011e+02,1.018780466889819962e+02
1.548000000000000114e+02,1.018912109281200031e+02
1.548199999999999932e+02,1.019043751672579958e+02
1.548400000000000034e+02,1.019175394063960027e+02
1.548600000000000136e+02,1.019307036455340096e+02
1.548799999999999955e+02,1.019438678846720023e+02
1.549000000000000057e+02,1.019570321238100092e+02
1.549200000000000159e+02,1.019701963629480161e+02
1.549399999999999977e+02,1.019833606020859946e+02
1.549600000000000080e+02,1.019965248412240015e+02
1.549800000000000182e+02,1.020096890803620084e+02
1.550000000000000000e+02,1.020228533195000011e+02
1.550200000000000102e+02,1.020360175586380080e+02
1.550399999999999920e+02,1.020491817977760007e+02
1.550600000000000023e+02,1.020623460369140076e+02
1.550800000000000125e+02,1.020755102760520145e+02
1.550999999999999943e+02,1.020886745151899930e+02
1.551200000000000045e+02,1.021018387543279999e+02
1.551400000000000148e+02,1.021150029934660068e+02
1.551599999999999966e+02,1.021281672326039995e+02
1.551800000000000068e+02,1.021413314717420064e+02
1.552000000000000171e+02,1.021544957108800133e+02
1.552199999999999989e+02,1.021676599500180060e+02
1.552400000000000091e+02,1.021808241891560129e+02
1.552600000000000193e+02,1.021939884282940199e+02
1.552800000000000011e+02,1.022071526674319983e+02
1.553000000000000114e+02,1.022203169065700052e+02
1.553199999999999932e+02,1.022334811457079979e+02
1.553400000000000034e+02,1.022466453848460048e+02
1.553600000000000136e+02,1.022598096239840118e+02
1.553799999999999955e+02,1.022729738631220044e+02
1.554000000000000057e+02,1.022861381022600114e+02
1.554200000000000159e+02,1.022993023413980183e+02
1.554399999999999977e+02,1.023124665805359967e+02
1.554600000000000080e+02,1.023256308196740036e+02
1.554800000000000182e+02,1.023387950588120106e+02
1.555000000000000000e+02,1.023519592979500032e+02
1.555200000000000102e+02,1.023651235370880102e+02
1.555399999999999920e+02,1.023782877762259886e+02
1.555600000000000023e+02,1.023914520153639955e+02
1.555800000000000125e+02,1.024046162545020024e+02
1.555999999999999943e+02,1.024177804936399951e+02
1.556200000000000045e+02,1.024309447327780020e+02
1.556400000000000148e+02,1.024441089719160090e+02
1.556599999999999966e+02,1.024572732110540016e+02
1.556800000000000068e+02,1.024704374501920086e+02
1.557000000000000171e+02,1.024836016893300155e+02
1.557199999999999989e+02,1.024967659284679939e+02
1.557400000000000091e+02,1.025099301676060009e+02
1.557600000000000193e+02,1.025230944067440078e+02
1.557800000000000011e+02,1.025362586458820005e+02
1.558000000000000114e+02,1.025494228850200074e+02
1.558199999999999932e+02,1.025625871241580001e+02
1.558400000000000034e+02,1.025757513632960070e+02
1.558600000000000136e+02,1.025889156024340139e+02
1.558799999999999955e+02,1.026020798415719923e+02
1.559000000000000057e+02,1.026152440807099993e+02
1.559200000000000159e+02,1.026284083198480062e+02
1.559399999999999977e+02,1.026415725589859989e+02
1.559600000000000080e+02,1.026547367981240058e+02
1.559800000000000182e+02,1.026679010372620127e+02
1.560000000000000000e+02,1.026810652764000054e+02
1.560200000000000102e+02,1.026942295155380123e+02
1.560399999999999920e+02,1.027073937546759907e+02
1.560600000000000023e+02,1.027205579938139977e+02
1.560800000000000125e+02,1.027337222329520046e+02
1.560999999999999943e+02,1.027468864720899973e+02
1.561200000000000045e+02,1.027600507112280042e+02
1.561400000000000148e+02,1.027732149503660111e+02
1.561599999999999966e+02,1.027863791895040038e+02
1.561800000000000068e+02,1.027995434286420107e+02
1.562000000000000171e+02,1.028127076677800176e+02
1.562199999999999989e+02,1.028258719069179961e+02
1.562400000000000091e+02,1.028390361460560030e+02
1.562600000000000193e+02,1.028522003851940099e+02
1.562800000000000011e+02,1.028653646243320026e+02
1.563000000000000114e+02,1.028785288634700095e+02
1.563199999999999932e+02,1.028916931026080022e+02
1.563400000000000034e+02,1.029048573417460091e+02
1.563600000000000136e+02,1.029180215808840160e+02
1.563799999999999955e+02,1.029311858200219945e+02
1.564000000000000057e+02,1.029443500591600014e+02
1.564200000000000159e+02,1.029575142982980083e+02
1.564399999999999977e+02,1.029706785374360010e+02
1.564600000000000080e+02,1.029838427765740079e+02
1.564800000000000182e+02,1.029970070157120148e+02
1.565000000000000000e+02,1.030101712548500075e+02
1.565200000000000102e+02,1.030233354939880144e+02
1.565399999999999920e+02,1.030364997331259929e+02
1.565600000000000023e+02,1.030496639722639998e+02
1.565800000000000125e+02,1.030628282114020067e+02
1.565999999999999943e+02,1.030759924505399994e+02
1.566200000000000045e+02,1.030891566896780063e+02
1.566400000000000148e+02,1.031023209288160132e+02
1.566599999999999966e+02,1.031154851679539917e+02
1.566800000000000068e+02,1.031286494070919986e+02
1.567000000000000171e+02,1.031418136462300055e+02
1.567199999999999989e+02,1.031549778853679982e+02
1.567400000000000091e+02,1.031681421245060051e+02
1.567600000000000193e+02,1.031813063636440120e+02
1.567800000000000011e+02,1.031944706027820047e+02
1.568000000000000114e+02,1.032076348419200116e+02
1.568199999999999932e+02,1.032207990810579901e+02
1.568400000000000034e+02,1.032339633201959970e+02
1.568600000000000136e+02,1.032471275593340039e+02
1.568799999999999955e+02,1.032602917984719966e+02
1.569000000000000057e+02,1.032734560376100035e+02
1.569200000000000159e+02,1.032866202767480104e+02
1.569399999999999977e+02,1.032997845158860031e+02
1.569600000000000080e+02,1.033129487550240100e+02
1.569800000000000182e+02,1.033261129941620169e+02
1.570000000000000000e+02,1.033392772332999954e+02
1.570200000000000102e+02,1.033524414724380023e+02
1.570399999999999920e+02,1.033656057115759950e+02
1.570600000000000023e+02,1.033787699507140019e+02
1.570800000000000125e+02,1.033919341898520088e+02
1.570999999999999943e+02,1.034050984289900015e+02
1.571200000000000045e+02,1.034182626681280084e+02
1.571400000000000148e+02,1.034314269072660153e+02
1.571599999999999966e+02,1.034445911464039938e+02
1.571800000000000068e+02,1.034577553855420007e+02
1.572000000000000171e+02,1.034709196246800076e+02
1.572199999999999989e+02,1.034840838638180003e+02
1.572400000000000091e+02,1.034972481029560072e+02
1.572600000000000193e+02,1.035104123420940141e+02
1.572800000000000011e+02,1.035235765812320068e+02
1.573000000000000114e+02,1.035367408203700137e+02
1.573199999999999932e+02,1.035499050595079922e+02
1.573400000000000034e+02,1.035630692986459991e+02
1.573600000000000136e+02,1.035762335377840060e+02
1.573799999999999955e+02,1.035893977769219987e+02
1.574000000000000057e+02,1.036025620160600056e+02
1.574200000000000159e+02,1.036157262551980125e+02
1.574399999999999977e+02,1.036288904943360052e+02
1.574600000000000080e+02,1.036420547334740121e+02
1.574800000000000182e+02,1.036552189726120190e+02
1.575000000000000000e+02,1.036683832117499975e+02
1.575200000000000102e+02,1.036815474508880044e+02
1.575399999999999920e+02,1.036947116900259971e+02
1.575600000000000023e+02,1.037078759291640040e+02
1.575800000000000125e+02,1.037210401683020109e+02
1.575999999999999943e+02,1.037342044074400036e+02
1.576200000000000045e+02,1.037473686465780105e+02
1.576400000000000148e+02,1.037605328857160174e+02
1.576599999999999966e+02,1.037736971248539959e+02
1.576800000000000068e+02,1.037868613639920028e+02
1.577000000000000171e+02,1.038000256031300097e+02
1.577199999999999989e+02,1.038131898422680024e+02
1.577400000000000091e+02,1.038263540814060093e+02
1.577600000000000193e+02,1.038395183205440162e+02
1.577800000000000011e+02,1.038526825596819947e+02
1.578000000000000114e+02,1.038658467988200016e+02
1.578199999999999932e+02,1.038790110379579943e+02
1.578400000000000034e+02,1.038921752770960012e+02
1.578600000000000136e+02,1.039053395162340081e+02
1.578799999999999955e+02,1.039185037553720008e+02
1.579000000000000057e+02,1.039316679945100077e+02
1.579200000000000159e+02,1.039448322336480146e+02
1.579399999999999977e+02,1.039579964727859931e+02
1.579600000000000080e+02,1.039711607119240000e+02
1.579800000000000182e+02,1.039843249510620069e+02
1.580000000000000000e+02,1.039974891901999996e+02
1.580200000000000102e+02,1.040106534293380065e+02
1.580399999999999920e+02,1.040238176684759992e+02
1.580600000000000023e+02,1.040369819076140061e+02
1.580800000000000125e+02,1.040501461467520130e+02
1.580999999999999943e+02,1.040633103858899915e+02
1.581200000000000045e+02,1.040764746250279984e+02
1.581400000000000148e+02,1.040896388641660053e+02
1.581599999999999966e+02,1.041028031033039980e+02
1.581800000000000068e+02,1.041159673424420049e+02
1.582000000000000171e+02,1.041291315815800118e+02
1.582199999999999989e+02,1.041422958207180045e+02
1.582400000000000091e+02,1.041554600598560114e+02
1.582600000000000193e+02,1.041686242989940183e+02
1.582800000000000011e+02,1.041817885381319968e+02
1.583000000000000114e+02,1.041949527772700037e+02
1.583199999999999932e+02,1.042081170164079964e+02
1.583400000000000034e+02,1.042212812555460033e+02
1.583600000000000136e+02,1.042344454946840102e+02
1.583799999999999955e+02,1.042476097338220029e+02
1.584000000000000057e+02,1.042607739729600098e+02
1.584200000000000159e+02,1.042739382120980167e+02
1.584399999999999977e+02,1.042871024512359952e+02
1.584600000000000080e+02,1.043002666903740021e+02
1.584800000000000182e+02,1.043134309295120090e+02
1.585000000000000000e+02,1.043265951686500017e+02
1.585200000000000102e+02,1.043397594077880086e+02
1.585399999999999920e+02,1.043529236469260013e+02
1.585600000000000023e+02,1.043660878860640082e+02
1.585800000000000125e+02,1.043792521252020151e+02
1.585999999999999943e+02,1.043924163643399936e+02
1.586200000000000045e+02,1.044055806034780005e+02
1.586400000000000148e+02,1.044187448426160074e+02
1.586599999999999966e+02,1.044319090817540001e+02
1.586800000000000068e+02,1.044450733208920070e+02
1.587000000000000171e+02,1.044582375600300139e+02
1.587199999999999989e+02,1.044714017991680066e+02
1.587400000000000091e+02,1.044845660383060135e+02
1.587600000000000193e+02,1.044977302774440204e+02
1.587800000000000011e+02,1.045108945165819989e+02
1.588000000000000114e+02,1.045240587557200058e+02
1.588199999999999932e+02,1.045372229948579985e+02
1.588400000000000034e+02,1.045503872339960054e+02
1.588600000000000136e+02,1.045635514731340123e+02
1.588799999999999955e+02,1.045767157122720050e+02
1.589000000000000057e+02,1.045898799514099977e+02
1.589200000000000159e+02,1.046030441905480046e+02
1.589399999999999977e+02,1.046162084296859973e+02
1.589600000000000080e+02,1.046293726688240042e+02
1.589800000000000182e+02,1.046425369079620111e+02
1.590000000000000000e+02,1.046557011471000038e+02
1.590200000000000102e+02,1.046688653862380107e+02
1.590399999999999920e+02,1.046820296253759892e+02
1.590600000000000023e+02,1.046951938645139961e+02
1.590800000000000125e+02,1.047083581036520030e+02
1.590999999999999943e+02,1.047215223427899957e+02
1.591200000000000045e+02,1.047346865819280026e+02
1.591400000000000148e+02,1.047478508210660095e+02
1.591599999999999966e+02,1.047610150602040022e+02
1.591800000000000068e+02,1.047741792993420091e+02
1.592000000000000171e+02,1.047873435384800160e+02
1.592199999999999989e+02,1.048005077776179945e+02
1.592400000000000091e+02,1.048136720167560014e+02
1.592600000000000193e+02,1.048268362558940083e+02
1.592800000000000011e+02,1.048400004950320010e+02
1.593000000000000114e+02,1.048531647341700079e+02
1.593199999999999932e+02,1.048663289733080006e+02
1.593400000000000034e+02,1.048794932124460075e+02
1.593600000000000136e+02,1.048926574515840144e+02
1.593799999999999955e+02,1.049058216907219929e+02
1.594000000000000057e+02,1.049189859298599998e+02
1.594200000000000159e+02,1.049321501689980067e+02
1.594399999999999977e+02,1.049453144081359994e+02
1.594600000000000080e+02,1.049584786472740063e+02
1.594800000000000182e+02,1.049716428864120132e+02
1.595000000000000000e+02,1.049848071255500059e+02
1.595200000000000102e+02,1.049979713646880128e+02
1.595399999999999920e+02,1.050111356038259913e+02
1.595600000000000023e+02,1.050242998429639982e+02
1.595800000000000125e+02,1.050374640821020051e+02
1.595999999999999943e+02,1.050506283212399978e+02
1.596200000000000045e+02,1.050637925603780047e+02
1.596400000000000148e+02,1.050769567995160116e+02
1.596599999999999966e+02,1.050901210386540043e+02
1.596800000000000068e+02,1.051032852777920112e+02
1.597000000000000171e+02,1.051164495169300181e+02
1.597199999999999989e+02,1.051296137560679966e+02
1.597400000000000091e+02,1.051427779952060035e+02
1.597600000000000193e+02,1.051559422343440104e+02
1.597800000000000011e+02,1.051691064734820031e+02
1.598000000000000114e+02,1.051822707126200100e+02
1.598199999999999932e+02,1.051954349517580027e+02
1.598400000000000034e+02,1.052085991908960096e+02
1.598600000000000136e+02,1.052217634300340166e+02
1.598799999999999955e+02,1.052349276691719950e+02
1.599000000000000057e+02,1.052480919083100019e+02
1.599200000000000159e+02,1.052612561474480088e+02
1.599399999999999977e+02,1.052744203865860015e+02
1.599600000000000080e+02,1.052875846257240084e+02
1.599800000000000182e+02,1.053007488648620154e+02
