t_code_units,ps
-1.299799999999999898e+02,-8.555439015786198809e+01
-1.298799999999999955e+02,-8.548856896217199619e+01
-1.297800000000000011e+02,-8.542274776648200429e+01
-1.296800000000000068e+02,-8.535692657079199819e+01
-1.295800000000000125e+02,-8.529110537510200629e+01
-1.294799999999999898e+02,-8.522528417941200019e+01
-1.293799999999999955e+02,-8.515946298372199408e+01
-1.292800000000000011e+02,-8.509364178803200218e+01
-1.291800000000000068e+02,-8.502782059234201029e+01
-1.290800000000000125e+02,-8.496199939665200418e+01
-1.289799999999999898e+02,-8.489617820096199807e+01
-1.288799999999999955e+02,-8.483035700527199197e+01
-1.287800000000000011e+02,-8.476453580958200007e+01
-1.286800000000000068e+02,-8.469871461389200817e+01
-1.285800000000000125e+02,-8.463289341820200207e+01
-1.284799999999999898e+02,-8.456707222251199596e+01
-1.283799999999999955e+02,-8.450125102682200406e+01
-1.282800000000000011e+02,-8.443542983113199796e+01
-1.281800000000000068e+02,-8.436960863544200606e+01
-1.280800000000000125e+02,-8.430378743975201417e+01
-1.279800000000000040e+02,-8.423796624406200806e+01
-1.278799999999999955e+02,-8.417214504837200195e+01
-1.277800000000000011e+02,-8.410632385268199585e+01
-1.276800000000000068e+02,-8.404050265699200395e+01
-1.275799999999999983e+02,-8.397468146130199784e+01
-1.274800000000000040e+02,-8.390886026561200595e+01
-1.273799999999999955e+02,-8.384303906992199984e+01
-1.272800000000000011e+02,-8.377721787423200794e+01
-1.271800000000000068e+02,-8.371139667854200184e+01
-1.270799999999999983e+02,-8.364557548285199573e+01
-1.269800000000000040e+02,-8.357975428716200383e+01
-1.268799999999999955e+02,-8.351393309147199773e+01
-1.267800000000000011e+02,-8.344811189578200583e+01
-1.266800000000000068e+02,-8.338229070009199972e+01
-1.265799999999999983e+02,-8.331646950440199362e+01
-1.264800000000000040e+02,-8.325064830871200172e+01
-1.263799999999999955e+02,-8.318482711302199561e+01
-1.262800000000000011e+02,-8.311900591733200372e+01
-1.261800000000000068e+02,-8.305318472164201182e+01
-1.260799999999999983e+02,-8.298736352595200572e+01
-1.259800000000000040e+02,-8.292154233026199961e+01
-1.258799999999999955e+02,-8.285572113457199350e+01
-1.257800000000000011e+02,-8.278989993888200161e+01
-1.256800000000000068e+02,-8.272407874319200971e+01
-1.255799999999999983e+02,-8.265825754750200360e+01
-1.254800000000000040e+02,-8.259243635181199750e+01
-1.253799999999999955e+02,-8.252661515612199139e+01
-1.252800000000000011e+02,-8.246079396043199949e+01
-1.251800000000000068e+02,-8.239497276474200760e+01
-1.250799999999999983e+02,-8.232915156905200149e+01
-1.249800000000000040e+02,-8.226333037336200960e+01
-1.248799999999999955e+02,-8.219750917767200349e+01
-1.247800000000000011e+02,-8.213168798198199738e+01
-1.246800000000000068e+02,-8.206586678629200549e+01
-1.245799999999999983e+02,-8.200004559060199938e+01
-1.244800000000000040e+02,-8.193422439491200748e+01
-1.243799999999999955e+02,-8.186840319922200138e+01
-1.242800000000000011e+02,-8.180258200353199527e+01
-1.241800000000000068e+02,-8.173676080784200337e+01
-1.240799999999999983e+02,-8.167093961215199727e+01
-1.239800000000000040e+02,-8.160511841646200537e+01
-1.238799999999999955e+02,-8.153929722077199926e+01
-1.237800000000000011e+02,-8.147347602508200737e+01
-1.236800000000000068e+02,-8.140765482939200126e+01
-1.235799999999999983e+02,-8.134183363370199515e+01
-1.234800000000000040e+02,-8.127601243801200326e+01
-1.233799999999999955e+02,-8.121019124232199715e+01
-1.232800000000000011e+02,-8.114437004663200526e+01
-1.231800000000000068e+02,-8.107854885094199915e+01
-1.230799999999999983e+02,-8.101272765525199304e+01
-1.229800000000000040e+02,-8.094690645956200115e+01
-1.228799999999999955e+02,-8.088108526387199504e+01
-1.227800000000000011e+02,-8.081526406818200314e+01
-1.226800000000000068e+02,-8.074944287249201125e+01
-1.225799999999999983e+02,-8.068362167680200514e+01
-1.224800000000000040e+02,-8.061780048111199903e+01
-1.223799999999999955e+02,-8.055197928542199293e+01
-1.222800000000000011e+02,-8.048615808973200103e+01
-1.221800000000000068e+02,-8.042033689404200913e+01
-1.220799999999999983e+02,-8.035451569835200303e+01
-1.219800000000000040e+02,-8.028869450266199692e+01
-1.218799999999999955e+02,-8.022287330697199081e+01
-1.217800000000000011e+02,-8.015705211128199892e+01
-1.216800000000000068e+02,-8.009123091559200702e+01
-1.215799999999999983e+02,-8.002540971990200092e+01
-1.214800000000000040e+02,-7.995958852421200902e+01
-1.213799999999999955e+02,-7.989376732852200291e+01
-1.212800000000000011e+02,-7.982794613283199681e+01
-1.211800000000000068e+02,-7.976212493714200491e+01
-1.210799999999999983e+02,-7.969630374145199880e+01
-1.209800000000000040e+02,-7.963048254576200691e+01
-1.208799999999999955e+02,-7.956466135007200080e+01
-1.207800000000000011e+02,-7.949884015438199469e+01
-1.206800000000000068e+02,-7.943301895869200280e+01
-1.205799999999999983e+02,-7.936719776300199669e+01
-1.204800000000000040e+02,-7.930137656731200479e+01
-1.203799999999999955e+02,-7.923555537162199869e+01
-1.202800000000000011e+02,-7.916973417593200679e+01
-1.201800000000000068e+02,-7.910391298024200069e+01
-1.200799999999999983e+02,-7.903809178455199458e+01
-1.199800000000000040e+02,-7.897227058886200268e+01
-1.198799999999999955e+02,-7.890644939317199658e+01
-1.197800000000000011e+02,-7.884062819748200468e+01
-1.196800000000000068e+02,-7.877480700179199857e+01
-1.195799999999999983e+02,-7.870898580610200668e+01
-1.194800000000000040e+02,-7.864316461041200057e+01
-1.193799999999999955e+02,-7.857734341472199446e+01
-1.192800000000000011e+02,-7.851152221903200257e+01
-1.191800000000000068e+02,-7.844570102334201067e+01
-1.190799999999999983e+02,-7.837987982765200456e+01
-1.189800000000000040e+02,-7.831405863196199846e+01
-1.188799999999999955e+02,-7.824823743627199235e+01
-1.187800000000000011e+02,-7.818241624058200046e+01
-1.186800000000000068e+02,-7.811659504489200856e+01
-1.185799999999999983e+02,-7.805077384920200245e+01
-1.184800000000000040e+02,-7.798495265351199635e+01
-1.183799999999999955e+02,-7.791913145782200445e+01
-1.182800000000000011e+02,-7.785331026213199834e+01
-1.181800000000000068e+02,-7.778748906644200645e+01
-1.180799999999999983e+02,-7.772166787075200034e+01
-1.179800000000000040e+02,-7.765584667506200844e+01
-1.178799999999999955e+02,-7.759002547937200234e+01
-1.177800000000000011e+02,-7.752420428368199623e+01
-1.176800000000000068e+02,-7.745838308799200433e+01
-1.175799999999999983e+02,-7.739256189230199823e+01
-1.174800000000000040e+02,-7.732674069661200633e+01
-1.173799999999999955e+02,-7.726091950092200022e+01
-1.172800000000000011e+02,-7.719509830523200833e+01
-1.171800000000000068e+02,-7.712927710954200222e+01
-1.170799999999999983e+02,-7.706345591385199612e+01
-1.169800000000000040e+02,-7.699763471816200422e+01
-1.168799999999999955e+02,-7.693181352247199811e+01
-1.167800000000000011e+02,-7.686599232678200622e+01
-1.166800000000000068e+02,-7.680017113109200011e+01
-1.165799999999999983e+02,-7.673434993540199400e+01
-1.164800000000000040e+02,-7.666852873971200211e+01
-1.163799999999999955e+02,-7.660270754402199600e+01
-1.162800000000000011e+02,-7.653688634833200410e+01
-1.161799999999999926e+02,-7.647106515264199800e+01
-1.160799999999999983e+02,-7.640524395695200610e+01
-1.159800000000000040e+02,-7.633942276126199999e+01
-1.158799999999999955e+02,-7.627360156557199389e+01
-1.157800000000000011e+02,-7.620778036988200199e+01
-1.156799999999999926e+02,-7.614195917419199588e+01
-1.155799999999999983e+02,-7.607613797850200399e+01
-1.154800000000000040e+02,-7.601031678281199788e+01
-1.153799999999999955e+02,-7.594449558712199178e+01
-1.152800000000000011e+02,-7.587867439143199988e+01
-1.151799999999999926e+02,-7.581285319574199377e+01
-1.150799999999999983e+02,-7.574703200005200188e+01
-1.149800000000000040e+02,-7.568121080436200998e+01
-1.148799999999999955e+02,-7.561538960867200387e+01
-1.147800000000000011e+02,-7.554956841298199777e+01
-1.146799999999999926e+02,-7.548374721729199166e+01
-1.145799999999999983e+02,-7.541792602160199976e+01
-1.144800000000000040e+02,-7.535210482591200787e+01
-1.143799999999999955e+02,-7.528628363022200176e+01
-1.142800000000000011e+02,-7.522046243453199565e+01
-1.141799999999999926e+02,-7.515464123884198955e+01
-1.140799999999999983e+02,-7.508882004315199765e+01
-1.139800000000000040e+02,-7.502299884746200576e+01
-1.138799999999999955e+02,-7.495717765177199965e+01
-1.137800000000000011e+02,-7.489135645608200775e+01
-1.136799999999999926e+02,-7.482553526039200165e+01
-1.135799999999999983e+02,-7.475971406470199554e+01
-1.134800000000000040e+02,-7.469389286901200364e+01
-1.133799999999999955e+02,-7.462807167332199754e+01
-1.132800000000000011e+02,-7.456225047763200564e+01
-1.131799999999999926e+02,-7.449642928194199953e+01
-1.130799999999999983e+02,-7.443060808625199343e+01
-1.129800000000000040e+02,-7.436478689056200153e+01
-1.128799999999999955e+02,-7.429896569487199542e+01
-1.127800000000000011e+02,-7.423314449918200353e+01
-1.126799999999999926e+02,-7.416732330349199742e+01
-1.125799999999999983e+02,-7.410150210780200553e+01
-1.124800000000000040e+02,-7.403568091211199942e+01
-1.123799999999999955e+02,-7.396985971642199331e+01
-1.122800000000000011e+02,-7.390403852073200142e+01
-1.121799999999999926e+02,-7.383821732504199531e+01
-1.120799999999999983e+02,-7.377239612935200341e+01
-1.119800000000000040e+02,-7.370657493366199731e+01
-1.118799999999999955e+02,-7.364075373797199120e+01
-1.117800000000000011e+02,-7.357493254228199930e+01
-1.116799999999999926e+02,-7.350911134659199320e+01
-1.115799999999999983e+02,-7.344329015090200130e+01
-1.114800000000000040e+02,-7.337746895521200940e+01
-1.113799999999999955e+02,-7.331164775952200330e+01
-1.112800000000000011e+02,-7.324582656383199719e+01
-1.111799999999999926e+02,-7.318000536814199108e+01
-1.110799999999999983e+02,-7.311418417245199919e+01
-1.109800000000000040e+02,-7.304836297676200729e+01
-1.108799999999999955e+02,-7.298254178107200119e+01
-1.107800000000000011e+02,-7.291672058538199508e+01
-1.106799999999999926e+02,-7.285089938969198897e+01
-1.105799999999999983e+02,-7.278507819400199708e+01
-1.104800000000000040e+02,-7.271925699831200518e+01
-1.103799999999999955e+02,-7.265343580262199907e+01
-1.102800000000000011e+02,-7.258761460693200718e+01
-1.101799999999999926e+02,-7.252179341124200107e+01
-1.100799999999999983e+02,-7.245597221555199496e+01
-1.099800000000000040e+02,-7.239015101986200307e+01
-1.098799999999999955e+02,-7.232432982417199696e+01
-1.097800000000000011e+02,-7.225850862848200507e+01
-1.096799999999999926e+02,-7.219268743279199896e+01
-1.095799999999999983e+02,-7.212686623710199285e+01
-1.094800000000000040e+02,-7.206104504141200096e+01
-1.093799999999999955e+02,-7.199522384572199485e+01
-1.092800000000000011e+02,-7.192940265003200295e+01
-1.091799999999999926e+02,-7.186358145434199685e+01
-1.090799999999999983e+02,-7.179776025865200495e+01
-1.089800000000000040e+02,-7.173193906296199884e+01
-1.088799999999999955e+02,-7.166611786727199274e+01
-1.087800000000000011e+02,-7.160029667158200084e+01
-1.086799999999999926e+02,-7.153447547589199473e+01
-1.085799999999999983e+02,-7.146865428020200284e+01
-1.084800000000000040e+02,-7.140283308451199673e+01
-1.083799999999999955e+02,-7.133701188882199062e+01
-1.082800000000000011e+02,-7.127119069313199873e+01
-1.081799999999999926e+02,-7.120536949744199262e+01
-1.080799999999999983e+02,-7.113954830175200073e+01
-1.079800000000000040e+02,-7.107372710606200883e+01
-1.078799999999999955e+02,-7.100790591037200272e+01
-1.077800000000000011e+02,-7.094208471468199662e+01
-1.076799999999999926e+02,-7.087626351899199051e+01
-1.075799999999999983e+02,-7.081044232330199861e+01
-1.074800000000000040e+02,-7.074462112761200672e+01
-1.073799999999999955e+02,-7.067879993192200061e+01
-1.072800000000000011e+02,-7.061297873623199450e+01
-1.071799999999999926e+02,-7.054715754054200261e+01
-1.070799999999999983e+02,-7.048133634485199650e+01
-1.069800000000000040e+02,-7.041551514916200460e+01
-1.068799999999999955e+02,-7.034969395347199850e+01
-1.067800000000000011e+02,-7.028387275778200660e+01
-1.066799999999999926e+02,-7.021805156209200049e+01
-1.065799999999999983e+02,-7.015223036640199439e+01
-1.064800000000000040e+02,-7.008640917071200249e+01
-1.063799999999999955e+02,-7.002058797502199639e+01
-1.062800000000000011e+02,-6.995476677933200449e+01
-1.061799999999999926e+02,-6.988894558364199838e+01
-1.060799999999999983e+02,-6.982312438795200649e+01
-1.059800000000000040e+02,-6.975730319226200038e+01
-1.058799999999999955e+02,-6.969148199657199427e+01
-1.057800000000000011e+02,-6.962566080088200238e+01
-1.056799999999999926e+02,-6.955983960519199627e+01
-1.055799999999999983e+02,-6.949401840950200437e+01
-1.054800000000000040e+02,-6.942819721381199827e+01
-1.053799999999999955e+02,-6.936237601812199216e+01
-1.052800000000000011e+02,-6.929655482243200026e+01
-1.051799999999999926e+02,-6.923073362674199416e+01
-1.050799999999999983e+02,-6.916491243105200226e+01
-1.049800000000000040e+02,-6.909909123536199616e+01
-1.048799999999999955e+02,-6.903327003967200426e+01
-1.047800000000000011e+02,-6.896744884398199815e+01
-1.046799999999999926e+02,-6.890162764829199205e+01
-1.045799999999999983e+02,-6.883580645260200015e+01
-1.044800000000000040e+02,-6.876998525691200825e+01
-1.043799999999999955e+02,-6.870416406122200215e+01
-1.042800000000000011e+02,-6.863834286553199604e+01
-1.041799999999999926e+02,-6.857252166984198993e+01
-1.040799999999999983e+02,-6.850670047415199804e+01
-1.039800000000000040e+02,-6.844087927846200614e+01
-1.038799999999999955e+02,-6.837505808277200003e+01
-1.037800000000000011e+02,-6.830923688708200814e+01
-1.036799999999999926e+02,-6.824341569139200203e+01
-1.035799999999999983e+02,-6.817759449570199592e+01
-1.034800000000000040e+02,-6.811177330001200403e+01
-1.033799999999999955e+02,-6.804595210432199792e+01
-1.032800000000000011e+02,-6.798013090863200603e+01
-1.031799999999999926e+02,-6.791430971294199992e+01
-1.030799999999999983e+02,-6.784848851725199381e+01
-1.029800000000000040e+02,-6.778266732156200192e+01
-1.028799999999999955e+02,-6.771684612587199581e+01
-1.027800000000000011e+02,-6.765102493018200391e+01
-1.026799999999999926e+02,-6.758520373449199781e+01
-1.025799999999999983e+02,-6.751938253880200591e+01
-1.024800000000000040e+02,-6.745356134311199980e+01
-1.023799999999999955e+02,-6.738774014742199370e+01
-1.022800000000000011e+02,-6.732191895173200180e+01
-1.021799999999999926e+02,-6.725609775604199569e+01
-1.020799999999999983e+02,-6.719027656035200380e+01
-1.019800000000000040e+02,-6.712445536466199769e+01
-1.018799999999999955e+02,-6.705863416897199158e+01
-1.017800000000000011e+02,-6.699281297328199969e+01
-1.016799999999999926e+02,-6.692699177759199358e+01
-1.015799999999999983e+02,-6.686117058190200169e+01
-1.014800000000000040e+02,-6.679534938621200979e+01
-1.013799999999999955e+02,-6.672952819052200368e+01
-1.012800000000000011e+02,-6.666370699483199758e+01
-1.011799999999999926e+02,-6.659788579914199147e+01
-1.010799999999999983e+02,-6.653206460345199957e+01
-1.009800000000000040e+02,-6.646624340776200768e+01
-1.008799999999999955e+02,-6.640042221207200157e+01
-1.007800000000000011e+02,-6.633460101638199546e+01
-1.006799999999999926e+02,-6.626877982069198936e+01
-1.005799999999999983e+02,-6.620295862500199746e+01
-1.004800000000000040e+02,-6.613713742931200557e+01
-1.003799999999999955e+02,-6.607131623362199946e+01
-1.002800000000000011e+02,-6.600549503793200756e+01
-1.001799999999999926e+02,-6.593967384224200146e+01
-1.000799999999999983e+02,-6.587385264655199535e+01
-9.998000000000000398e+01,-6.580803145086200345e+01
-9.987999999999999545e+01,-6.574221025517199735e+01
-9.978000000000000114e+01,-6.567638905948200545e+01
-9.967999999999999261e+01,-6.561056786379199934e+01
-9.957999999999999829e+01,-6.554474666810199324e+01
-9.948000000000000398e+01,-6.547892547241200134e+01
-9.937999999999999545e+01,-6.541310427672199523e+01
-9.928000000000000114e+01,-6.534728308103200334e+01
-9.917999999999999261e+01,-6.528146188534199723e+01
-9.907999999999999829e+01,-6.521564068965200534e+01
-9.898000000000000398e+01,-6.514981949396199923e+01
-9.887999999999999545e+01,-6.508399829827199312e+01
-9.878000000000000114e+01,-6.501817710258200123e+01
-9.867999999999999261e+01,-6.495235590689199512e+01
-9.857999999999999829e+01,-6.488653471120200322e+01
-9.848000000000000398e+01,-6.482071351551199712e+01
-9.837999999999999545e+01,-6.475489231982199101e+01
-9.828000000000000114e+01,-6.468907112413199911e+01
-9.817999999999999261e+01,-6.462324992844199301e+01
-9.807999999999999829e+01,-6.455742873275200111e+01
-9.798000000000000398e+01,-6.449160753706200921e+01
-9.787999999999999545e+01,-6.442578634137200311e+01
-9.778000000000000114e+01,-6.435996514568199700e+01
-9.767999999999999261e+01,-6.429414394999199089e+01
-9.757999999999999829e+01,-6.422832275430199900e+01
-9.748000000000000398e+01,-6.416250155861200710e+01
-9.737999999999999545e+01,-6.409668036292200100e+01
-9.728000000000000114e+01,-6.403085916723199489e+01
-9.717999999999999261e+01,-6.396503797154199589e+01
-9.707999999999999829e+01,-6.389921677585199689e+01
-9.698000000000000398e+01,-6.383339558016200499e+01
-9.687999999999999545e+01,-6.376757438447199888e+01
-9.678000000000000114e+01,-6.370175318878199988e+01
-9.667999999999999261e+01,-6.363593199309199377e+01
-9.657999999999999829e+01,-6.357011079740200188e+01
-9.648000000000000398e+01,-6.350428960171200288e+01
-9.637999999999999545e+01,-6.343846840602199677e+01
-9.628000000000000114e+01,-6.337264721033199777e+01
-9.617999999999999261e+01,-6.330682601464199877e+01
-9.607999999999999829e+01,-6.324100481895199977e+01
-9.598000000000000398e+01,-6.317518362326200076e+01
-9.587999999999999545e+01,-6.310936242757199466e+01
-9.578000000000000114e+01,-6.304354123188200276e+01
-9.567999999999999261e+01,-6.297772003619199666e+01
-9.557999999999999829e+01,-6.291189884050199765e+01
-9.548000000000000398e+01,-6.284607764481200576e+01
-9.537999999999999545e+01,-6.278025644912199965e+01
-9.528000000000000114e+01,-6.271443525343200065e+01
-9.517999999999999261e+01,-6.264861405774199454e+01
-9.507999999999999829e+01,-6.258279286205200265e+01
-9.498000000000000398e+01,-6.251697166636200365e+01
-9.487999999999999545e+01,-6.245115047067199754e+01
-9.478000000000000114e+01,-6.238532927498199854e+01
-9.467999999999999261e+01,-6.231950807929199243e+01
-9.457999999999999829e+01,-6.225368688360200053e+01
-9.448000000000000398e+01,-6.218786568791200153e+01
-9.437999999999999545e+01,-6.212204449222199543e+01
-9.428000000000000114e+01,-6.205622329653200353e+01
-9.417999999999999261e+01,-6.199040210084199742e+01
-9.407999999999999829e+01,-6.192458090515199842e+01
-9.398000000000000398e+01,-6.185875970946200653e+01
-9.387999999999999545e+01,-6.179293851377200042e+01
-9.378000000000000114e+01,-6.172711731808200142e+01
-9.367999999999999261e+01,-6.166129612239199531e+01
-9.357999999999999829e+01,-6.159547492670199631e+01
-9.348000000000000398e+01,-6.152965373101200441e+01
-9.337999999999999545e+01,-6.146383253532199831e+01
-9.328000000000000114e+01,-6.139801133963199931e+01
-9.317999999999999261e+01,-6.133219014394199320e+01
-9.307999999999999829e+01,-6.126636894825200130e+01
-9.298000000000000398e+01,-6.120054775256200230e+01
-9.287999999999999545e+01,-6.113472655687199619e+01
-9.278000000000000114e+01,-6.106890536118200430e+01
-9.267999999999999261e+01,-6.100308416549199819e+01
-9.257999999999999829e+01,-6.093726296980199919e+01
-9.248000000000000398e+01,-6.087144177411200019e+01
-9.237999999999999545e+01,-6.080562057842199408e+01
-9.228000000000000114e+01,-6.073979938273200219e+01
-9.217999999999999261e+01,-6.067397818704199608e+01
-9.207999999999999829e+01,-6.060815699135199708e+01
-9.198000000000000398e+01,-6.054233579566200518e+01
-9.187999999999999545e+01,-6.047651459997199908e+01
-9.178000000000000114e+01,-6.041069340428200007e+01
-9.167999999999999261e+01,-6.034487220859199397e+01
-9.157999999999999829e+01,-6.027905101290200207e+01
-9.148000000000000398e+01,-6.021322981721200307e+01
-9.137999999999999545e+01,-6.014740862152199696e+01
-9.128000000000000114e+01,-6.008158742583199796e+01
-9.117999999999999261e+01,-6.001576623014199896e+01
-9.107999999999999829e+01,-5.994994503445199996e+01
-9.098000000000000398e+01,-5.988412383876200096e+01
-9.087999999999999545e+01,-5.981830264307199485e+01
-9.078000000000000114e+01,-5.975248144738200295e+01
-9.067999999999999261e+01,-5.968666025169199685e+01
-9.057999999999999829e+01,-5.962083905600199785e+01
-9.048000000000000398e+01,-5.955501786031200595e+01
-9.037999999999999545e+01,-5.948919666462199984e+01
-9.028000000000000114e+01,-5.942337546893200084e+01
-9.017999999999999261e+01,-5.935755427324199474e+01
-9.007999999999999829e+01,-5.929173307755200284e+01
-8.998000000000000398e+01,-5.922591188186200384e+01
-8.987999999999999545e+01,-5.916009068617199773e+01
-8.978000000000000114e+01,-5.909426949048199873e+01
-8.967999999999999261e+01,-5.902844829479199262e+01
-8.957999999999999829e+01,-5.896262709910200073e+01
-8.948000000000000398e+01,-5.889680590341200173e+01
-8.937999999999999545e+01,-5.883098470772199562e+01
-8.928000000000000114e+01,-5.876516351203200372e+01
-8.917999999999999261e+01,-5.869934231634199762e+01
-8.907999999999999829e+01,-5.863352112065199861e+01
-8.898000000000000398e+01,-5.856769992496199961e+01
-8.887999999999999545e+01,-5.850187872927200061e+01
-8.878000000000000114e+01,-5.843605753358200161e+01
-8.867999999999999261e+01,-5.837023633789199550e+01
-8.857999999999999829e+01,-5.830441514220199650e+01
-8.848000000000000398e+01,-5.823859394651200461e+01
-8.837999999999999545e+01,-5.817277275082199850e+01
-8.828000000000000114e+01,-5.810695155513199950e+01
-8.817999999999999261e+01,-5.804113035944199339e+01
-8.807999999999999829e+01,-5.797530916375200150e+01
-8.798000000000000398e+01,-5.790948796806200249e+01
-8.787999999999999545e+01,-5.784366677237199639e+01
-8.778000000000000114e+01,-5.777784557668200449e+01
-8.767999999999999261e+01,-5.771202438099199838e+01
-8.757999999999999829e+01,-5.764620318530199938e+01
-8.748000000000000398e+01,-5.758038198961200038e+01
-8.737999999999999545e+01,-5.751456079392199428e+01
-8.728000000000000114e+01,-5.744873959823200238e+01
-8.717999999999999261e+01,-5.738291840254199627e+01
-8.707999999999999829e+01,-5.731709720685199727e+01
-8.698000000000000398e+01,-5.725127601116200537e+01
-8.687999999999999545e+01,-5.718545481547199927e+01
-8.678000000000000114e+01,-5.711963361978200027e+01
-8.667999999999999261e+01,-5.705381242409199416e+01
-8.657999999999999829e+01,-5.698799122840200226e+01
-8.648000000000000398e+01,-5.692217003271200326e+01
-8.637999999999999545e+01,-5.685634883702199716e+01
-8.628000000000000114e+01,-5.679052764133199815e+01
-8.617999999999999261e+01,-5.672470644564199915e+01
-8.607999999999999829e+01,-5.665888524995200015e+01
-8.598000000000000398e+01,-5.659306405426200115e+01
-8.587999999999999545e+01,-5.652724285857199504e+01
-8.578000000000000114e+01,-5.646142166288200315e+01
-8.567999999999999261e+01,-5.639560046719199704e+01
-8.557999999999999829e+01,-5.632977927150199804e+01
-8.548000000000000398e+01,-5.626395807581200614e+01
-8.537999999999999545e+01,-5.619813688012200004e+01
-8.528000000000000114e+01,-5.613231568443200104e+01
-8.517999999999999261e+01,-5.606649448874199493e+01
-8.507999999999999829e+01,-5.600067329305199593e+01
-8.498000000000000398e+01,-5.593485209736200403e+01
-8.487999999999999545e+01,-5.586903090167199792e+01
-8.478000000000000114e+01,-5.580320970598199892e+01
-8.467999999999999261e+01,-5.573738851029199282e+01
-8.457999999999999829e+01,-5.567156731460200092e+01
-8.448000000000000398e+01,-5.560574611891200192e+01
-8.437999999999999545e+01,-5.553992492322199581e+01
-8.428000000000000114e+01,-5.547410372753200392e+01
-8.417999999999999261e+01,-5.540828253184199781e+01
-8.407999999999999829e+01,-5.534246133615199881e+01
-8.398000000000000398e+01,-5.527664014046199981e+01
-8.387999999999999545e+01,-5.521081894477200080e+01
-8.378000000000000114e+01,-5.514499774908200180e+01
-8.367999999999999261e+01,-5.507917655339199570e+01
-8.357999999999999829e+01,-5.501335535770199670e+01
-8.348000000000000398e+01,-5.494753416201200480e+01
-8.337999999999999545e+01,-5.488171296632199869e+01
-8.328000000000000114e+01,-5.481589177063199969e+01
-8.317999999999999261e+01,-5.475007057494199358e+01
-8.307999999999999829e+01,-5.468424937925200169e+01
-8.298000000000000398e+01,-5.461842818356200269e+01
-8.287999999999999545e+01,-5.455260698787199658e+01
-8.278000000000000114e+01,-5.448678579218200468e+01
-8.267999999999999261e+01,-5.442096459649199858e+01
-8.257999999999999829e+01,-5.435514340080199958e+01
-8.248000000000000398e+01,-5.428932220511200057e+01
-8.237999999999999545e+01,-5.422350100942199447e+01
-8.228000000000000114e+01,-5.415767981373200257e+01
-8.217999999999999261e+01,-5.409185861804199646e+01
-8.207999999999999829e+01,-5.402603742235199746e+01
-8.198000000000000398e+01,-5.396021622666200557e+01
-8.187999999999999545e+01,-5.389439503097199946e+01
-8.178000000000000114e+01,-5.382857383528200046e+01
-8.167999999999999261e+01,-5.376275263959199435e+01
-8.157999999999999829e+01,-5.369693144390200246e+01
-8.148000000000000398e+01,-5.363111024821200346e+01
-8.137999999999999545e+01,-5.356528905252199735e+01
-8.128000000000000114e+01,-5.349946785683199835e+01
-8.117999999999999261e+01,-5.343364666114199224e+01
-8.107999999999999829e+01,-5.336782546545200034e+01
-8.098000000000000398e+01,-5.330200426976200134e+01
-8.087999999999999545e+01,-5.323618307407199524e+01
-8.078000000000000114e+01,-5.317036187838200334e+01
-8.067999999999999261e+01,-5.310454068269199723e+01
-8.057999999999999829e+01,-5.303871948700199823e+01
-8.048000000000000398e+01,-5.297289829131200634e+01
-8.037999999999999545e+01,-5.290707709562200023e+01
-8.028000000000000114e+01,-5.284125589993200123e+01
-8.017999999999999261e+01,-5.277543470424199512e+01
-8.007999999999999829e+01,-5.270961350855199612e+01
-7.998000000000000398e+01,-5.264379231286200422e+01
-7.987999999999999545e+01,-5.257797111717199812e+01
-7.978000000000000114e+01,-5.251214992148199912e+01
-7.967999999999999261e+01,-5.244632872579199301e+01
-7.957999999999999829e+01,-5.238050753010200111e+01
-7.948000000000000398e+01,-5.231468633441200211e+01
-7.937999999999999545e+01,-5.224886513872199600e+01
-7.928000000000000114e+01,-5.218304394303200411e+01
-7.917999999999999261e+01,-5.211722274734199800e+01
-7.907999999999999829e+01,-5.205140155165199900e+01
-7.898000000000000398e+01,-5.198558035596200000e+01
-7.887999999999999545e+01,-5.191975916027200100e+01
-7.878000000000000114e+01,-5.185393796458200200e+01
-7.867999999999999261e+01,-5.178811676889199589e+01
-7.857999999999999829e+01,-5.172229557320199689e+01
-7.848000000000000398e+01,-5.165647437751200499e+01
-7.837999999999999545e+01,-5.159065318182199888e+01
-7.828000000000000114e+01,-5.152483198613199988e+01
-7.817999999999999261e+01,-5.145901079044199378e+01
-7.807999999999999829e+01,-5.139318959475200188e+01
-7.798000000000000398e+01,-5.132736839906200288e+01
-7.787999999999999545e+01,-5.126154720337199677e+01
-7.778000000000000114e+01,-5.119572600768199777e+01
-7.767999999999999261e+01,-5.112990481199199877e+01
-7.757999999999999829e+01,-5.106408361630199977e+01
-7.748000000000000398e+01,-5.099826242061200077e+01
-7.737999999999999545e+01,-5.093244122492199466e+01
-7.728000000000000114e+01,-5.086662002923200276e+01
-7.717999999999999261e+01,-5.080079883354199666e+01
-7.707999999999999829e+01,-5.073497763785199766e+01
-7.698000000000000398e+01,-5.066915644216200576e+01
-7.687999999999999545e+01,-5.060333524647199965e+01
-7.678000000000000114e+01,-5.053751405078200065e+01
-7.667999999999999261e+01,-5.047169285509199455e+01
-7.657999999999999829e+01,-5.040587165940200265e+01
-7.648000000000000398e+01,-5.034005046371200365e+01
-7.637999999999999545e+01,-5.027422926802199754e+01
-7.628000000000000114e+01,-5.020840807233199854e+01
-7.617999999999999261e+01,-5.014258687664199243e+01
-7.607999999999999829e+01,-5.007676568095200054e+01
-7.598000000000000398e+01,-5.001094448526200154e+01
-7.587999999999999545e+01,-4.994512328957199543e+01
-7.578000000000000114e+01,-4.987930209388200353e+01
-7.567999999999999261e+01,-4.981348089819199743e+01
-7.557999999999999829e+01,-4.974765970250199842e+01
-7.548000000000000398e+01,-4.968183850681200653e+01
-7.537999999999999545e+01,-4.961601731112200042e+01
-7.528000000000000114e+01,-4.955019611543200142e+01
-7.517999999999999261e+01,-4.948437491974199531e+01
-7.507999999999999829e+01,-4.941855372405199631e+01
-7.498000000000000398e+01,-4.935273252836200442e+01
-7.487999999999999545e+01,-4.928691133267199831e+01
-7.478000000000000114e+01,-4.922109013698199931e+01
-7.467999999999999261e+01,-4.915526894129199320e+01
-7.457999999999999829e+01,-4.908944774560200131e+01
-7.448000000000000398e+01,-4.902362654991200230e+01
-7.437999999999999545e+01,-4.895780535422199620e+01
-7.428000000000000114e+01,-4.889198415853200430e+01
-7.417999999999999261e+01,-4.882616296284199819e+01
-7.407999999999999829e+01,-4.876034176715199919e+01
-7.398000000000000398e+01,-4.869452057146200019e+01
-7.387999999999999545e+01,-4.862869937577199408e+01
-7.378000000000000114e+01,-4.856287818008200219e+01
-7.367999999999999261e+01,-4.849705698439199608e+01
-7.357999999999999829e+01,-4.843123578870199708e+01
-7.348000000000000398e+01,-4.836541459301200518e+01
-7.337999999999999545e+01,-4.829959339732199908e+01
-7.328000000000000114e+01,-4.823377220163200008e+01
-7.317999999999999261e+01,-4.816795100594199397e+01
-7.307999999999999829e+01,-4.810212981025200207e+01
-7.298000000000000398e+01,-4.803630861456200307e+01
-7.287999999999999545e+01,-4.797048741887199697e+01
-7.278000000000000114e+01,-4.790466622318199796e+01
-7.267999999999999261e+01,-4.783884502749199896e+01
-7.257999999999999829e+01,-4.777302383180199996e+01
-7.248000000000000398e+01,-4.770720263611200096e+01
-7.237999999999999545e+01,-4.764138144042199485e+01
-7.228000000000000114e+01,-4.757556024473200296e+01
-7.217999999999999261e+01,-4.750973904904199685e+01
-7.207999999999999829e+01,-4.744391785335199785e+01
-7.198000000000000398e+01,-4.737809665766200595e+01
-7.187999999999999545e+01,-4.731227546197199985e+01
-7.178000000000000114e+01,-4.724645426628200084e+01
-7.167999999999999261e+01,-4.718063307059199474e+01
-7.157999999999999829e+01,-4.711481187490200284e+01
-7.148000000000000398e+01,-4.704899067921200384e+01
-7.137999999999999545e+01,-4.698316948352199773e+01
-7.128000000000000114e+01,-4.691734828783199873e+01
-7.117999999999999261e+01,-4.685152709214199263e+01
-7.107999999999999829e+01,-4.678570589645200073e+01
-7.098000000000000398e+01,-4.671988470076200173e+01
-7.087999999999999545e+01,-4.665406350507199562e+01
-7.078000000000000114e+01,-4.658824230938200373e+01
-7.067999999999999261e+01,-4.652242111369199762e+01
-7.057999999999999829e+01,-4.645659991800199862e+01
-7.048000000000000398e+01,-4.639077872231199962e+01
-7.037999999999999545e+01,-4.632495752662200061e+01
-7.028000000000000114e+01,-4.625913633093200161e+01
-7.017999999999999261e+01,-4.619331513524199551e+01
-7.007999999999999829e+01,-4.612749393955199650e+01
-6.998000000000000398e+01,-4.606167274386200461e+01
-6.987999999999999545e+01,-4.599585154817199850e+01
-6.978000000000000114e+01,-4.593003035248199950e+01
-6.967999999999999261e+01,-4.586420915679199339e+01
-6.957999999999999829e+01,-4.579838796110200150e+01
-6.948000000000000398e+01,-4.573256676541200250e+01
-6.937999999999999545e+01,-4.566674556972199639e+01
-6.928000000000000114e+01,-4.560092437403200449e+01
-6.917999999999999261e+01,-4.553510317834199839e+01
-6.907999999999999829e+01,-4.546928198265199939e+01
-6.898000000000000398e+01,-4.540346078696200038e+01
-6.887999999999999545e+01,-4.533763959127199428e+01
-6.878000000000000114e+01,-4.527181839558200238e+01
-6.867999999999999261e+01,-4.520599719989199627e+01
-6.857999999999999829e+01,-4.514017600420199727e+01
-6.848000000000000398e+01,-4.507435480851200538e+01
-6.837999999999999545e+01,-4.500853361282199927e+01
-6.828000000000000114e+01,-4.494271241713200027e+01
-6.817999999999999261e+01,-4.487689122144199416e+01
-6.807999999999999829e+01,-4.481107002575200227e+01
-6.798000000000000398e+01,-4.474524883006200326e+01
-6.787999999999999545e+01,-4.467942763437199716e+01
-6.778000000000000114e+01,-4.461360643868199816e+01
-6.767999999999999261e+01,-4.454778524299199205e+01
-6.757999999999999829e+01,-4.448196404730200015e+01
-6.748000000000000398e+01,-4.441614285161200115e+01
-6.737999999999999545e+01,-4.435032165592199505e+01
-6.728000000000000114e+01,-4.428450046023200315e+01
-6.717999999999999261e+01,-4.421867926454199704e+01
-6.707999999999999829e+01,-4.415285806885199804e+01
-6.698000000000000398e+01,-4.408703687316200615e+01
-6.687999999999999545e+01,-4.402121567747200004e+01
-6.678000000000000114e+01,-4.395539448178200104e+01
-6.667999999999999261e+01,-4.388957328609199493e+01
-6.657999999999999829e+01,-4.382375209040199593e+01
-6.648000000000000398e+01,-4.375793089471200403e+01
-6.637999999999999545e+01,-4.369210969902199793e+01
-6.628000000000000114e+01,-4.362628850333199892e+01
-6.617999999999999261e+01,-4.356046730764199282e+01
-6.607999999999999829e+01,-4.349464611195200092e+01
-6.598000000000000398e+01,-4.342882491626200192e+01
-6.587999999999999545e+01,-4.336300372057199581e+01
-6.578000000000000114e+01,-4.329718252488200392e+01
-6.567999999999999261e+01,-4.323136132919199781e+01
-6.557999999999999829e+01,-4.316554013350199881e+01
-6.548000000000000398e+01,-4.309971893781199981e+01
-6.537999999999999545e+01,-4.303389774212200081e+01
-6.528000000000000114e+01,-4.296807654643200181e+01
-6.517999999999999261e+01,-4.290225535074199570e+01
-6.507999999999999829e+01,-4.283643415505199670e+01
-6.498000000000000398e+01,-4.277061295936200480e+01
-6.487999999999999545e+01,-4.270479176367199869e+01
-6.478000000000000114e+01,-4.263897056798199969e+01
-6.467999999999999261e+01,-4.257314937229199359e+01
-6.457999999999999829e+01,-4.250732817660200169e+01
-6.448000000000000398e+01,-4.244150698091200269e+01
-6.437999999999999545e+01,-4.237568578522199658e+01
-6.428000000000000114e+01,-4.230986458953199758e+01
-6.417999999999999261e+01,-4.224404339384199858e+01
-6.407999999999999829e+01,-4.217822219815199958e+01
-6.397999999999999687e+01,-4.211240100246200058e+01
-6.387999999999999545e+01,-4.204657980677199447e+01
-6.378000000000000114e+01,-4.198075861108200257e+01
-6.367999999999999972e+01,-4.191493741539200357e+01
-6.357999999999999829e+01,-4.184911621970199747e+01
-6.347999999999999687e+01,-4.178329502401199846e+01
-6.337999999999999545e+01,-4.171747382832199946e+01
-6.328000000000000114e+01,-4.165165263263200046e+01
-6.317999999999999972e+01,-4.158583143694200146e+01
-6.307999999999999829e+01,-4.152001024125200246e+01
-6.297999999999999687e+01,-4.145418904556199635e+01
-6.287999999999999545e+01,-4.138836784987199735e+01
-6.278000000000000114e+01,-4.132254665418199835e+01
-6.267999999999999972e+01,-4.125672545849199935e+01
-6.257999999999999829e+01,-4.119090426280200035e+01
-6.247999999999999687e+01,-4.112508306711200134e+01
-6.237999999999999545e+01,-4.105926187142199524e+01
-6.228000000000000114e+01,-4.099344067573200334e+01
-6.217999999999999972e+01,-4.092761948004199724e+01
-6.207999999999999829e+01,-4.086179828435199823e+01
-6.197999999999999687e+01,-4.079597708866199923e+01
-6.187999999999999545e+01,-4.073015589297200023e+01
-6.178000000000000114e+01,-4.066433469728200123e+01
-6.167999999999999972e+01,-4.059851350159200223e+01
-6.157999999999999829e+01,-4.053269230590199612e+01
-6.147999999999999687e+01,-4.046687111021199712e+01
-6.137999999999999545e+01,-4.040104991452199812e+01
-6.128000000000000114e+01,-4.033522871883199912e+01
-6.117999999999999972e+01,-4.026940752314200012e+01
-6.107999999999999829e+01,-4.020358632745200111e+01
-6.097999999999999687e+01,-4.013776513176199501e+01
-6.087999999999999545e+01,-4.007194393607199601e+01
-6.078000000000000114e+01,-4.000612274038200411e+01
-6.067999999999999972e+01,-3.994030154469199800e+01
-6.057999999999999829e+01,-3.987448034900199900e+01
-6.047999999999999687e+01,-3.980865915331200000e+01
-6.037999999999999545e+01,-3.974283795762199389e+01
-6.028000000000000114e+01,-3.967701676193200200e+01
-6.017999999999999972e+01,-3.961119556624200300e+01
-6.007999999999999829e+01,-3.954537437055199689e+01
-5.997999999999999687e+01,-3.947955317486199789e+01
-5.987999999999999545e+01,-3.941373197917199889e+01
-5.978000000000000114e+01,-3.934791078348199989e+01
-5.967999999999999972e+01,-3.928208958779200088e+01
-5.957999999999999829e+01,-3.921626839210200188e+01
-5.947999999999999687e+01,-3.915044719641199578e+01
-5.937999999999999545e+01,-3.908462600072199677e+01
-5.928000000000000114e+01,-3.901880480503199777e+01
-5.917999999999999972e+01,-3.895298360934199877e+01
-5.907999999999999829e+01,-3.888716241365199977e+01
-5.897999999999999687e+01,-3.882134121796200077e+01
-5.887999999999999545e+01,-3.875552002227199466e+01
-5.878000000000000114e+01,-3.868969882658200277e+01
-5.867999999999999972e+01,-3.862387763089199666e+01
-5.857999999999999829e+01,-3.855805643520199766e+01
-5.847999999999999687e+01,-3.849223523951199866e+01
-5.837999999999999545e+01,-3.842641404382199966e+01
-5.828000000000000114e+01,-3.836059284813200065e+01
-5.817999999999999972e+01,-3.829477165244200165e+01
-5.807999999999999829e+01,-3.822895045675200265e+01
-5.797999999999999687e+01,-3.816312926106199654e+01
-5.787999999999999545e+01,-3.809730806537199754e+01
-5.778000000000000114e+01,-3.803148686968199854e+01
-5.767999999999999972e+01,-3.796566567399199954e+01
-5.757999999999999829e+01,-3.789984447830200054e+01
-5.747999999999999687e+01,-3.783402328261200154e+01
-5.737999999999999545e+01,-3.776820208692199543e+01
-5.728000000000000114e+01,-3.770238089123200353e+01
-5.717999999999999972e+01,-3.763655969554199743e+01
-5.707999999999999829e+01,-3.757073849985199843e+01
-5.697999999999999687e+01,-3.750491730416199943e+01
-5.687999999999999545e+01,-3.743909610847200042e+01
-5.678000000000000114e+01,-3.737327491278200142e+01
-5.667999999999999972e+01,-3.730745371709200242e+01
-5.657999999999999829e+01,-3.724163252140199631e+01
-5.647999999999999687e+01,-3.717581132571199731e+01
-5.637999999999999545e+01,-3.710999013002199831e+01
-5.628000000000000114e+01,-3.704416893433199931e+01
-5.617999999999999972e+01,-3.697834773864200031e+01
-5.607999999999999829e+01,-3.691252654295200131e+01
-5.597999999999999687e+01,-3.684670534726199520e+01
-5.587999999999999545e+01,-3.678088415157199620e+01
-5.578000000000000114e+01,-3.671506295588200430e+01
-5.567999999999999972e+01,-3.664924176019199820e+01
-5.557999999999999829e+01,-3.658342056450199919e+01
-5.547999999999999687e+01,-3.651759936881200019e+01
-5.537999999999999545e+01,-3.645177817312199409e+01
-5.528000000000000114e+01,-3.638595697743200219e+01
-5.517999999999999972e+01,-3.632013578174200319e+01
-5.507999999999999829e+01,-3.625431458605199708e+01
-5.497999999999999687e+01,-3.618849339036199808e+01
-5.487999999999999545e+01,-3.612267219467199908e+01
-5.478000000000000114e+01,-3.605685099898200008e+01
-5.467999999999999972e+01,-3.599102980329200108e+01
-5.457999999999999829e+01,-3.592520860760200208e+01
-5.447999999999999687e+01,-3.585938741191199597e+01
-5.437999999999999545e+01,-3.579356621622199697e+01
-5.428000000000000114e+01,-3.572774502053199797e+01
-5.417999999999999972e+01,-3.566192382484199896e+01
-5.407999999999999829e+01,-3.559610262915199996e+01
-5.397999999999999687e+01,-3.553028143346200096e+01
-5.387999999999999545e+01,-3.546446023777199485e+01
-5.378000000000000114e+01,-3.539863904208200296e+01
-5.367999999999999972e+01,-3.533281784639199685e+01
-5.357999999999999829e+01,-3.526699665070199785e+01
-5.347999999999999687e+01,-3.520117545501199885e+01
-5.337999999999999545e+01,-3.513535425932199985e+01
-5.328000000000000114e+01,-3.506953306363200085e+01
-5.317999999999999972e+01,-3.500371186794200185e+01
-5.307999999999999829e+01,-3.493789067225199574e+01
-5.297999999999999687e+01,-3.487206947656199674e+01
-5.287999999999999545e+01,-3.480624828087199774e+01
-5.278000000000000114e+01,-3.474042708518199873e+01
-5.267999999999999972e+01,-3.467460588949199973e+01
-5.257999999999999829e+01,-3.460878469380200073e+01
-5.247999999999999687e+01,-3.454296349811200173e+01
-5.237999999999999545e+01,-3.447714230242199562e+01
-5.228000000000000114e+01,-3.441132110673200373e+01
-5.217999999999999972e+01,-3.434549991104199762e+01
-5.207999999999999829e+01,-3.427967871535199862e+01
-5.197999999999999687e+01,-3.421385751966199962e+01
-5.187999999999999545e+01,-3.414803632397200062e+01
-5.178000000000000114e+01,-3.408221512828200161e+01
-5.167999999999999972e+01,-3.401639393259200261e+01
-5.157999999999999829e+01,-3.395057273690199651e+01
-5.147999999999999687e+01,-3.388475154121199751e+01
-5.137999999999999545e+01,-3.381893034552199850e+01
-5.128000000000000114e+01,-3.375310914983199950e+01
-5.117999999999999972e+01,-3.368728795414200050e+01
-5.107999999999999829e+01,-3.362146675845200150e+01
-5.097999999999999687e+01,-3.355564556276199539e+01
-5.087999999999999545e+01,-3.348982436707199639e+01
-5.078000000000000114e+01,-3.342400317138200450e+01
-5.067999999999999972e+01,-3.335818197569199839e+01
-5.057999999999999829e+01,-3.329236078000199939e+01
-5.047999999999999687e+01,-3.322653958431200039e+01
-5.037999999999999545e+01,-3.316071838862199428e+01
-5.028000000000000114e+01,-3.309489719293200238e+01
-5.017999999999999972e+01,-3.302907599724200338e+01
-5.007999999999999829e+01,-3.296325480155199728e+01
-4.997999999999999687e+01,-3.289743360586199827e+01
-4.987999999999999545e+01,-3.283161241017199927e+01
-4.978000000000000114e+01,-3.276579121448200027e+01
-4.967999999999999972e+01,-3.269997001879200127e+01
-4.957999999999999829e+01,-3.263414882310200227e+01
-4.947999999999999687e+01,-3.256832762741199616e+01
-4.937999999999999545e+01,-3.250250643172199716e+01
-4.928000000000000114e+01,-3.243668523603199816e+01
-4.917999999999999972e+01,-3.237086404034199916e+01
-4.907999999999999829e+01,-3.230504284465200016e+01
-4.897999999999999687e+01,-3.223922164896200115e+01
-4.887999999999999545e+01,-3.217340045327199505e+01
-4.878000000000000114e+01,-3.210757925758200315e+01
-4.867999999999999972e+01,-3.204175806189199704e+01
-4.857999999999999829e+01,-3.197593686620199804e+01
-4.847999999999999687e+01,-3.191011567051199904e+01
-4.837999999999999545e+01,-3.184429447482199649e+01
-4.828000000000000114e+01,-3.177847327913200104e+01
-4.817999999999999972e+01,-3.171265208344199849e+01
-4.807999999999999829e+01,-3.164683088775199948e+01
-4.797999999999999687e+01,-3.158100969206199693e+01
-4.787999999999999545e+01,-3.151518849637199793e+01
-4.778000000000000114e+01,-3.144936730068200248e+01
-4.767999999999999972e+01,-3.138354610499199993e+01
-4.757999999999999829e+01,-3.131772490930200092e+01
-4.747999999999999687e+01,-3.125190371361199837e+01
-4.737999999999999545e+01,-3.118608251792199582e+01
-4.728000000000000114e+01,-3.112026132223200037e+01
-4.717999999999999972e+01,-3.105444012654200137e+01
-4.707999999999999829e+01,-3.098861893085199881e+01
-4.697999999999999687e+01,-3.092279773516199981e+01
-4.687999999999999545e+01,-3.085697653947199726e+01
-4.678000000000000114e+01,-3.079115534378200181e+01
-4.667999999999999972e+01,-3.072533414809199925e+01
-4.657999999999999829e+01,-3.065951295240200025e+01
-4.647999999999999687e+01,-3.059369175671199770e+01
-4.637999999999999545e+01,-3.052787056102199870e+01
-4.628000000000000114e+01,-3.046204936533199970e+01
-4.617999999999999972e+01,-3.039622816964200069e+01
-4.607999999999999829e+01,-3.033040697395199814e+01
-4.597999999999999687e+01,-3.026458577826199914e+01
-4.587999999999999545e+01,-3.019876458257199658e+01
-4.578000000000000114e+01,-3.013294338688200114e+01
-4.567999999999999972e+01,-3.006712219119199858e+01
-4.557999999999999829e+01,-3.000130099550199958e+01
-4.547999999999999687e+01,-2.993547979981199703e+01
-4.537999999999999545e+01,-2.986965860412199802e+01
-4.528000000000000114e+01,-2.980383740843200258e+01
-4.517999999999999972e+01,-2.973801621274200002e+01
-4.507999999999999829e+01,-2.967219501705199747e+01
-4.497999999999999687e+01,-2.960637382136199847e+01
-4.487999999999999545e+01,-2.954055262567199591e+01
-4.478000000000000114e+01,-2.947473142998200046e+01
-4.467999999999999972e+01,-2.940891023429200146e+01
-4.457999999999999829e+01,-2.934308903860199891e+01
-4.447999999999999687e+01,-2.927726784291199991e+01
-4.437999999999999545e+01,-2.921144664722199735e+01
-4.428000000000000114e+01,-2.914562545153200190e+01
-4.417999999999999972e+01,-2.907980425584199935e+01
-4.407999999999999829e+01,-2.901398306015200035e+01
-4.397999999999999687e+01,-2.894816186446199779e+01
-4.387999999999999545e+01,-2.888234066877199879e+01
-4.378000000000000114e+01,-2.881651947308199979e+01
-4.367999999999999972e+01,-2.875069827739200079e+01
-4.357999999999999829e+01,-2.868487708170199824e+01
-4.347999999999999687e+01,-2.861905588601199923e+01
-4.337999999999999545e+01,-2.855323469032199668e+01
-4.328000000000000114e+01,-2.848741349463200123e+01
-4.317999999999999972e+01,-2.842159229894199868e+01
-4.307999999999999829e+01,-2.835577110325199968e+01
-4.297999999999999687e+01,-2.828994990756199712e+01
-4.287999999999999545e+01,-2.822412871187199812e+01
-4.278000000000000114e+01,-2.815830751618200267e+01
-4.267999999999999972e+01,-2.809248632049200012e+01
-4.257999999999999829e+01,-2.802666512480199756e+01
-4.247999999999999687e+01,-2.796084392911199856e+01
-4.237999999999999545e+01,-2.789502273342199601e+01
-4.228000000000000114e+01,-2.782920153773200056e+01
-4.217999999999999972e+01,-2.776338034204200156e+01
-4.207999999999999829e+01,-2.769755914635199900e+01
-4.197999999999999687e+01,-2.763173795066199645e+01
-4.187999999999999545e+01,-2.756591675497199745e+01
-4.178000000000000114e+01,-2.750009555928200200e+01
-4.167999999999999972e+01,-2.743427436359199945e+01
-4.157999999999999829e+01,-2.736845316790200044e+01
-4.147999999999999687e+01,-2.730263197221199789e+01
-4.137999999999999545e+01,-2.723681077652199889e+01
-4.128000000000000114e+01,-2.717098958083199989e+01
-4.117999999999999972e+01,-2.710516838514200089e+01
-4.107999999999999829e+01,-2.703934718945199833e+01
-4.097999999999999687e+01,-2.697352599376199933e+01
-4.087999999999999545e+01,-2.690770479807199678e+01
-4.078000000000000114e+01,-2.684188360238200133e+01
-4.067999999999999972e+01,-2.677606240669199877e+01
-4.057999999999999829e+01,-2.671024121100199977e+01
-4.047999999999999687e+01,-2.664442001531199722e+01
-4.037999999999999545e+01,-2.657859881962199822e+01
-4.028000000000000114e+01,-2.651277762393199922e+01
-4.017999999999999972e+01,-2.644695642824200021e+01
-4.007999999999999829e+01,-2.638113523255199766e+01
-3.997999999999999687e+01,-2.631531403686199866e+01
-3.987999999999999545e+01,-2.624949284117199610e+01
-3.978000000000000114e+01,-2.618367164548200066e+01
-3.967999999999999972e+01,-2.611785044979200165e+01
-3.957999999999999829e+01,-2.605202925410199910e+01
-3.947999999999999687e+01,-2.598620805841199655e+01
-3.937999999999999545e+01,-2.592038686272199755e+01
-3.928000000000000114e+01,-2.585456566703200210e+01
-3.917999999999999972e+01,-2.578874447134199954e+01
-3.907999999999999829e+01,-2.572292327565200054e+01
-3.897999999999999687e+01,-2.565710207996199799e+01
-3.887999999999999545e+01,-2.559128088427199899e+01
-3.878000000000000114e+01,-2.552545968858199998e+01
-3.867999999999999972e+01,-2.545963849289200098e+01
-3.857999999999999829e+01,-2.539381729720199843e+01
-3.847999999999999687e+01,-2.532799610151199943e+01
-3.837999999999999545e+01,-2.526217490582199687e+01
-3.828000000000000114e+01,-2.519635371013200142e+01
-3.817999999999999972e+01,-2.513053251444199887e+01
-3.807999999999999829e+01,-2.506471131875199987e+01
-3.797999999999999687e+01,-2.499889012306199731e+01
-3.787999999999999545e+01,-2.493306892737199831e+01
-3.778000000000000114e+01,-2.486724773168199931e+01
-3.767999999999999972e+01,-2.480142653599200031e+01
-3.757999999999999829e+01,-2.473560534030199776e+01
-3.747999999999999687e+01,-2.466978414461199876e+01
-3.737999999999999545e+01,-2.460396294892199620e+01
-3.728000000000000114e+01,-2.453814175323200075e+01
-3.717999999999999972e+01,-2.447232055754200175e+01
-3.707999999999999829e+01,-2.440649936185199920e+01
-3.697999999999999687e+01,-2.434067816616199664e+01
-3.687999999999999545e+01,-2.427485697047199764e+01
-3.678000000000000114e+01,-2.420903577478200219e+01
-3.667999999999999972e+01,-2.414321457909199964e+01
-3.657999999999999829e+01,-2.407739338340200064e+01
-3.647999999999999687e+01,-2.401157218771199808e+01
-3.637999999999999545e+01,-2.394575099202199553e+01
-3.628000000000000114e+01,-2.387992979633200008e+01
-3.617999999999999972e+01,-2.381410860064200108e+01
-3.607999999999999829e+01,-2.374828740495199852e+01
-3.597999999999999687e+01,-2.368246620926199952e+01
-3.587999999999999545e+01,-2.361664501357199697e+01
-3.578000000000000114e+01,-2.355082381788200152e+01
-3.567999999999999972e+01,-2.348500262219199897e+01
-3.557999999999999829e+01,-2.341918142650199997e+01
-3.547999999999999687e+01,-2.335336023081199741e+01
-3.537999999999999545e+01,-2.328753903512199841e+01
-3.528000000000000114e+01,-2.322171783943199941e+01
-3.517999999999999972e+01,-2.315589664374200041e+01
-3.507999999999999829e+01,-2.309007544805199785e+01
-3.497999999999999687e+01,-2.302425425236199885e+01
-3.487999999999999545e+01,-2.295843305667199630e+01
-3.478000000000000114e+01,-2.289261186098200085e+01
-3.467999999999999972e+01,-2.282679066529199829e+01
-3.457999999999999829e+01,-2.276096946960199929e+01
-3.447999999999999687e+01,-2.269514827391199674e+01
-3.437999999999999545e+01,-2.262932707822199774e+01
-3.428000000000000114e+01,-2.256350588253200229e+01
-3.417999999999999972e+01,-2.249768468684199973e+01
-3.407999999999999829e+01,-2.243186349115200073e+01
-3.397999999999999687e+01,-2.236604229546199818e+01
-3.387999999999999545e+01,-2.230022109977199563e+01
-3.378000000000000114e+01,-2.223439990408200018e+01
-3.367999999999999972e+01,-2.216857870839200118e+01
-3.357999999999999829e+01,-2.210275751270199862e+01
-3.347999999999999687e+01,-2.203693631701199962e+01
-3.337999999999999545e+01,-2.197111512132199707e+01
-3.328000000000000114e+01,-2.190529392563200162e+01
-3.317999999999999972e+01,-2.183947272994199906e+01
-3.307999999999999829e+01,-2.177365153425200006e+01
-3.297999999999999687e+01,-2.170783033856199751e+01
-3.287999999999999545e+01,-2.164200914287199851e+01
-3.278000000000000114e+01,-2.157618794718199950e+01
-3.267999999999999972e+01,-2.151036675149200050e+01
-3.257999999999999829e+01,-2.144454555580199795e+01
-3.247999999999999687e+01,-2.137872436011199895e+01
-3.237999999999999545e+01,-2.131290316442199639e+01
-3.228000000000000114e+01,-2.124708196873200095e+01
-3.217999999999999972e+01,-2.118126077304199839e+01
-3.207999999999999829e+01,-2.111543957735199939e+01
-3.197999999999999687e+01,-2.104961838166199684e+01
-3.187999999999999901e+01,-2.098379718597199783e+01
-3.177999999999999758e+01,-2.091797599028199883e+01
-3.167999999999999972e+01,-2.085215479459199983e+01
-3.157999999999999829e+01,-2.078633359890200083e+01
-3.147999999999999687e+01,-2.072051240321199828e+01
-3.137999999999999901e+01,-2.065469120752199927e+01
-3.127999999999999758e+01,-2.058887001183200027e+01
-3.117999999999999972e+01,-2.052304881614200127e+01
-3.107999999999999829e+01,-2.045722762045199872e+01
-3.097999999999999687e+01,-2.039140642476199972e+01
-3.087999999999999901e+01,-2.032558522907200071e+01
-3.077999999999999758e+01,-2.025976403338199816e+01
-3.067999999999999616e+01,-2.019394283769199916e+01
-3.057999999999999829e+01,-2.012812164200200016e+01
-3.047999999999999687e+01,-2.006230044631199760e+01
-3.037999999999999901e+01,-1.999647925062199860e+01
-3.027999999999999758e+01,-1.993065805493199960e+01
-3.017999999999999616e+01,-1.986483685924199705e+01
-3.007999999999999829e+01,-1.979901566355199805e+01
-2.997999999999999687e+01,-1.973319446786199904e+01
-2.987999999999999901e+01,-1.966737327217200004e+01
-2.977999999999999758e+01,-1.960155207648199749e+01
-2.967999999999999616e+01,-1.953573088079199849e+01
-2.957999999999999829e+01,-1.946990968510199949e+01
-2.947999999999999687e+01,-1.940408848941199693e+01
-2.937999999999999901e+01,-1.933826729372199793e+01
-2.927999999999999758e+01,-1.927244609803199893e+01
-2.917999999999999616e+01,-1.920662490234199637e+01
-2.907999999999999829e+01,-1.914080370665199737e+01
-2.897999999999999687e+01,-1.907498251096199837e+01
-2.887999999999999901e+01,-1.900916131527199937e+01
-2.877999999999999758e+01,-1.894334011958199682e+01
-2.867999999999999616e+01,-1.887751892389199782e+01
-2.857999999999999829e+01,-1.881169772820199881e+01
-2.847999999999999687e+01,-1.874587653251199981e+01
-2.837999999999999901e+01,-1.868005533682200081e+01
-2.827999999999999758e+01,-1.861423414113199826e+01
-2.817999999999999616e+01,-1.854841294544199926e+01
-2.807999999999999829e+01,-1.848259174975200025e+01
-2.797999999999999687e+01,-1.841677055406199770e+01
-2.787999999999999901e+01,-1.835094935837199870e+01
-2.777999999999999758e+01,-1.828512816268199970e+01
-2.767999999999999616e+01,-1.821930696699199714e+01
-2.757999999999999829e+01,-1.815348577130199814e+01
-2.747999999999999687e+01,-1.808766457561199914e+01
-2.737999999999999901e+01,-1.802184337992200014e+01
-2.727999999999999758e+01,-1.795602218423199758e+01
-2.717999999999999616e+01,-1.789020098854199858e+01
-2.707999999999999829e+01,-1.782437979285199958e+01
-2.697999999999999687e+01,-1.775855859716199703e+01
-2.687999999999999901e+01,-1.769273740147199803e+01
-2.677999999999999758e+01,-1.762691620578199903e+01
-2.667999999999999616e+01,-1.756109501009199647e+01
-2.657999999999999829e+01,-1.749527381440199747e+01
-2.647999999999999687e+01,-1.742945261871199847e+01
-2.637999999999999901e+01,-1.736363142302199947e+01
-2.627999999999999758e+01,-1.729781022733199691e+01
-2.617999999999999616e+01,-1.723198903164199791e+01
-2.607999999999999829e+01,-1.716616783595199891e+01
-2.597999999999999687e+01,-1.710034664026199636e+01
-2.587999999999999901e+01,-1.703452544457200091e+01
-2.577999999999999758e+01,-1.696870424888199835e+01
-2.567999999999999616e+01,-1.690288305319199935e+01
-2.557999999999999829e+01,-1.683706185750200035e+01
-2.547999999999999687e+01,-1.677124066181199780e+01
-2.537999999999999901e+01,-1.670541946612199879e+01
-2.527999999999999758e+01,-1.663959827043199979e+01
-2.517999999999999616e+01,-1.657377707474199724e+01
-2.507999999999999829e+01,-1.650795587905199824e+01
-2.497999999999999687e+01,-1.644213468336199924e+01
-2.487999999999999901e+01,-1.637631348767200024e+01
-2.477999999999999758e+01,-1.631049229198199768e+01
-2.467999999999999616e+01,-1.624467109629199868e+01
-2.457999999999999829e+01,-1.617884990060199968e+01
-2.447999999999999687e+01,-1.611302870491199712e+01
-2.437999999999999901e+01,-1.604720750922199812e+01
-2.427999999999999758e+01,-1.598138631353199912e+01
-2.417999999999999616e+01,-1.591556511784199834e+01
-2.407999999999999829e+01,-1.584974392215199934e+01
-2.397999999999999687e+01,-1.578392272646199856e+01
-2.387999999999999901e+01,-1.571810153077199956e+01
-2.377999999999999758e+01,-1.565228033508199879e+01
-2.367999999999999616e+01,-1.558645913939199801e+01
-2.357999999999999829e+01,-1.552063794370199901e+01
-2.347999999999999687e+01,-1.545481674801199823e+01
-2.337999999999999901e+01,-1.538899555232199923e+01
-2.327999999999999758e+01,-1.532317435663199845e+01
-2.317999999999999616e+01,-1.525735316094199767e+01
-2.307999999999999829e+01,-1.519153196525199867e+01
-2.297999999999999687e+01,-1.512571076956199789e+01
-2.287999999999999901e+01,-1.505988957387199889e+01
-2.277999999999999758e+01,-1.499406837818199811e+01
-2.267999999999999616e+01,-1.492824718249199734e+01
-2.257999999999999829e+01,-1.486242598680199833e+01
-2.247999999999999687e+01,-1.479660479111199756e+01
-2.237999999999999901e+01,-1.473078359542200033e+01
-2.227999999999999758e+01,-1.466496239973199778e+01
-2.217999999999999616e+01,-1.459914120404199700e+01
-2.207999999999999829e+01,-1.453332000835199977e+01
-2.197999999999999687e+01,-1.446749881266199722e+01
-2.187999999999999901e+01,-1.440167761697200000e+01
-2.177999999999999758e+01,-1.433585642128199922e+01
-2.167999999999999616e+01,-1.427003522559199844e+01
-2.157999999999999829e+01,-1.420421402990199944e+01
-2.147999999999999687e+01,-1.413839283421199866e+01
-2.137999999999999901e+01,-1.407257163852199966e+01
-2.127999999999999758e+01,-1.400675044283199888e+01
-2.117999999999999616e+01,-1.394092924714199810e+01
-2.107999999999999829e+01,-1.387510805145199910e+01
-2.097999999999999687e+01,-1.380928685576199832e+01
-2.087999999999999901e+01,-1.374346566007199932e+01
-2.077999999999999758e+01,-1.367764446438199855e+01
-2.067999999999999616e+01,-1.361182326869199777e+01
-2.057999999999999829e+01,-1.354600207300199877e+01
-2.047999999999999687e+01,-1.348018087731199799e+01
-2.037999999999999901e+01,-1.341435968162199899e+01
-2.027999999999999758e+01,-1.334853848593199821e+01
-2.017999999999999616e+01,-1.328271729024199743e+01
-2.007999999999999829e+01,-1.321689609455199843e+01
-1.997999999999999687e+01,-1.315107489886199765e+01
-1.987999999999999901e+01,-1.308525370317199865e+01
-1.977999999999999758e+01,-1.301943250748199787e+01
-1.967999999999999616e+01,-1.295361131179199710e+01
-1.957999999999999829e+01,-1.288779011610199987e+01
-1.947999999999999687e+01,-1.282196892041199732e+01
-1.937999999999999901e+01,-1.275614772472200009e+01
-1.927999999999999758e+01,-1.269032652903199931e+01
-1.917999999999999616e+01,-1.262450533334199676e+01
-1.907999999999999829e+01,-1.255868413765199954e+01
-1.897999999999999687e+01,-1.249286294196199876e+01
-1.887999999999999901e+01,-1.242704174627199976e+01
-1.877999999999999758e+01,-1.236122055058199898e+01
-1.867999999999999616e+01,-1.229539935489199820e+01
-1.857999999999999829e+01,-1.222957815920199920e+01
-1.847999999999999687e+01,-1.216375696351199842e+01
-1.837999999999999901e+01,-1.209793576782199942e+01
-1.827999999999999758e+01,-1.203211457213199864e+01
-1.817999999999999616e+01,-1.196629337644199786e+01
-1.807999999999999829e+01,-1.190047218075199886e+01
-1.797999999999999687e+01,-1.183465098506199809e+01
-1.787999999999999901e+01,-1.176882978937199908e+01
-1.777999999999999758e+01,-1.170300859368199831e+01
-1.767999999999999616e+01,-1.163718739799199753e+01
-1.757999999999999829e+01,-1.157136620230199853e+01
-1.747999999999999687e+01,-1.150554500661199775e+01
-1.737999999999999901e+01,-1.143972381092199875e+01
-1.727999999999999758e+01,-1.137390261523199797e+01
-1.717999999999999616e+01,-1.130808141954199719e+01
-1.707999999999999829e+01,-1.124226022385199819e+01
-1.697999999999999687e+01,-1.117643902816199741e+01
-1.687999999999999901e+01,-1.111061783247200019e+01
-1.677999999999999758e+01,-1.104479663678199763e+01
-1.667999999999999616e+01,-1.097897544109199686e+01
-1.657999999999999829e+01,-1.091315424540199963e+01
-1.647999999999999687e+01,-1.084733304971199885e+01
-1.637999999999999901e+01,-1.078151185402199985e+01
-1.627999999999999758e+01,-1.071569065833199907e+01
-1.617999999999999616e+01,-1.064986946264199830e+01
-1.607999999999999829e+01,-1.058404826695199930e+01
-1.597999999999999687e+01,-1.051822707126199852e+01
-1.587999999999999723e+01,-1.045240587557199774e+01
-1.577999999999999758e+01,-1.038658467988199874e+01
-1.567999999999999794e+01,-1.032076348419199796e+01
-1.557999999999999829e+01,-1.025494228850199896e+01
-1.547999999999999687e+01,-1.018912109281199818e+01
-1.537999999999999723e+01,-1.012329989712199740e+01
-1.527999999999999758e+01,-1.005747870143199840e+01
-1.517999999999999794e+01,-9.991657505741999401e+00
-1.507999999999999829e+01,-9.925836310051998623e+00
-1.497999999999999687e+01,-9.860015114361997846e+00
-1.487999999999999723e+01,-9.794193918671998844e+00
-1.477999999999999758e+01,-9.728372722981998066e+00
-1.467999999999999794e+01,-9.662551527291999065e+00
-1.457999999999999829e+01,-9.596730331601998287e+00
-1.447999999999999687e+01,-9.530909135911997510e+00
-1.437999999999999723e+01,-9.465087940221998508e+00
-1.427999999999999758e+01,-9.399266744531997730e+00
-1.417999999999999794e+01,-9.333445548841998729e+00
-1.407999999999999829e+01,-9.267624353151999728e+00
-1.397999999999999687e+01,-9.201803157461997174e+00
-1.387999999999999723e+01,-9.135981961771998172e+00
-1.377999999999999758e+01,-9.070160766081999171e+00
-1.367999999999999794e+01,-9.004339570391998393e+00
-1.357999999999999829e+01,-8.938518374701999392e+00
-1.347999999999999687e+01,-8.872697179011998614e+00
-1.337999999999999723e+01,-8.806875983321997836e+00
-1.327999999999999758e+01,-8.741054787631998835e+00
-1.317999999999999794e+01,-8.675233591941998057e+00
-1.307999999999999829e+01,-8.609412396251999056e+00
-1.297999999999999687e+01,-8.543591200561998278e+00
-1.287999999999999723e+01,-8.477770004871997500e+00
-1.277999999999999758e+01,-8.411948809181998499e+00
-1.267999999999999794e+01,-8.346127613491999497e+00
-1.257999999999999829e+01,-8.280306417801998720e+00
-1.247999999999999687e+01,-8.214485222111997942e+00
-1.237999999999999723e+01,-8.148664026421998940e+00
-1.227999999999999758e+01,-8.082842830731998163e+00
-1.217999999999999794e+01,-8.017021635041999161e+00
-1.207999999999999829e+01,-7.951200439351999272e+00
-1.197999999999999687e+01,-7.885379243661997606e+00
-1.187999999999999723e+01,-7.819558047971998604e+00
-1.177999999999999758e+01,-7.753736852281998715e+00
-1.167999999999999794e+01,-7.687915656591998825e+00
-1.157999999999999829e+01,-7.622094460901998936e+00
-1.147999999999999687e+01,-7.556273265211998158e+00
-1.137999999999999723e+01,-7.490452069521998268e+00
-1.127999999999999758e+01,-7.424630873831998379e+00
-1.117999999999999794e+01,-7.358809678141998489e+00
-1.107999999999999829e+01,-7.292988482451998600e+00
-1.097999999999999687e+01,-7.227167286761997822e+00
-1.087999999999999723e+01,-7.161346091071997932e+00
-1.077999999999999758e+01,-7.095524895381998043e+00
-1.067999999999999794e+01,-7.029703699691999041e+00
-1.057999999999999829e+01,-6.963882504001999152e+00
-1.047999999999999687e+01,-6.898061308311998374e+00
-1.037999999999999723e+01,-6.832240112621998485e+00
-1.027999999999999758e+01,-6.766418916931998595e+00
-1.017999999999999794e+01,-6.700597721241998705e+00
-1.007999999999999829e+01,-6.634776525551998816e+00
-9.979999999999996874e+00,-6.568955329861998038e+00
-9.879999999999997229e+00,-6.503134134171998149e+00
-9.779999999999997584e+00,-6.437312938481998259e+00
-9.679999999999997939e+00,-6.371491742791998369e+00
-9.579999999999998295e+00,-6.305670547101999368e+00
-9.479999999999996874e+00,-6.239849351411997702e+00
-9.379999999999997229e+00,-6.174028155721997813e+00
-9.279999999999997584e+00,-6.108206960031998811e+00
-9.179999999999997939e+00,-6.042385764341998922e+00
-9.079999999999998295e+00,-5.976564568651999032e+00
-8.979999999999996874e+00,-5.910743372961998254e+00
-8.879999999999997229e+00,-5.844922177271998365e+00
-8.779999999999997584e+00,-5.779100981581998475e+00
-8.679999999999997939e+00,-5.713279785891998586e+00
-8.579999999999998295e+00,-5.647458590201998696e+00
-8.479999999999996874e+00,-5.581637394511997918e+00
-8.379999999999997229e+00,-5.515816198821998029e+00
-8.279999999999997584e+00,-5.449995003131998139e+00
-8.179999999999997939e+00,-5.384173807441998250e+00
-8.079999999999998295e+00,-5.318352611751999248e+00
-7.979999999999997762e+00,-5.252531416061998470e+00
-7.879999999999997229e+00,-5.186710220371998581e+00
-7.779999999999997584e+00,-5.120889024681998691e+00
-7.679999999999997051e+00,-5.055067828991997914e+00
-7.579999999999997407e+00,-4.989246633301998024e+00
-7.479999999999997762e+00,-4.923425437611998134e+00
-7.379999999999997229e+00,-4.857604241921998245e+00
-7.279999999999997584e+00,-4.791783046231998355e+00
-7.179999999999997051e+00,-4.725961850541998466e+00
-7.079999999999997407e+00,-4.660140654851998576e+00
-6.979999999999997762e+00,-4.594319459161998687e+00
-6.879999999999997229e+00,-4.528498263471997909e+00
-6.779999999999997584e+00,-4.462677067781998019e+00
-6.679999999999997051e+00,-4.396855872091998130e+00
-6.579999999999997407e+00,-4.331034676401998240e+00
-6.479999999999997762e+00,-4.265213480711998351e+00
-6.379999999999997229e+00,-4.199392285021998461e+00
-6.279999999999997584e+00,-4.133571089331998571e+00
-6.179999999999997051e+00,-4.067749893641997794e+00
-6.079999999999997407e+00,-4.001928697951997904e+00
-5.979999999999997762e+00,-3.936107502261998459e+00
-5.879999999999997229e+00,-3.870286306571998125e+00
-5.779999999999997584e+00,-3.804465110881998235e+00
-5.679999999999997051e+00,-3.738643915191997902e+00
-5.579999999999997407e+00,-3.672822719501998456e+00
-5.479999999999997762e+00,-3.607001523811998567e+00
-5.379999999999997229e+00,-3.541180328121998233e+00
-5.279999999999997584e+00,-3.475359132431998344e+00
-5.179999999999997051e+00,-3.409537936741998010e+00
-5.079999999999997407e+00,-3.343716741051998120e+00
-4.979999999999997762e+00,-3.277895545361998675e+00
-4.879999999999997229e+00,-3.212074349671998341e+00
-4.779999999999997584e+00,-3.146253153981998452e+00
-4.679999999999997051e+00,-3.080431958291998118e+00
-4.579999999999997407e+00,-3.014610762601998228e+00
-4.479999999999997762e+00,-2.948789566911998339e+00
-4.379999999999997229e+00,-2.882968371221998005e+00
-4.279999999999997584e+00,-2.817147175531998560e+00
-4.179999999999997051e+00,-2.751325979841998226e+00
-4.079999999999997407e+00,-2.685504784151998336e+00
-3.979999999999997318e+00,-2.619683588461998447e+00
-3.879999999999997229e+00,-2.553862392771998113e+00
-3.779999999999997584e+00,-2.488041197081998224e+00
-3.679999999999997495e+00,-2.422220001391998334e+00
-3.579999999999997407e+00,-2.356398805701998445e+00
-3.479999999999997318e+00,-2.290577610011998111e+00
-3.379999999999997229e+00,-2.224756414321998221e+00
-3.279999999999997584e+00,-2.158935218631998332e+00
-3.179999999999997495e+00,-2.093114022941998442e+00
-3.079999999999997407e+00,-2.027292827251998109e+00
-2.979999999999997318e+00,-1.961471631561998219e+00
-2.879999999999997229e+00,-1.895650435871998107e+00
-2.779999999999997140e+00,-1.829829240181998218e+00
-2.679999999999997495e+00,-1.764008044491998328e+00
-2.579999999999997407e+00,-1.698186848801998217e+00
-2.479999999999997318e+00,-1.632365653111998327e+00
-2.379999999999997229e+00,-1.566544457421998215e+00
-2.279999999999997140e+00,-1.500723261731998104e+00
-2.179999999999997495e+00,-1.434902066041998436e+00
-2.079999999999997407e+00,-1.369080870351998325e+00
-1.979999999999997318e+00,-1.303259674661998213e+00
-1.879999999999997229e+00,-1.237438478971998101e+00
-1.779999999999997362e+00,-1.171617283281998212e+00
-1.679999999999997273e+00,-1.105796087591998322e+00
-1.579999999999997407e+00,-1.039974891901998211e+00
-1.479999999999997318e+00,-9.741536962119982102e-01
-1.379999999999997229e+00,-9.083325005219982096e-01
-1.279999999999997362e+00,-8.425113048319983200e-01
-1.179999999999997273e+00,-7.766901091419982084e-01
-1.079999999999997407e+00,-7.108689134519983188e-01
-9.799999999999973177e-01,-6.450477177619982072e-01
-8.799999999999973399e-01,-5.792265220719982066e-01
-7.799999999999973621e-01,-5.134053263819983171e-01
-6.799999999999972733e-01,-4.475841306919982054e-01
-5.799999999999972955e-01,-3.817629350019982049e-01
-4.799999999999973177e-01,-3.159417393119982598e-01
-3.799999999999972844e-01,-2.501205436219982037e-01
-2.799999999999973066e-01,-1.842993479319982308e-01
-1.799999999999973010e-01,-1.184781522419982303e-01
-7.999999999999729550e-02,-5.265695655199822273e-02
2.000000000000270658e-02,1.316423913800178133e-02
1.200000000000027156e-01,7.898543482800178539e-02
2.200000000000027212e-01,1.448066305180017999e-01
3.200000000000027267e-01,2.106278262080018004e-01
4.200000000000027045e-01,2.764490218980018010e-01
5.200000000000026823e-01,3.422702175880017461e-01
6.200000000000027711e-01,4.080914132780018022e-01
7.200000000000027489e-01,4.739126089680018028e-01
8.200000000000027267e-01,5.397338046580018034e-01
9.200000000000027045e-01,6.055550003480018040e-01
1.020000000000002682e+00,6.713761960380018046e-01
1.120000000000002771e+00,7.371973917280018052e-01
1.220000000000002638e+00,8.030185874180016947e-01
1.320000000000002727e+00,8.688397831080018063e-01
1.420000000000002816e+00,9.346609787980018069e-01
1.520000000000002682e+00,1.000482174488001696e+00
1.620000000000002771e+00,1.066303370178001808e+00
1.720000000000002638e+00,1.132124565868001698e+00
1.820000000000002727e+00,1.197945761558001809e+00
1.920000000000002816e+00,1.263766957248001921e+00
2.020000000000002682e+00,1.329588152938001810e+00
2.120000000000002771e+00,1.395409348628001922e+00
2.220000000000002860e+00,1.461230544318001812e+00
2.320000000000002949e+00,1.527051740008001923e+00
2.420000000000002593e+00,1.592872935698001813e+00
2.520000000000002682e+00,1.658694131388001702e+00
2.620000000000002771e+00,1.724515327078001814e+00
2.720000000000002860e+00,1.790336522768001926e+00
2.820000000000002949e+00,1.856157718458002037e+00
2.920000000000002593e+00,1.921978914148001705e+00
3.020000000000002682e+00,1.987800109838001816e+00
3.120000000000002771e+00,2.053621305528001706e+00
3.220000000000002860e+00,2.119442501218002040e+00
3.320000000000002949e+00,2.185263696908001929e+00
3.420000000000002593e+00,2.251084892598001819e+00
3.520000000000002682e+00,2.316906088288001708e+00
3.620000000000002771e+00,2.382727283978002042e+00
3.720000000000002860e+00,2.448548479668001931e+00
3.820000000000002949e+00,2.514369675358001821e+00
3.920000000000002593e+00,2.580190871048001711e+00
4.020000000000003126e+00,2.646012066738002044e+00
4.120000000000002771e+00,2.711833262428001934e+00
4.220000000000002416e+00,2.777654458118001823e+00
4.320000000000002949e+00,2.843475653808002157e+00
4.420000000000002593e+00,2.909296849498001603e+00
4.520000000000003126e+00,2.975118045188001936e+00
4.620000000000002771e+00,3.040939240878001826e+00
4.720000000000002416e+00,3.106760436568001715e+00
4.820000000000002949e+00,3.172581632258002049e+00
4.920000000000002593e+00,3.238402827948001939e+00
5.020000000000003126e+00,3.304224023638002272e+00
5.120000000000002771e+00,3.370045219328001718e+00
5.220000000000002416e+00,3.435866415018001607e+00
5.320000000000002949e+00,3.501687610708001941e+00
5.420000000000002593e+00,3.567508806398001830e+00
5.520000000000003126e+00,3.633330002088002164e+00
5.620000000000002771e+00,3.699151197778002054e+00
5.720000000000002416e+00,3.764972393468001499e+00
5.820000000000002949e+00,3.830793589158001833e+00
5.920000000000002593e+00,3.896614784848001722e+00
6.020000000000003126e+00,3.962435980538002056e+00
6.120000000000002771e+00,4.028257176228001946e+00
6.220000000000002416e+00,4.094078371918001835e+00
6.320000000000002949e+00,4.159899567608001725e+00
6.420000000000002593e+00,4.225720763298001614e+00
6.520000000000003126e+00,4.291541958988002392e+00
6.620000000000002771e+00,4.357363154678002282e+00
6.720000000000002416e+00,4.423184350368001283e+00
6.820000000000002949e+00,4.489005546058002061e+00
6.920000000000002593e+00,4.554826741748001950e+00
7.020000000000003126e+00,4.620647937438001840e+00
7.120000000000002771e+00,4.686469133128001729e+00
7.220000000000002416e+00,4.752290328818001619e+00
7.320000000000002949e+00,4.818111524508002397e+00
7.420000000000002593e+00,4.883932720198001398e+00
7.520000000000003126e+00,4.949753915888002176e+00
7.620000000000002771e+00,5.015575111578002065e+00
7.720000000000003304e+00,5.081396307268001955e+00
7.820000000000002949e+00,5.147217502958001845e+00
7.920000000000002593e+00,5.213038698648001734e+00
8.020000000000003126e+00,5.278859894338002512e+00
8.120000000000002771e+00,5.344681090028001513e+00
8.220000000000002416e+00,5.410502285718001403e+00
8.320000000000002061e+00,5.476323481408001292e+00
8.420000000000003482e+00,5.542144677098002070e+00
8.520000000000003126e+00,5.607965872788001960e+00
8.620000000000002771e+00,5.673787068478001849e+00
8.720000000000002416e+00,5.739608264168001739e+00
8.820000000000002061e+00,5.805429459858001628e+00
8.920000000000003482e+00,5.871250655548002406e+00
9.020000000000003126e+00,5.937071851238002296e+00
9.120000000000002771e+00,6.002893046928002185e+00
9.220000000000002416e+00,6.068714242618002075e+00
9.320000000000002061e+00,6.134535438308001076e+00
9.420000000000003482e+00,6.200356633998002742e+00
9.520000000000003126e+00,6.266177829688001744e+00
9.620000000000002771e+00,6.331999025378001633e+00
9.720000000000002416e+00,6.397820221068001523e+00
9.820000000000002061e+00,6.463641416758001412e+00
9.920000000000003482e+00,6.529462612448002190e+00
1.002000000000000313e+01,6.595283808138002080e+00
1.012000000000000277e+01,6.661105003828001969e+00
1.022000000000000242e+01,6.726926199518001859e+00
1.032000000000000206e+01,6.792747395208001748e+00
1.042000000000000348e+01,6.858568590898002526e+00
1.052000000000000313e+01,6.924389786588002416e+00
1.062000000000000277e+01,6.990210982278002305e+00
1.072000000000000242e+01,7.056032177968001307e+00
1.082000000000000206e+01,7.121853373658001196e+00
1.092000000000000348e+01,7.187674569348001974e+00
1.102000000000000313e+01,7.253495765038001863e+00
1.112000000000000277e+01,7.319316960728001753e+00
1.122000000000000242e+01,7.385138156418001643e+00
1.132000000000000206e+01,7.450959352108001532e+00
1.142000000000000348e+01,7.516780547798002310e+00
1.152000000000000313e+01,7.582601743488002199e+00
1.162000000000000277e+01,7.648422939178002089e+00
1.172000000000000242e+01,7.714244134868001979e+00
1.182000000000000384e+01,7.780065330558002756e+00
1.192000000000000348e+01,7.845886526248002646e+00
1.202000000000000313e+01,7.911707721938002535e+00
1.212000000000000277e+01,7.977528917628001537e+00
1.222000000000000242e+01,8.043350113318002315e+00
1.232000000000000384e+01,8.109171309008003092e+00
1.242000000000000348e+01,8.174992504698002094e+00
1.252000000000000313e+01,8.240813700388002871e+00
1.262000000000000277e+01,8.306634896078001873e+00
1.272000000000000242e+01,8.372456091768000874e+00
1.282000000000000384e+01,8.438277287458003428e+00
1.292000000000000348e+01,8.504098483148002430e+00
1.302000000000000313e+01,8.569919678838001431e+00
1.312000000000000277e+01,8.635740874528002209e+00
1.322000000000000242e+01,8.701562070218001210e+00
1.332000000000000384e+01,8.767383265908001988e+00
1.342000000000000348e+01,8.833204461598002766e+00
1.352000000000000313e+01,8.899025657288001767e+00
1.362000000000000277e+01,8.964846852978002545e+00
1.372000000000000242e+01,9.030668048668001546e+00
1.382000000000000384e+01,9.096489244358002324e+00
1.392000000000000348e+01,9.162310440048003102e+00
1.402000000000000313e+01,9.228131635738002103e+00
1.412000000000000277e+01,9.293952831428001105e+00
1.422000000000000242e+01,9.359774027118001882e+00
1.432000000000000384e+01,9.425595222808002660e+00
1.442000000000000348e+01,9.491416418498001661e+00
1.452000000000000313e+01,9.557237614188002439e+00
1.462000000000000277e+01,9.623058809878001441e+00
1.472000000000000242e+01,9.688880005568002218e+00
1.482000000000000384e+01,9.754701201258002996e+00
1.492000000000000348e+01,9.820522396948001997e+00
1.502000000000000313e+01,9.886343592638002775e+00
1.512000000000000277e+01,9.952164788328001777e+00
1.522000000000000242e+01,1.001798598401800255e+01
1.532000000000000384e+01,1.008380717970800333e+01
1.542000000000000348e+01,1.014962837539800233e+01
1.552000000000000313e+01,1.021544957108800133e+01
1.562000000000000277e+01,1.028127076677800211e+01
1.572000000000000242e+01,1.034709196246800111e+01
1.582000000000000384e+01,1.041291315815800189e+01
1.592000000000000348e+01,1.047873435384800267e+01
1.602000000000000313e+01,1.054455554953800167e+01
1.612000000000000455e+01,1.061037674522800245e+01
1.622000000000000242e+01,1.067619794091800145e+01
1.632000000000000384e+01,1.074201913660800223e+01
1.642000000000000171e+01,1.080784033229800123e+01
1.652000000000000313e+01,1.087366152798800201e+01
1.662000000000000455e+01,1.093948272367800278e+01
1.672000000000000242e+01,1.100530391936800179e+01
1.682000000000000384e+01,1.107112511505800256e+01
1.692000000000000171e+01,1.113694631074800157e+01
1.702000000000000313e+01,1.120276750643800234e+01
1.712000000000000455e+01,1.126858870212800312e+01
1.722000000000000242e+01,1.133440989781800212e+01
1.732000000000000384e+01,1.140023109350800290e+01
1.742000000000000171e+01,1.146605228919800190e+01
1.752000000000000313e+01,1.153187348488800268e+01
1.762000000000000455e+01,1.159769468057800346e+01
1.772000000000000242e+01,1.166351587626800246e+01
1.782000000000000384e+01,1.172933707195800324e+01
1.792000000000000171e+01,1.179515826764800046e+01
1.802000000000000313e+01,1.186097946333800301e+01
1.812000000000000455e+01,1.192680065902800379e+01
1.822000000000000242e+01,1.199262185471800102e+01
1.832000000000000384e+01,1.205844305040800180e+01
1.842000000000000171e+01,1.212426424609800080e+01
1.852000000000000313e+01,1.219008544178800157e+01
1.862000000000000455e+01,1.225590663747800235e+01
1.872000000000000242e+01,1.232172783316800135e+01
1.882000000000000384e+01,1.238754902885800213e+01
1.892000000000000171e+01,1.245337022454800113e+01
1.902000000000000313e+01,1.251919142023800191e+01
1.912000000000000455e+01,1.258501261592800269e+01
1.922000000000000242e+01,1.265083381161800169e+01
1.932000000000000384e+01,1.271665500730800247e+01
1.942000000000000171e+01,1.278247620299800147e+01
1.952000000000000313e+01,1.284829739868800225e+01
1.962000000000000455e+01,1.291411859437800302e+01
1.972000000000000242e+01,1.297993979006800203e+01
1.982000000000000384e+01,1.304576098575800280e+01
1.992000000000000171e+01,1.311158218144800180e+01
2.002000000000000313e+01,1.317740337713800258e+01
2.012000000000000455e+01,1.324322457282800336e+01
2.022000000000000242e+01,1.330904576851800236e+01
2.032000000000000384e+01,1.337486696420800314e+01
2.042000000000000171e+01,1.344068815989800036e+01
2.052000000000000313e+01,1.350650935558800292e+01
2.062000000000000455e+01,1.357233055127800370e+01
2.072000000000000242e+01,1.363815174696800092e+01
2.082000000000000384e+01,1.370397294265800348e+01
2.092000000000000171e+01,1.376979413834800070e+01
2.102000000000000313e+01,1.383561533403800148e+01
2.112000000000000455e+01,1.390143652972800226e+01
2.122000000000000242e+01,1.396725772541800126e+01
2.132000000000000384e+01,1.403307892110800204e+01
2.142000000000000171e+01,1.409890011679800104e+01
2.152000000000000313e+01,1.416472131248800181e+01
2.162000000000000455e+01,1.423054250817800259e+01
2.172000000000000242e+01,1.429636370386800159e+01
2.182000000000000384e+01,1.436218489955800237e+01
2.192000000000000171e+01,1.442800609524800137e+01
2.202000000000000313e+01,1.449382729093800215e+01
2.212000000000000455e+01,1.455964848662800293e+01
2.222000000000000242e+01,1.462546968231800193e+01
2.232000000000000384e+01,1.469129087800800271e+01
2.242000000000000171e+01,1.475711207369800171e+01
2.252000000000000313e+01,1.482293326938800249e+01
2.262000000000000455e+01,1.488875446507800326e+01
2.272000000000000242e+01,1.495457566076800227e+01
2.282000000000000384e+01,1.502039685645800304e+01
2.292000000000000171e+01,1.508621805214800204e+01
2.302000000000000313e+01,1.515203924783800282e+01
2.312000000000000455e+01,1.521786044352800360e+01
2.322000000000000242e+01,1.528368163921800260e+01
2.332000000000000384e+01,1.534950283490800338e+01
2.342000000000000171e+01,1.541532403059800060e+01
2.352000000000000313e+01,1.548114522628800138e+01
2.362000000000000455e+01,1.554696642197800394e+01
2.372000000000000242e+01,1.561278761766800116e+01
2.382000000000000384e+01,1.567860881335800194e+01
2.392000000000000171e+01,1.574443000904800094e+01
2.402000000000000313e+01,1.581025120473800172e+01
2.412000000000000455e+01,1.587607240042800250e+01
2.422000000000000242e+01,1.594189359611800150e+01
2.432000000000000384e+01,1.600771479180800227e+01
2.442000000000000171e+01,1.607353598749800128e+01
2.452000000000000313e+01,1.613935718318800383e+01
2.462000000000000455e+01,1.620517837887800283e+01
2.472000000000000242e+01,1.627099957456800183e+01
2.482000000000000384e+01,1.633682077025800439e+01
2.492000000000000171e+01,1.640264196594799984e+01
2.502000000000000313e+01,1.646846316163800239e+01
2.512000000000000455e+01,1.653428435732800139e+01
2.522000000000000242e+01,1.660010555301800039e+01
2.532000000000000384e+01,1.666592674870800295e+01
2.542000000000000171e+01,1.673174794439800195e+01
2.552000000000000313e+01,1.679756914008800095e+01
2.562000000000000455e+01,1.686339033577800350e+01
2.572000000000000242e+01,1.692921153146800251e+01
2.582000000000000384e+01,1.699503272715800151e+01
2.592000000000000171e+01,1.706085392284800051e+01
2.602000000000000313e+01,1.712667511853800306e+01
2.612000000000000455e+01,1.719249631422800206e+01
2.622000000000000242e+01,1.725831750991800106e+01
2.632000000000000384e+01,1.732413870560800362e+01
2.642000000000000171e+01,1.738995990129800262e+01
2.652000000000000313e+01,1.745578109698800162e+01
2.662000000000000455e+01,1.752160229267800418e+01
2.672000000000000242e+01,1.758742348836800318e+01
2.682000000000000384e+01,1.765324468405800218e+01
2.692000000000000171e+01,1.771906587974800118e+01
2.702000000000000313e+01,1.778488707543800373e+01
2.712000000000000455e+01,1.785070827112800274e+01
2.722000000000000242e+01,1.791652946681800174e+01
2.732000000000000384e+01,1.798235066250800429e+01
2.742000000000000171e+01,1.804817185819799974e+01
2.752000000000000313e+01,1.811399305388800229e+01
2.762000000000000455e+01,1.817981424957800485e+01
2.772000000000000242e+01,1.824563544526800030e+01
2.782000000000000384e+01,1.831145664095800285e+01
2.792000000000000171e+01,1.837727783664800185e+01
2.802000000000000313e+01,1.844309903233800085e+01
2.812000000000000455e+01,1.850892022802800341e+01
2.822000000000000242e+01,1.857474142371800241e+01
2.832000000000000384e+01,1.864056261940800141e+01
2.842000000000000171e+01,1.870638381509800041e+01
2.852000000000000313e+01,1.877220501078800297e+01
2.862000000000000455e+01,1.883802620647800197e+01
2.872000000000000242e+01,1.890384740216800097e+01
2.882000000000000384e+01,1.896966859785800352e+01
2.892000000000000171e+01,1.903548979354800252e+01
2.902000000000000313e+01,1.910131098923800153e+01
2.912000000000000455e+01,1.916713218492800408e+01
2.922000000000000242e+01,1.923295338061800308e+01
2.932000000000000384e+01,1.929877457630800208e+01
2.942000000000000171e+01,1.936459577199800108e+01
2.952000000000000313e+01,1.943041696768800364e+01
2.962000000000000455e+01,1.949623816337800264e+01
2.972000000000000242e+01,1.956205935906800164e+01
2.982000000000000384e+01,1.962788055475800419e+01
2.992000000000000171e+01,1.969370175044799964e+01
3.002000000000000313e+01,1.975952294613800220e+01
3.012000000000000455e+01,1.982534414182800475e+01
3.022000000000000242e+01,1.989116533751800020e+01
3.032000000000000384e+01,1.995698653320800275e+01
3.042000000000000171e+01,2.002280772889800176e+01
3.052000000000000313e+01,2.008862892458800076e+01
3.062000000000000455e+01,2.015445012027800331e+01
3.072000000000000242e+01,2.022027131596800231e+01
3.082000000000000384e+01,2.028609251165800131e+01
3.092000000000000171e+01,2.035191370734800032e+01
3.102000000000000313e+01,2.041773490303800287e+01
3.112000000000000455e+01,2.048355609872800187e+01
3.122000000000000242e+01,2.054937729441800087e+01
3.132000000000000384e+01,2.061519849010800343e+01
3.142000000000000171e+01,2.068101968579800243e+01
3.152000000000000313e+01,2.074684088148800143e+01
3.162000000000000455e+01,2.081266207717800398e+01
3.172000000000000242e+01,2.087848327286800298e+01
3.182000000000000384e+01,2.094430446855800199e+01
3.192000000000000171e+01,2.101012566424800099e+01
3.202000000000000313e+01,2.107594685993800354e+01
3.212000000000000455e+01,2.114176805562800254e+01
3.222000000000000597e+01,2.120758925131800510e+01
3.232000000000000028e+01,2.127341044700800055e+01
3.242000000000000171e+01,2.133923164269799955e+01
3.252000000000000313e+01,2.140505283838800210e+01
3.262000000000000455e+01,2.147087403407800466e+01
3.272000000000000597e+01,2.153669522976800366e+01
3.282000000000000028e+01,2.160251642545799911e+01
3.292000000000000171e+01,2.166833762114800166e+01
3.302000000000000313e+01,2.173415881683800066e+01
3.312000000000000455e+01,2.179998001252800321e+01
3.322000000000000597e+01,2.186580120821800577e+01
3.332000000000000028e+01,2.193162240390800122e+01
3.342000000000000171e+01,2.199744359959800022e+01
3.352000000000000313e+01,2.206326479528800277e+01
3.362000000000000455e+01,2.212908599097800177e+01
3.372000000000000597e+01,2.219490718666800433e+01
3.382000000000000028e+01,2.226072838235799978e+01
3.392000000000000171e+01,2.232654957804800233e+01
3.402000000000000313e+01,2.239237077373800133e+01
3.412000000000000455e+01,2.245819196942800389e+01
3.422000000000000597e+01,2.252401316511800289e+01
3.432000000000000028e+01,2.258983436080800189e+01
3.442000000000000171e+01,2.265565555649800089e+01
3.452000000000000313e+01,2.272147675218800345e+01
3.462000000000000455e+01,2.278729794787800245e+01
3.472000000000000597e+01,2.285311914356800500e+01
3.482000000000000028e+01,2.291894033925800045e+01
3.492000000000000171e+01,2.298476153494800300e+01
3.502000000000000313e+01,2.305058273063800200e+01
3.512000000000000455e+01,2.311640392632800456e+01
3.522000000000000597e+01,2.318222512201800356e+01
3.532000000000000028e+01,2.324804631770799901e+01
3.542000000000000171e+01,2.331386751339800156e+01
3.552000000000000313e+01,2.337968870908800056e+01
3.562000000000000455e+01,2.344550990477800312e+01
3.572000000000000597e+01,2.351133110046800567e+01
3.582000000000000028e+01,2.357715229615800112e+01
3.592000000000000171e+01,2.364297349184800012e+01
3.602000000000000313e+01,2.370879468753800268e+01
3.612000000000000455e+01,2.377461588322800168e+01
3.622000000000000597e+01,2.384043707891800423e+01
3.632000000000000028e+01,2.390625827460799968e+01
3.642000000000000171e+01,2.397207947029800224e+01
3.652000000000000313e+01,2.403790066598800124e+01
3.662000000000000455e+01,2.410372186167800379e+01
3.672000000000000597e+01,2.416954305736800279e+01
3.682000000000000028e+01,2.423536425305800179e+01
3.692000000000000171e+01,2.430118544874800079e+01
3.702000000000000313e+01,2.436700664443800335e+01
3.712000000000000455e+01,2.443282784012800235e+01
3.722000000000000597e+01,2.449864903581800490e+01
3.732000000000000028e+01,2.456447023150800035e+01
3.742000000000000171e+01,2.463029142719800291e+01
3.752000000000000313e+01,2.469611262288800191e+01
3.762000000000000455e+01,2.476193381857800446e+01
3.772000000000000597e+01,2.482775501426800346e+01
3.782000000000000028e+01,2.489357620995799891e+01
3.792000000000000171e+01,2.495939740564800147e+01
3.802000000000000313e+01,2.502521860133800402e+01
3.812000000000000455e+01,2.509103979702800302e+01
3.822000000000000597e+01,2.515686099271800558e+01
3.832000000000000028e+01,2.522268218840800102e+01
3.842000000000000171e+01,2.528850338409800003e+01
3.852000000000000313e+01,2.535432457978800258e+01
3.862000000000000455e+01,2.542014577547800158e+01
3.872000000000000597e+01,2.548596697116800414e+01
3.882000000000000028e+01,2.555178816685799958e+01
3.892000000000000171e+01,2.561760936254800214e+01
3.902000000000000313e+01,2.568343055823800114e+01
3.912000000000000455e+01,2.574925175392800369e+01
3.922000000000000597e+01,2.581507294961800270e+01
3.932000000000000028e+01,2.588089414530800170e+01
3.942000000000000171e+01,2.594671534099800070e+01
3.952000000000000313e+01,2.601253653668800325e+01
3.962000000000000455e+01,2.607835773237800225e+01
3.972000000000000597e+01,2.614417892806800481e+01
3.982000000000000028e+01,2.621000012375800026e+01
3.992000000000000171e+01,2.627582131944800281e+01
4.002000000000000313e+01,2.634164251513800181e+01
4.012000000000000455e+01,2.640746371082800437e+01
4.022000000000000597e+01,2.647328490651800337e+01
4.032000000000000028e+01,2.653910610220799882e+01
4.042000000000000171e+01,2.660492729789800137e+01
4.052000000000000313e+01,2.667074849358800392e+01
4.062000000000000455e+01,2.673656968927800293e+01
4.072000000000000597e+01,2.680239088496800548e+01
4.082000000000000028e+01,2.686821208065800093e+01
4.092000000000000171e+01,2.693403327634799993e+01
4.102000000000000313e+01,2.699985447203800248e+01
4.112000000000000455e+01,2.706567566772800149e+01
4.122000000000000597e+01,2.713149686341800404e+01
4.132000000000000028e+01,2.719731805910799949e+01
4.142000000000000171e+01,2.726313925479800204e+01
4.152000000000000313e+01,2.732896045048800104e+01
4.162000000000000455e+01,2.739478164617800360e+01
4.172000000000000597e+01,2.746060284186800260e+01
4.182000000000000028e+01,2.752642403755800160e+01
4.192000000000000171e+01,2.759224523324800060e+01
4.202000000000000313e+01,2.765806642893800316e+01
4.212000000000000455e+01,2.772388762462800216e+01
4.222000000000000597e+01,2.778970882031800471e+01
4.232000000000000028e+01,2.785553001600800016e+01
4.242000000000000171e+01,2.792135121169800271e+01
4.252000000000000313e+01,2.798717240738800172e+01
4.262000000000000455e+01,2.805299360307800427e+01
4.272000000000000597e+01,2.811881479876800327e+01
4.282000000000000028e+01,2.818463599445799872e+01
4.292000000000000171e+01,2.825045719014800127e+01
4.302000000000000313e+01,2.831627838583800383e+01
4.312000000000000455e+01,2.838209958152800283e+01
4.322000000000000597e+01,2.844792077721800538e+01
4.332000000000000028e+01,2.851374197290800083e+01
4.342000000000000171e+01,2.857956316859799983e+01
4.352000000000000313e+01,2.864538436428800239e+01
4.362000000000000455e+01,2.871120555997800494e+01
4.372000000000000597e+01,2.877702675566800394e+01
4.382000000000000028e+01,2.884284795135799939e+01
4.392000000000000171e+01,2.890866914704800195e+01
4.402000000000000313e+01,2.897449034273800095e+01
4.412000000000000455e+01,2.904031153842800350e+01
4.422000000000000597e+01,2.910613273411800250e+01
4.432000000000000028e+01,2.917195392980800150e+01
4.442000000000000171e+01,2.923777512549800051e+01
4.452000000000000313e+01,2.930359632118800306e+01
4.462000000000000455e+01,2.936941751687800206e+01
4.472000000000000597e+01,2.943523871256800462e+01
4.482000000000000028e+01,2.950105990825800006e+01
4.492000000000000171e+01,2.956688110394800262e+01
4.502000000000000313e+01,2.963270229963800162e+01
4.512000000000000455e+01,2.969852349532800417e+01
4.522000000000000597e+01,2.976434469101800318e+01
4.532000000000000028e+01,2.983016588670800218e+01
4.542000000000000171e+01,2.989598708239800118e+01
4.552000000000000313e+01,2.996180827808800373e+01
4.562000000000000455e+01,3.002762947377800273e+01
4.572000000000000597e+01,3.009345066946800529e+01
4.582000000000000028e+01,3.015927186515800074e+01
4.592000000000000171e+01,3.022509306084799974e+01
4.602000000000000313e+01,3.029091425653800229e+01
4.612000000000000455e+01,3.035673545222800485e+01
4.622000000000000597e+01,3.042255664791800385e+01
4.632000000000000028e+01,3.048837784360799930e+01
4.642000000000000171e+01,3.055419903929800185e+01
4.652000000000000313e+01,3.062002023498800085e+01
4.662000000000000455e+01,3.068584143067800341e+01
4.672000000000000597e+01,3.075166262636800596e+01
4.682000000000000028e+01,3.081748382205800141e+01
4.692000000000000171e+01,3.088330501774800041e+01
4.702000000000000313e+01,3.094912621343800296e+01
4.712000000000000455e+01,3.101494740912800196e+01
4.722000000000000597e+01,3.108076860481800452e+01
4.732000000000000028e+01,3.114658980050799997e+01
4.742000000000000171e+01,3.121241099619800252e+01
4.752000000000000313e+01,3.127823219188800152e+01
4.762000000000000455e+01,3.134405338757800408e+01
4.772000000000000597e+01,3.140987458326800308e+01
4.782000000000000028e+01,3.147569577895800208e+01
4.792000000000000171e+01,3.154151697464800108e+01
4.802000000000000313e+01,3.160733817033800364e+01
4.812000000000000455e+01,3.167315936602800264e+01
4.822000000000000597e+01,3.173898056171800519e+01
4.832000000000000028e+01,3.180480175740800064e+01
4.842000000000000171e+01,3.187062295309799964e+01
4.852000000000000313e+01,3.193644414878800220e+01
4.862000000000000455e+01,3.200226534447800475e+01
4.872000000000000597e+01,3.206808654016800375e+01
4.882000000000000028e+01,3.213390773585800275e+01
4.892000000000000171e+01,3.219972893154800175e+01
4.902000000000000313e+01,3.226555012723800075e+01
4.912000000000000455e+01,3.233137132292799976e+01
4.922000000000000597e+01,3.239719251861800586e+01
4.932000000000000028e+01,3.246301371430799776e+01
4.942000000000000171e+01,3.252883490999800387e+01
4.952000000000000313e+01,3.259465610568800287e+01
4.962000000000000455e+01,3.266047730137800187e+01
4.972000000000000597e+01,3.272629849706800087e+01
4.982000000000000028e+01,3.279211969275799987e+01
4.992000000000000171e+01,3.285794088844799887e+01
5.002000000000000313e+01,3.292376208413800498e+01
5.012000000000000455e+01,3.298958327982800398e+01
5.022000000000000597e+01,3.305540447551800298e+01
5.032000000000000028e+01,3.312122567120800198e+01
5.042000000000000171e+01,3.318704686689800099e+01
5.052000000000000313e+01,3.325286806258799999e+01
5.062000000000000455e+01,3.331868925827800609e+01
5.072000000000000597e+01,3.338451045396800509e+01
5.082000000000000028e+01,3.345033164965799699e+01
5.092000000000000171e+01,3.351615284534800310e+01
5.102000000000000313e+01,3.358197404103800210e+01
5.112000000000000455e+01,3.364779523672800110e+01
5.122000000000000597e+01,3.371361643241800721e+01
5.132000000000000028e+01,3.377943762810799910e+01
5.142000000000000171e+01,3.384525882379799810e+01
5.152000000000000313e+01,3.391108001948800421e+01
5.162000000000000455e+01,3.397690121517800321e+01
5.172000000000000597e+01,3.404272241086800221e+01
5.182000000000000028e+01,3.410854360655800122e+01
5.192000000000000171e+01,3.417436480224800022e+01
5.202000000000000313e+01,3.424018599793799922e+01
5.212000000000000455e+01,3.430600719362800533e+01
5.222000000000000597e+01,3.437182838931800433e+01
5.232000000000000028e+01,3.443764958500800333e+01
5.242000000000000171e+01,3.450347078069800233e+01
5.252000000000000313e+01,3.456929197638800133e+01
5.262000000000000455e+01,3.463511317207800033e+01
5.272000000000000597e+01,3.470093436776800644e+01
5.282000000000000028e+01,3.476675556345799833e+01
5.292000000000000171e+01,3.483257675914800444e+01
5.302000000000000313e+01,3.489839795483800344e+01
5.312000000000000455e+01,3.496421915052800244e+01
5.322000000000000597e+01,3.503004034621800145e+01
5.332000000000000028e+01,3.509586154190800045e+01
5.342000000000000171e+01,3.516168273759799945e+01
5.352000000000000313e+01,3.522750393328800556e+01
5.362000000000000455e+01,3.529332512897800456e+01
5.372000000000000597e+01,3.535914632466800356e+01
5.382000000000000028e+01,3.542496752035800256e+01
5.392000000000000171e+01,3.549078871604800156e+01
5.402000000000000313e+01,3.555660991173800056e+01
5.412000000000000455e+01,3.562243110742800667e+01
5.422000000000000597e+01,3.568825230311800567e+01
5.432000000000000739e+01,3.575407349880800467e+01
5.442000000000000171e+01,3.581989469449800367e+01
5.452000000000000313e+01,3.588571589018800267e+01
5.462000000000000455e+01,3.595153708587800168e+01
5.472000000000000597e+01,3.601735828156800778e+01
5.482000000000000739e+01,3.608317947725800678e+01
5.492000000000000171e+01,3.614900067294799868e+01
5.502000000000000313e+01,3.621482186863800479e+01
5.512000000000000455e+01,3.628064306432800379e+01
5.522000000000000597e+01,3.634646426001800279e+01
5.532000000000000739e+01,3.641228545570800179e+01
5.542000000000000171e+01,3.647810665139800079e+01
5.552000000000000313e+01,3.654392784708799979e+01
5.562000000000000455e+01,3.660974904277800590e+01
5.572000000000000597e+01,3.667557023846800490e+01
5.582000000000000739e+01,3.674139143415800390e+01
5.592000000000000171e+01,3.680721262984800290e+01
5.602000000000000313e+01,3.687303382553800191e+01
5.612000000000000455e+01,3.693885502122800091e+01
5.622000000000000597e+01,3.700467621691800701e+01
5.632000000000000739e+01,3.707049741260800602e+01
5.642000000000000171e+01,3.713631860829799791e+01
5.652000000000000313e+01,3.720213980398800402e+01
5.662000000000000455e+01,3.726796099967800302e+01
5.672000000000000597e+01,3.733378219536800202e+01
5.682000000000000739e+01,3.739960339105800813e+01
5.692000000000000171e+01,3.746542458674800002e+01
5.702000000000000313e+01,3.753124578243799903e+01
5.712000000000000455e+01,3.759706697812800513e+01
5.722000000000000597e+01,3.766288817381800413e+01
5.732000000000000739e+01,3.772870936950800314e+01
5.742000000000000171e+01,3.779453056519800214e+01
5.752000000000000313e+01,3.786035176088800114e+01
5.762000000000000455e+01,3.792617295657800014e+01
5.772000000000000597e+01,3.799199415226800625e+01
5.782000000000000739e+01,3.805781534795800525e+01
5.792000000000000171e+01,3.812363654364800425e+01
5.802000000000000313e+01,3.818945773933800325e+01
5.812000000000000455e+01,3.825527893502800225e+01
5.822000000000000597e+01,3.832110013071800125e+01
5.832000000000000739e+01,3.838692132640800736e+01
5.842000000000000171e+01,3.845274252209799926e+01
5.852000000000000313e+01,3.851856371778800536e+01
5.862000000000000455e+01,3.858438491347800436e+01
5.872000000000000597e+01,3.865020610916800337e+01
5.882000000000000739e+01,3.871602730485800237e+01
5.892000000000000171e+01,3.878184850054800137e+01
5.902000000000000313e+01,3.884766969623800037e+01
5.912000000000000455e+01,3.891349089192800648e+01
5.922000000000000597e+01,3.897931208761800548e+01
5.932000000000000739e+01,3.904513328330800448e+01
5.942000000000000171e+01,3.911095447899800348e+01
5.952000000000000313e+01,3.917677567468800248e+01
5.962000000000000455e+01,3.924259687037800148e+01
5.972000000000000597e+01,3.930841806606800759e+01
5.982000000000000739e+01,3.937423926175800659e+01
5.992000000000000171e+01,3.944006045744799849e+01
6.002000000000000313e+01,3.950588165313800459e+01
6.012000000000000455e+01,3.957170284882800360e+01
6.022000000000000597e+01,3.963752404451800260e+01
6.032000000000000739e+01,3.970334524020800870e+01
6.042000000000000171e+01,3.976916643589800060e+01
6.052000000000000313e+01,3.983498763158799960e+01
6.062000000000000455e+01,3.990080882727800571e+01
6.072000000000000597e+01,3.996663002296800471e+01
6.082000000000000739e+01,4.003245121865800371e+01
6.092000000000000171e+01,4.009827241434800271e+01
6.102000000000000313e+01,4.016409361003800171e+01
6.112000000000000455e+01,4.022991480572800072e+01
6.122000000000000597e+01,4.029573600141800682e+01
6.132000000000000739e+01,4.036155719710800582e+01
6.142000000000000171e+01,4.042737839279800482e+01
6.152000000000000313e+01,4.049319958848800383e+01
6.162000000000000455e+01,4.055902078417800283e+01
6.172000000000000597e+01,4.062484197986800183e+01
6.182000000000000739e+01,4.069066317555800794e+01
6.192000000000000171e+01,4.075648437124799983e+01
6.202000000000000313e+01,4.082230556693800594e+01
6.212000000000000455e+01,4.088812676262800494e+01
6.222000000000000597e+01,4.095394795831800394e+01
6.232000000000000739e+01,4.101976915400800294e+01
6.242000000000000171e+01,4.108559034969800194e+01
6.252000000000000313e+01,4.115141154538800095e+01
6.262000000000000455e+01,4.121723274107799995e+01
6.272000000000000597e+01,4.128305393676800605e+01
6.282000000000000739e+01,4.134887513245800506e+01
6.292000000000000171e+01,4.141469632814800406e+01
6.302000000000000313e+01,4.148051752383800306e+01
6.312000000000000455e+01,4.154633871952800206e+01
6.322000000000000597e+01,4.161215991521800106e+01
6.332000000000000739e+01,4.167798111090800717e+01
6.342000000000000171e+01,4.174380230659799906e+01
6.352000000000000313e+01,4.180962350228800517e+01
6.362000000000000455e+01,4.187544469797800417e+01
6.372000000000000597e+01,4.194126589366800317e+01
6.382000000000000739e+01,4.200708708935800217e+01
6.392000000000000171e+01,4.207290828504800118e+01
6.402000000000001023e+01,4.213872948073800728e+01
6.412000000000000455e+01,4.220455067642800628e+01
6.421999999999999886e+01,4.227037187211799818e+01
6.432000000000000739e+01,4.233619306780800429e+01
6.442000000000000171e+01,4.240201426349800329e+01
6.452000000000001023e+01,4.246783545918800939e+01
6.462000000000000455e+01,4.253365665487800129e+01
6.471999999999999886e+01,4.259947785056800029e+01
6.482000000000000739e+01,4.266529904625800640e+01
6.492000000000000171e+01,4.273112024194799830e+01
6.502000000000001023e+01,4.279694143763800440e+01
6.512000000000000455e+01,4.286276263332800340e+01
6.521999999999999886e+01,4.292858382901800240e+01
6.532000000000000739e+01,4.299440502470800851e+01
6.542000000000000171e+01,4.306022622039800041e+01
6.552000000000001023e+01,4.312604741608800651e+01
6.562000000000000455e+01,4.319186861177800552e+01
6.571999999999999886e+01,4.325768980746799741e+01
6.582000000000000739e+01,4.332351100315800352e+01
6.592000000000000171e+01,4.338933219884800252e+01
6.602000000000001023e+01,4.345515339453800863e+01
6.612000000000000455e+01,4.352097459022800052e+01
6.621999999999999886e+01,4.358679578591799952e+01
6.632000000000000739e+01,4.365261698160800563e+01
6.642000000000000171e+01,4.371843817729800463e+01
6.652000000000001023e+01,4.378425937298800363e+01
6.662000000000000455e+01,4.385008056867800263e+01
6.671999999999999886e+01,4.391590176436800164e+01
6.682000000000000739e+01,4.398172296005800774e+01
6.692000000000000171e+01,4.404754415574799964e+01
6.702000000000001023e+01,4.411336535143800575e+01
6.712000000000000455e+01,4.417918654712800475e+01
6.721999999999999886e+01,4.424500774281799664e+01
6.732000000000000739e+01,4.431082893850800275e+01
6.742000000000000171e+01,4.437665013419800175e+01
6.752000000000001023e+01,4.444247132988800786e+01
6.762000000000000455e+01,4.450829252557800686e+01
6.771999999999999886e+01,4.457411372126799876e+01
6.782000000000000739e+01,4.463993491695800486e+01
6.792000000000000171e+01,4.470575611264800386e+01
6.802000000000001023e+01,4.477157730833800997e+01
6.812000000000000455e+01,4.483739850402800187e+01
6.821999999999999886e+01,4.490321969971800087e+01
6.832000000000000739e+01,4.496904089540800697e+01
6.842000000000000171e+01,4.503486209109799887e+01
6.852000000000001023e+01,4.510068328678800498e+01
6.862000000000000455e+01,4.516650448247800398e+01
6.871999999999999886e+01,4.523232567816800298e+01
6.882000000000000739e+01,4.529814687385800198e+01
6.892000000000000171e+01,4.536396806954800098e+01
6.902000000000001023e+01,4.542978926523800709e+01
6.912000000000000455e+01,4.549561046092800609e+01
6.921999999999999886e+01,4.556143165661799799e+01
6.932000000000000739e+01,4.562725285230800409e+01
6.942000000000000171e+01,4.569307404799800310e+01
6.952000000000001023e+01,4.575889524368800920e+01
6.962000000000000455e+01,4.582471643937800110e+01
6.971999999999999886e+01,4.589053763506800010e+01
6.982000000000000739e+01,4.595635883075800621e+01
6.992000000000000171e+01,4.602218002644799810e+01
7.002000000000001023e+01,4.608800122213800421e+01
7.012000000000000455e+01,4.615382241782800321e+01
7.021999999999999886e+01,4.621964361351800221e+01
7.032000000000000739e+01,4.628546480920800832e+01
7.042000000000000171e+01,4.635128600489800021e+01
7.052000000000001023e+01,4.641710720058800632e+01
7.062000000000000455e+01,4.648292839627800532e+01
7.071999999999999886e+01,4.654874959196799722e+01
7.082000000000000739e+01,4.661457078765800333e+01
7.092000000000000171e+01,4.668039198334800233e+01
7.102000000000001023e+01,4.674621317903800843e+01
7.112000000000000455e+01,4.681203437472800033e+01
7.121999999999999886e+01,4.687785557041799933e+01
7.132000000000000739e+01,4.694367676610800544e+01
7.142000000000000171e+01,4.700949796179800444e+01
7.152000000000001023e+01,4.707531915748801055e+01
7.162000000000000455e+01,4.714114035317800244e+01
7.171999999999999886e+01,4.720696154886800144e+01
7.182000000000000739e+01,4.727278274455800755e+01
7.192000000000000171e+01,4.733860394024799945e+01
7.202000000000001023e+01,4.740442513593800555e+01
7.212000000000000455e+01,4.747024633162800455e+01
7.221999999999999886e+01,4.753606752731799645e+01
7.232000000000000739e+01,4.760188872300800256e+01
7.242000000000000171e+01,4.766770991869800156e+01
7.252000000000001023e+01,4.773353111438800767e+01
7.262000000000000455e+01,4.779935231007800667e+01
7.271999999999999886e+01,4.786517350576799856e+01
7.282000000000000739e+01,4.793099470145800467e+01
7.292000000000000171e+01,4.799681589714800367e+01
7.302000000000001023e+01,4.806263709283800978e+01
7.312000000000000455e+01,4.812845828852800167e+01
7.321999999999999886e+01,4.819427948421800068e+01
7.332000000000000739e+01,4.826010067990800678e+01
7.342000000000000171e+01,4.832592187559799868e+01
7.352000000000001023e+01,4.839174307128800478e+01
7.362000000000000455e+01,4.845756426697800379e+01
7.371999999999999886e+01,4.852338546266800279e+01
7.382000000000000739e+01,4.858920665835800179e+01
7.392000000000000171e+01,4.865502785404800079e+01
7.402000000000001023e+01,4.872084904973800690e+01
7.412000000000000455e+01,4.878667024542800590e+01
7.421999999999999886e+01,4.885249144111799779e+01
7.432000000000000739e+01,4.891831263680800390e+01
7.442000000000000171e+01,4.898413383249800290e+01
7.452000000000001023e+01,4.904995502818800901e+01
7.462000000000000455e+01,4.911577622387800091e+01
7.471999999999999886e+01,4.918159741956799991e+01
7.482000000000000739e+01,4.924741861525800601e+01
7.492000000000000171e+01,4.931323981094800502e+01
7.502000000000001023e+01,4.937906100663800402e+01
7.512000000000000455e+01,4.944488220232800302e+01
7.521999999999999886e+01,4.951070339801800202e+01
7.532000000000000739e+01,4.957652459370800813e+01
7.542000000000000171e+01,4.964234578939800002e+01
7.552000000000001023e+01,4.970816698508800613e+01
7.562000000000000455e+01,4.977398818077800513e+01
7.571999999999999886e+01,4.983980937646799703e+01
7.582000000000000739e+01,4.990563057215800313e+01
7.592000000000000171e+01,4.997145176784800213e+01
7.602000000000001023e+01,5.003727296353800824e+01
7.612000000000000455e+01,5.010309415922800014e+01
7.621999999999999886e+01,5.016891535491799914e+01
7.632000000000000739e+01,5.023473655060800525e+01
7.642000000000000171e+01,5.030055774629800425e+01
7.652000000000001023e+01,5.036637894198801035e+01
7.662000000000000455e+01,5.043220013767800225e+01
7.671999999999999886e+01,5.049802133336800125e+01
7.682000000000000739e+01,5.056384252905800736e+01
7.692000000000000171e+01,5.062966372474799925e+01
7.702000000000001023e+01,5.069548492043800536e+01
7.712000000000000455e+01,5.076130611612800436e+01
7.721999999999999886e+01,5.082712731181799626e+01
7.732000000000000739e+01,5.089294850750800236e+01
7.742000000000000171e+01,5.095876970319800137e+01
7.752000000000001023e+01,5.102459089888800747e+01
7.762000000000000455e+01,5.109041209457800647e+01
7.771999999999999886e+01,5.115623329026799837e+01
7.782000000000000739e+01,5.122205448595800448e+01
7.792000000000000171e+01,5.128787568164800348e+01
7.802000000000001023e+01,5.135369687733800959e+01
7.812000000000000455e+01,5.141951807302800148e+01
7.821999999999999886e+01,5.148533926871800048e+01
7.832000000000000739e+01,5.155116046440800659e+01
7.842000000000000171e+01,5.161698166009799849e+01
7.852000000000001023e+01,5.168280285578800459e+01
7.862000000000000455e+01,5.174862405147800359e+01
7.871999999999999886e+01,5.181444524716800260e+01
7.882000000000000739e+01,5.188026644285800870e+01
7.892000000000000171e+01,5.194608763854800060e+01
7.902000000000001023e+01,5.201190883423800670e+01
7.912000000000000455e+01,5.207773002992800571e+01
7.921999999999999886e+01,5.214355122561799760e+01
7.932000000000000739e+01,5.220937242130800371e+01
7.942000000000000171e+01,5.227519361699800271e+01
7.952000000000001023e+01,5.234101481268800882e+01
7.962000000000000455e+01,5.240683600837800071e+01
7.971999999999999886e+01,5.247265720406799971e+01
7.982000000000000739e+01,5.253847839975800582e+01
7.992000000000000171e+01,5.260429959544800482e+01
8.002000000000001023e+01,5.267012079113800382e+01
8.012000000000000455e+01,5.273594198682800283e+01
8.021999999999999886e+01,5.280176318251800183e+01
8.032000000000000739e+01,5.286758437820800793e+01
8.042000000000000171e+01,5.293340557389799983e+01
8.052000000000001023e+01,5.299922676958800594e+01
8.062000000000000455e+01,5.306504796527800494e+01
8.071999999999999886e+01,5.313086916096799683e+01
8.082000000000000739e+01,5.319669035665800294e+01
8.092000000000000171e+01,5.326251155234800194e+01
8.102000000000001023e+01,5.332833274803800805e+01
8.112000000000000455e+01,5.339415394372799994e+01
8.121999999999999886e+01,5.345997513941799895e+01
8.132000000000000739e+01,5.352579633510800505e+01
8.142000000000000171e+01,5.359161753079800405e+01
8.152000000000001023e+01,5.365743872648801016e+01
8.162000000000000455e+01,5.372325992217800206e+01
8.171999999999999886e+01,5.378908111786800106e+01
8.182000000000000739e+01,5.385490231355800717e+01
8.192000000000000171e+01,5.392072350924799906e+01
8.202000000000001023e+01,5.398654470493800517e+01
8.212000000000000455e+01,5.405236590062800417e+01
8.221999999999999886e+01,5.411818709631800317e+01
8.232000000000000739e+01,5.418400829200800217e+01
8.242000000000000171e+01,5.424982948769800117e+01
8.252000000000001023e+01,5.431565068338800728e+01
8.262000000000000455e+01,5.438147187907800628e+01
8.271999999999999886e+01,5.444729307476799818e+01
8.282000000000000739e+01,5.451311427045800428e+01
8.292000000000000171e+01,5.457893546614800329e+01
8.302000000000001023e+01,5.464475666183800939e+01
8.312000000000000455e+01,5.471057785752800129e+01
8.321999999999999886e+01,5.477639905321800029e+01
8.332000000000000739e+01,5.484222024890800640e+01
8.342000000000000171e+01,5.490804144459799829e+01
8.352000000000001023e+01,5.497386264028800440e+01
8.362000000000000455e+01,5.503968383597800340e+01
8.371999999999999886e+01,5.510550503166800240e+01
8.382000000000000739e+01,5.517132622735800851e+01
8.392000000000000171e+01,5.523714742304800041e+01
8.402000000000001023e+01,5.530296861873800651e+01
8.412000000000000455e+01,5.536878981442800551e+01
8.421999999999999886e+01,5.543461101011799741e+01
8.432000000000000739e+01,5.550043220580800352e+01
8.442000000000000171e+01,5.556625340149800252e+01
8.452000000000001023e+01,5.563207459718800862e+01
8.462000000000000455e+01,5.569789579287800052e+01
8.471999999999999886e+01,5.576371698856799952e+01
8.482000000000000739e+01,5.582953818425800563e+01
8.492000000000000171e+01,5.589535937994800463e+01
8.502000000000001023e+01,5.596118057563801074e+01
8.512000000000000455e+01,5.602700177132800263e+01
8.521999999999999886e+01,5.609282296701800163e+01
8.532000000000000739e+01,5.615864416270800774e+01
8.542000000000000171e+01,5.622446535839799964e+01
8.552000000000001023e+01,5.629028655408800574e+01
8.562000000000000455e+01,5.635610774977800475e+01
8.571999999999999886e+01,5.642192894546799664e+01
8.582000000000000739e+01,5.648775014115800275e+01
8.592000000000000171e+01,5.655357133684800175e+01
8.602000000000001023e+01,5.661939253253800786e+01
8.612000000000000455e+01,5.668521372822800686e+01
8.621999999999999886e+01,5.675103492391799875e+01
8.632000000000000739e+01,5.681685611960800486e+01
8.642000000000000171e+01,5.688267731529800386e+01
8.652000000000001023e+01,5.694849851098800997e+01
8.662000000000000455e+01,5.701431970667800186e+01
8.671999999999999886e+01,5.708014090236800087e+01
8.682000000000000739e+01,5.714596209805800697e+01
8.692000000000000171e+01,5.721178329374799887e+01
8.702000000000001023e+01,5.727760448943800498e+01
8.712000000000000455e+01,5.734342568512800398e+01
8.721999999999999886e+01,5.740924688081800298e+01
8.732000000000000739e+01,5.747506807650800198e+01
8.742000000000000171e+01,5.754088927219800098e+01
8.752000000000001023e+01,5.760671046788800709e+01
8.762000000000000455e+01,5.767253166357800609e+01
8.771999999999999886e+01,5.773835285926799799e+01
8.782000000000000739e+01,5.780417405495800409e+01
8.792000000000000171e+01,5.786999525064800309e+01
8.802000000000001023e+01,5.793581644633800920e+01
8.812000000000000455e+01,5.800163764202800110e+01
8.821999999999999886e+01,5.806745883771800010e+01
8.832000000000000739e+01,5.813328003340800620e+01
8.842000000000000171e+01,5.819910122909799810e+01
8.852000000000001023e+01,5.826492242478800421e+01
8.862000000000000455e+01,5.833074362047800321e+01
8.871999999999999886e+01,5.839656481616800221e+01
8.882000000000000739e+01,5.846238601185800832e+01
8.892000000000000171e+01,5.852820720754800021e+01
8.902000000000001023e+01,5.859402840323800632e+01
8.912000000000000455e+01,5.865984959892800532e+01
8.921999999999999886e+01,5.872567079461799722e+01
8.932000000000000739e+01,5.879149199030800332e+01
8.942000000000000171e+01,5.885731318599800233e+01
8.952000000000001023e+01,5.892313438168800843e+01
8.962000000000000455e+01,5.898895557737800033e+01
8.971999999999999886e+01,5.905477677306799933e+01
8.982000000000000739e+01,5.912059796875800544e+01
8.992000000000000171e+01,5.918641916444800444e+01
9.002000000000001023e+01,5.925224036013801054e+01
9.012000000000000455e+01,5.931806155582800244e+01
9.021999999999999886e+01,5.938388275151800144e+01
9.032000000000000739e+01,5.944970394720800755e+01
9.042000000000000171e+01,5.951552514289799944e+01
9.052000000000001023e+01,5.958134633858800555e+01
9.062000000000000455e+01,5.964716753427800455e+01
9.071999999999999886e+01,5.971298872996799645e+01
9.082000000000000739e+01,5.977880992565800256e+01
9.092000000000000171e+01,5.984463112134800156e+01
9.102000000000001023e+01,5.991045231703800766e+01
9.112000000000000455e+01,5.997627351272800666e+01
9.121999999999999886e+01,6.004209470841799856e+01
9.132000000000000739e+01,6.010791590410800467e+01
9.142000000000000171e+01,6.017373709979800367e+01
9.152000000000001023e+01,6.023955829548800978e+01
9.162000000000000455e+01,6.030537949117800167e+01
9.171999999999999886e+01,6.037120068686800067e+01
9.182000000000000739e+01,6.043702188255800678e+01
9.192000000000000171e+01,6.050284307824799868e+01
9.202000000000001023e+01,6.056866427393800478e+01
9.212000000000000455e+01,6.063448546962800378e+01
9.221999999999999886e+01,6.070030666531800279e+01
9.232000000000000739e+01,6.076612786100800889e+01
9.242000000000000171e+01,6.083194905669800079e+01
9.252000000000001023e+01,6.089777025238800690e+01
9.262000000000000455e+01,6.096359144807800590e+01
9.271999999999999886e+01,6.102941264376799779e+01
9.282000000000000739e+01,6.109523383945800390e+01
9.292000000000000171e+01,6.116105503514800290e+01
9.302000000000001023e+01,6.122687623083800901e+01
9.312000000000000455e+01,6.129269742652800090e+01
9.321999999999999886e+01,6.135851862221799990e+01
9.332000000000000739e+01,6.142433981790800601e+01
9.342000000000000171e+01,6.149016101359800501e+01
9.352000000000001023e+01,6.155598220928800401e+01
9.362000000000000455e+01,6.162180340497800302e+01
9.371999999999999886e+01,6.168762460066800202e+01
9.382000000000000739e+01,6.175344579635800812e+01
9.392000000000000171e+01,6.181926699204800002e+01
9.402000000000001023e+01,6.188508818773800613e+01
9.412000000000000455e+01,6.195090938342800513e+01
9.421999999999999886e+01,6.201673057911799702e+01
9.432000000000000739e+01,6.208255177480800313e+01
9.442000000000000171e+01,6.214837297049800213e+01
9.452000000000001023e+01,6.221419416618800824e+01
9.462000000000000455e+01,6.228001536187800014e+01
9.471999999999999886e+01,6.234583655756799914e+01
9.482000000000000739e+01,6.241165775325800524e+01
9.492000000000000171e+01,6.247747894894800424e+01
9.502000000000001023e+01,6.254330014463801035e+01
9.512000000000000455e+01,6.260912134032800225e+01
9.521999999999999886e+01,6.267494253601800125e+01
9.532000000000000739e+01,6.274076373170800736e+01
9.542000000000000171e+01,6.280658492739799925e+01
9.552000000000001023e+01,6.287240612308800536e+01
9.562000000000000455e+01,6.293822731877800436e+01
9.571999999999999886e+01,6.300404851446800336e+01
9.582000000000000739e+01,6.306986971015800236e+01
9.592000000000000171e+01,6.313569090584800136e+01
9.602000000000001023e+01,6.320151210153800747e+01
9.612000000000000455e+01,6.326733329722800647e+01
9.621999999999999886e+01,6.333315449291799837e+01
9.632000000000000739e+01,6.339897568860800448e+01
9.642000000000000171e+01,6.346479688429800348e+01
9.652000000000001023e+01,6.353061807998800958e+01
9.662000000000000455e+01,6.359643927567800148e+01
9.671999999999999886e+01,6.366226047136800048e+01
9.682000000000000739e+01,6.372808166705800659e+01
9.692000000000000171e+01,6.379390286274799848e+01
9.702000000000001023e+01,6.385972405843800459e+01
9.712000000000000455e+01,6.392554525412800359e+01
9.721999999999999886e+01,6.399136644981800259e+01
9.732000000000000739e+01,6.405718764550800870e+01
9.742000000000000171e+01,6.412300884119800060e+01
9.752000000000001023e+01,6.418883003688800670e+01
9.762000000000000455e+01,6.425465123257799860e+01
9.771999999999999886e+01,6.432047242826800471e+01
9.782000000000000739e+01,6.438629362395801081e+01
9.792000000000000171e+01,6.445211481964800271e+01
9.802000000000001023e+01,6.451793601533800881e+01
9.812000000000000455e+01,6.458375721102800071e+01
9.821999999999999886e+01,6.464957840671800682e+01
9.832000000000000739e+01,6.471539960240799871e+01
9.842000000000000171e+01,6.478122079809800482e+01
9.852000000000001023e+01,6.484704199378801093e+01
9.862000000000000455e+01,6.491286318947800282e+01
9.871999999999999886e+01,6.497868438516799472e+01
9.882000000000000739e+01,6.504450558085800083e+01
9.892000000000000171e+01,6.511032677654800693e+01
9.902000000000001023e+01,6.517614797223801304e+01
9.912000000000000455e+01,6.524196916792800494e+01
9.921999999999999886e+01,6.530779036361799683e+01
9.932000000000000739e+01,6.537361155930800294e+01
9.942000000000000171e+01,6.543943275499799483e+01
9.952000000000001023e+01,6.550525395068800094e+01
9.962000000000000455e+01,6.557107514637800705e+01
9.971999999999999886e+01,6.563689634206799894e+01
9.982000000000000739e+01,6.570271753775800505e+01
9.992000000000000171e+01,6.576853873344799695e+01
1.000200000000000102e+02,6.583435992913800305e+01
1.001200000000000045e+02,6.590018112482800916e+01
1.002199999999999989e+02,6.596600232051800106e+01
1.003200000000000074e+02,6.603182351620800716e+01
1.004200000000000017e+02,6.609764471189799906e+01
1.005200000000000102e+02,6.616346590758800517e+01
1.006200000000000045e+02,6.622928710327799706e+01
1.007199999999999989e+02,6.629510829896800317e+01
1.008200000000000074e+02,6.636092949465800928e+01
1.009200000000000017e+02,6.642675069034800117e+01
1.010200000000000102e+02,6.649257188603800728e+01
1.011200000000000045e+02,6.655839308172799917e+01
1.012199999999999989e+02,6.662421427741800528e+01
1.013200000000000074e+02,6.669003547310801139e+01
1.014200000000000017e+02,6.675585666879800328e+01
1.015200000000000102e+02,6.682167786448800939e+01
1.016200000000000045e+02,6.688749906017800129e+01
1.017199999999999989e+02,6.695332025586799318e+01
1.018200000000000074e+02,6.701914145155799929e+01
1.019200000000000017e+02,6.708496264724800540e+01
1.020200000000000102e+02,6.715078384293801150e+01
1.021200000000000045e+02,6.721660503862800340e+01
1.022199999999999989e+02,6.728242623431799529e+01
1.023200000000000074e+02,6.734824743000800140e+01
1.024200000000000017e+02,6.741406862569800751e+01
1.025200000000000102e+02,6.747988982138801362e+01
1.026200000000000045e+02,6.754571101707800551e+01
1.027199999999999989e+02,6.761153221276799741e+01
1.028200000000000074e+02,6.767735340845800351e+01
1.029200000000000017e+02,6.774317460414799541e+01
1.030200000000000102e+02,6.780899579983800152e+01
1.031200000000000045e+02,6.787481699552800762e+01
1.032199999999999989e+02,6.794063819121799952e+01
1.033200000000000074e+02,6.800645938690800563e+01
1.034200000000000017e+02,6.807228058259799752e+01
1.035200000000000102e+02,6.813810177828800363e+01
1.036200000000000045e+02,6.820392297397800974e+01
1.037199999999999989e+02,6.826974416966800163e+01
1.038200000000000074e+02,6.833556536535800774e+01
1.039200000000000017e+02,6.840138656104799963e+01
1.040200000000000102e+02,6.846720775673800574e+01
1.041200000000000045e+02,6.853302895242799764e+01
1.042199999999999989e+02,6.859885014811800374e+01
1.043200000000000074e+02,6.866467134380800985e+01
1.044200000000000017e+02,6.873049253949800175e+01
1.045200000000000102e+02,6.879631373518800785e+01
1.046200000000000045e+02,6.886213493087799975e+01
1.047199999999999989e+02,6.892795612656800586e+01
1.048200000000000074e+02,6.899377732225801196e+01
1.049200000000000017e+02,6.905959851794800386e+01
1.050200000000000102e+02,6.912541971363800997e+01
1.051200000000000045e+02,6.919124090932800186e+01
1.052199999999999989e+02,6.925706210501799376e+01
1.053200000000000074e+02,6.932288330070799987e+01
1.054200000000000017e+02,6.938870449639800597e+01
1.055200000000000102e+02,6.945452569208801208e+01
1.056200000000000045e+02,6.952034688777800397e+01
1.057199999999999989e+02,6.958616808346799587e+01
1.058200000000000074e+02,6.965198927915800198e+01
1.059200000000000017e+02,6.971781047484800808e+01
1.060200000000000102e+02,6.978363167053801419e+01
1.061200000000000045e+02,6.984945286622800609e+01
1.062199999999999989e+02,6.991527406191799798e+01
1.063200000000000074e+02,6.998109525760800409e+01
1.064200000000000017e+02,7.004691645329799599e+01
1.065200000000000102e+02,7.011273764898800209e+01
1.066200000000000045e+02,7.017855884467800820e+01
1.067199999999999989e+02,7.024438004036800010e+01
1.068200000000000074e+02,7.031020123605800620e+01
1.069200000000000017e+02,7.037602243174799810e+01
1.070200000000000102e+02,7.044184362743800421e+01
1.071200000000000045e+02,7.050766482312801031e+01
1.072199999999999989e+02,7.057348601881800221e+01
1.073200000000000074e+02,7.063930721450800831e+01
1.074200000000000017e+02,7.070512841019800021e+01
1.075200000000000102e+02,7.077094960588800632e+01
1.076200000000000045e+02,7.083677080157799821e+01
1.077199999999999989e+02,7.090259199726800432e+01
1.078200000000000074e+02,7.096841319295801043e+01
1.079200000000000017e+02,7.103423438864800232e+01
1.080200000000000102e+02,7.110005558433800843e+01
1.081200000000000045e+02,7.116587678002800033e+01
1.082199999999999989e+02,7.123169797571800643e+01
1.083200000000000074e+02,7.129751917140801254e+01
1.084200000000000017e+02,7.136334036709800444e+01
1.085200000000000102e+02,7.142916156278801054e+01
1.086200000000000045e+02,7.149498275847800244e+01
1.087199999999999989e+02,7.156080395416799433e+01
1.088200000000000074e+02,7.162662514985800044e+01
1.089200000000000017e+02,7.169244634554800655e+01
1.090200000000000102e+02,7.175826754123801265e+01
1.091200000000000045e+02,7.182408873692800455e+01
1.092199999999999989e+02,7.188990993261799645e+01
1.093200000000000074e+02,7.195573112830800255e+01
1.094200000000000017e+02,7.202155232399800866e+01
1.095200000000000102e+02,7.208737351968800056e+01
1.096200000000000045e+02,7.215319471537800666e+01
1.097199999999999989e+02,7.221901591106799856e+01
1.098200000000000074e+02,7.228483710675800467e+01
1.099200000000000017e+02,7.235065830244799656e+01
1.100200000000000102e+02,7.241647949813800267e+01
1.101200000000000045e+02,7.248230069382800878e+01
1.102199999999999989e+02,7.254812188951800067e+01
1.103200000000000074e+02,7.261394308520800678e+01
1.104200000000000017e+02,7.267976428089799867e+01
1.105200000000000102e+02,7.274558547658800478e+01
1.106200000000000045e+02,7.281140667227799668e+01
1.107199999999999989e+02,7.287722786796800278e+01
1.108200000000000074e+02,7.294304906365800889e+01
1.109200000000000017e+02,7.300887025934800079e+01
1.110200000000000102e+02,7.307469145503800689e+01
1.111200000000000045e+02,7.314051265072799879e+01
1.112199999999999989e+02,7.320633384641800490e+01
1.113200000000000074e+02,7.327215504210801100e+01
1.114200000000000017e+02,7.333797623779800290e+01
1.115200000000000102e+02,7.340379743348800901e+01
1.116200000000000045e+02,7.346961862917800090e+01
1.117199999999999989e+02,7.353543982486800701e+01
1.118200000000000074e+02,7.360126102055799890e+01
1.119200000000000017e+02,7.366708221624800501e+01
1.120200000000000102e+02,7.373290341193801112e+01
1.121200000000000045e+02,7.379872460762800301e+01
1.122199999999999989e+02,7.386454580331799491e+01
1.123200000000000074e+02,7.393036699900800102e+01
1.124200000000000017e+02,7.399618819469800712e+01
1.125200000000000102e+02,7.406200939038801323e+01
1.126200000000000045e+02,7.412783058607800513e+01
1.127199999999999989e+02,7.419365178176799702e+01
1.128200000000000074e+02,7.425947297745800313e+01
1.129200000000000017e+02,7.432529417314799502e+01
1.130200000000000102e+02,7.439111536883800113e+01
1.131200000000000045e+02,7.445693656452800724e+01
1.132199999999999989e+02,7.452275776021799913e+01
1.133200000000000074e+02,7.458857895590800524e+01
1.134200000000000017e+02,7.465440015159799714e+01
1.135200000000000102e+02,7.472022134728800324e+01
1.136200000000000045e+02,7.478604254297800935e+01
1.137199999999999989e+02,7.485186373866800125e+01
1.138200000000000074e+02,7.491768493435800735e+01
1.139200000000000017e+02,7.498350613004799925e+01
1.140200000000000102e+02,7.504932732573800536e+01
1.141200000000000045e+02,7.511514852142799725e+01
1.142199999999999989e+02,7.518096971711800336e+01
1.143200000000000074e+02,7.524679091280800947e+01
1.144200000000000017e+02,7.531261210849800136e+01
1.145200000000000102e+02,7.537843330418800747e+01
1.146200000000000045e+02,7.544425449987799936e+01
1.147199999999999989e+02,7.551007569556800547e+01
1.148200000000000074e+02,7.557589689125801158e+01
1.149200000000000017e+02,7.564171808694800347e+01
1.150200000000000102e+02,7.570753928263800958e+01
1.151200000000000045e+02,7.577336047832800148e+01
1.152199999999999989e+02,7.583918167401799337e+01
1.153200000000000074e+02,7.590500286970799948e+01
1.154200000000000017e+02,7.597082406539800559e+01
1.155200000000000102e+02,7.603664526108801169e+01
1.156200000000000045e+02,7.610246645677800359e+01
1.157199999999999989e+02,7.616828765246799549e+01
1.158200000000000074e+02,7.623410884815800159e+01
1.159200000000000017e+02,7.629993004384800770e+01
1.160200000000000102e+02,7.636575123953801381e+01
1.161200000000000045e+02,7.643157243522800570e+01
1.162199999999999989e+02,7.649739363091799760e+01
1.163200000000000074e+02,7.656321482660800370e+01
1.164200000000000017e+02,7.662903602229799560e+01
1.165200000000000102e+02,7.669485721798800171e+01
1.166200000000000045e+02,7.676067841367800781e+01
1.167199999999999989e+02,7.682649960936799971e+01
1.168200000000000074e+02,7.689232080505800582e+01
1.169200000000000017e+02,7.695814200074799771e+01
1.170200000000000102e+02,7.702396319643800382e+01
1.171200000000000045e+02,7.708978439212800993e+01
1.172199999999999989e+02,7.715560558781800182e+01
1.173200000000000074e+02,7.722142678350800793e+01
1.174200000000000017e+02,7.728724797919799983e+01
1.175200000000000102e+02,7.735306917488800593e+01
1.176200000000000045e+02,7.741889037057799783e+01
1.177199999999999989e+02,7.748471156626800393e+01
1.178200000000000074e+02,7.755053276195801004e+01
1.179200000000000017e+02,7.761635395764800194e+01
1.180200000000000102e+02,7.768217515333800804e+01
1.181200000000000045e+02,7.774799634902799994e+01
1.182199999999999989e+02,7.781381754471800605e+01
1.183200000000000074e+02,7.787963874040801215e+01
1.184200000000000017e+02,7.794545993609800405e+01
1.185200000000000102e+02,7.801128113178801016e+01
1.186200000000000045e+02,7.807710232747800205e+01
1.187199999999999989e+02,7.814292352316799395e+01
1.188200000000000074e+02,7.820874471885800006e+01
1.189200000000000017e+02,7.827456591454800616e+01
1.190200000000000102e+02,7.834038711023801227e+01
1.191200000000000045e+02,7.840620830592800417e+01
1.192199999999999989e+02,7.847202950161799606e+01
1.193200000000000074e+02,7.853785069730800217e+01
1.194200000000000017e+02,7.860367189299800827e+01
1.195200000000000102e+02,7.866949308868801438e+01
1.196200000000000045e+02,7.873531428437800628e+01
1.197199999999999989e+02,7.880113548006799817e+01
1.198200000000000074e+02,7.886695667575800428e+01
1.199200000000000017e+02,7.893277787144799618e+01
1.200200000000000102e+02,7.899859906713800228e+01
1.201200000000000045e+02,7.906442026282800839e+01
1.202199999999999989e+02,7.913024145851800029e+01
1.203200000000000074e+02,7.919606265420800639e+01
1.204200000000000017e+02,7.926188384989799829e+01
1.205200000000000102e+02,7.932770504558800440e+01
1.206200000000000045e+02,7.939352624127801050e+01
1.207199999999999989e+02,7.945934743696800240e+01
1.208200000000000074e+02,7.952516863265800851e+01
1.209200000000000017e+02,7.959098982834800040e+01
1.210200000000000102e+02,7.965681102403800651e+01
1.211200000000000045e+02,7.972263221972799840e+01
1.212199999999999989e+02,7.978845341541800451e+01
1.213200000000000074e+02,7.985427461110801062e+01
1.214200000000000017e+02,7.992009580679800251e+01
1.215200000000000102e+02,7.998591700248800862e+01
1.216200000000000045e+02,8.005173819817800052e+01
1.217199999999999989e+02,8.011755939386800662e+01
1.218200000000000074e+02,8.018338058955799852e+01
1.219200000000000017e+02,8.024920178524800463e+01
1.220200000000000102e+02,8.031502298093801073e+01
1.221200000000000045e+02,8.038084417662800263e+01
1.222199999999999989e+02,8.044666537231799452e+01
1.223200000000000074e+02,8.051248656800800063e+01
1.224200000000000017e+02,8.057830776369800674e+01
1.225200000000000102e+02,8.064412895938801285e+01
1.226200000000000045e+02,8.070995015507800474e+01
1.227199999999999989e+02,8.077577135076799664e+01
1.228200000000000074e+02,8.084159254645800274e+01
1.229200000000000017e+02,8.090741374214800885e+01
1.230200000000000102e+02,8.097323493783800075e+01
1.231200000000000045e+02,8.103905613352800685e+01
1.232199999999999989e+02,8.110487732921799875e+01
1.233200000000000074e+02,8.117069852490800486e+01
1.234200000000000017e+02,8.123651972059799675e+01
1.235200000000000102e+02,8.130234091628800286e+01
1.236200000000000045e+02,8.136816211197800897e+01
1.237199999999999989e+02,8.143398330766800086e+01
1.238200000000000074e+02,8.149980450335800697e+01
1.239200000000000017e+02,8.156562569904799886e+01
1.240200000000000102e+02,8.163144689473800497e+01
1.241200000000000045e+02,8.169726809042799687e+01
1.242199999999999989e+02,8.176308928611800297e+01
1.243200000000000074e+02,8.182891048180800908e+01
1.244200000000000017e+02,8.189473167749800098e+01
1.245200000000000102e+02,8.196055287318800708e+01
1.246200000000000045e+02,8.202637406887799898e+01
1.247199999999999989e+02,8.209219526456800509e+01
1.248200000000000074e+02,8.215801646025801119e+01
1.249200000000000017e+02,8.222383765594800309e+01
1.250200000000000102e+02,8.228965885163800920e+01
1.251200000000000045e+02,8.235548004732800109e+01
1.252199999999999989e+02,8.242130124301799299e+01
1.253200000000000074e+02,8.248712243870799909e+01
1.254200000000000017e+02,8.255294363439800520e+01
1.255200000000000102e+02,8.261876483008801131e+01
1.256200000000000045e+02,8.268458602577800320e+01
1.257199999999999989e+02,8.275040722146799510e+01
1.258200000000000074e+02,8.281622841715800121e+01
1.259200000000000017e+02,8.288204961284800731e+01
1.260200000000000102e+02,8.294787080853801342e+01
1.261200000000000045e+02,8.301369200422800532e+01
1.262199999999999989e+02,8.307951319991799721e+01
1.263200000000000074e+02,8.314533439560800332e+01
1.264200000000000017e+02,8.321115559129799522e+01
1.265200000000000102e+02,8.327697678698800132e+01
1.266200000000000045e+02,8.334279798267800743e+01
1.267199999999999989e+02,8.340861917836799933e+01
1.268200000000000074e+02,8.347444037405800543e+01
1.269200000000000017e+02,8.354026156974799733e+01
1.270200000000000102e+02,8.360608276543800343e+01
1.271200000000000045e+02,8.367190396112800954e+01
1.272199999999999989e+02,8.373772515681800144e+01
1.273200000000000074e+02,8.380354635250800754e+01
1.274200000000000017e+02,8.386936754819799944e+01
1.275200000000000102e+02,8.393518874388800555e+01
1.276200000000000045e+02,8.400100993957799744e+01
1.277199999999999989e+02,8.406683113526800355e+01
1.278200000000000074e+02,8.413265233095800966e+01
1.279200000000000017e+02,8.419847352664800155e+01
1.280200000000000102e+02,8.426429472233800766e+01
1.281200000000000045e+02,8.433011591802799956e+01
1.282199999999999989e+02,8.439593711371800566e+01
1.283199999999999932e+02,8.446175830940799756e+01
1.284200000000000159e+02,8.452757950509801788e+01
1.285200000000000102e+02,8.459340070078800977e+01
1.286200000000000045e+02,8.465922189647800167e+01
1.287199999999999989e+02,8.472504309216799356e+01
1.288199999999999932e+02,8.479086428785799967e+01
1.289200000000000159e+02,8.485668548354800578e+01
1.290200000000000102e+02,8.492250667923801188e+01
1.291200000000000045e+02,8.498832787492800378e+01
1.292199999999999989e+02,8.505414907061799568e+01
1.293199999999999932e+02,8.511997026630800178e+01
1.294200000000000159e+02,8.518579146199800789e+01
1.295200000000000102e+02,8.525161265768801400e+01
1.296200000000000045e+02,8.531743385337800589e+01
1.297199999999999989e+02,8.538325504906799779e+01
1.298199999999999932e+02,8.544907624475798968e+01
1.299200000000000159e+02,8.551489744044801000e+01
1.300200000000000102e+02,8.558071863613800190e+01
1.301200000000000045e+02,8.564653983182800800e+01
1.302199999999999989e+02,8.571236102751799990e+01
1.303199999999999932e+02,8.577818222320799180e+01
1.304200000000000159e+02,8.584400341889801211e+01
1.305200000000000102e+02,8.590982461458800401e+01
1.306200000000000045e+02,8.597564581027801012e+01
1.307199999999999989e+02,8.604146700596800201e+01
1.308199999999999932e+02,8.610728820165799391e+01
1.309200000000000159e+02,8.617310939734801423e+01
1.310200000000000102e+02,8.623893059303800612e+01
1.311200000000000045e+02,8.630475178872799802e+01
1.312199999999999989e+02,8.637057298441800413e+01
1.313199999999999932e+02,8.643639418010799602e+01
1.314200000000000159e+02,8.650221537579801634e+01
1.315200000000000102e+02,8.656803657148800824e+01
1.316200000000000045e+02,8.663385776717800013e+01
1.317199999999999989e+02,8.669967896286800624e+01
1.318199999999999932e+02,8.676550015855799813e+01
1.319200000000000159e+02,8.683132135424800424e+01
1.320200000000000102e+02,8.689714254993801035e+01
1.321200000000000045e+02,8.696296374562800224e+01
1.322199999999999989e+02,8.702878494131799414e+01
1.323199999999999932e+02,8.709460613700800025e+01
1.324200000000000159e+02,8.716042733269800635e+01
1.325200000000000102e+02,8.722624852838801246e+01
1.326200000000000045e+02,8.729206972407800436e+01
1.327199999999999989e+02,8.735789091976799625e+01
1.328199999999999932e+02,8.742371211545800236e+01
1.329200000000000159e+02,8.748953331114800847e+01
1.330200000000000102e+02,8.755535450683801457e+01
1.331200000000000045e+02,8.762117570252800647e+01
1.332199999999999989e+02,8.768699689821799836e+01
1.333199999999999932e+02,8.775281809390799026e+01
1.334200000000000159e+02,8.781863928959801058e+01
1.335200000000000102e+02,8.788446048528800247e+01
1.336200000000000045e+02,8.795028168097800858e+01
1.337199999999999989e+02,8.801610287666800048e+01
1.338199999999999932e+02,8.808192407235799237e+01
1.339200000000000159e+02,8.814774526804801269e+01
1.340200000000000102e+02,8.821356646373800459e+01
1.341200000000000045e+02,8.827938765942801069e+01
1.342199999999999989e+02,8.834520885511800259e+01
1.343199999999999932e+02,8.841103005080799448e+01
1.344200000000000159e+02,8.847685124649801480e+01
1.345200000000000102e+02,8.854267244218800670e+01
1.346200000000000045e+02,8.860849363787799859e+01
1.347199999999999989e+02,8.867431483356800470e+01
1.348199999999999932e+02,8.874013602925799660e+01
1.349200000000000159e+02,8.880595722494801691e+01
1.350200000000000102e+02,8.887177842063800881e+01
1.351200000000000045e+02,8.893759961632800071e+01
1.352199999999999989e+02,8.900342081201800681e+01
1.353199999999999932e+02,8.906924200770799871e+01
1.354200000000000159e+02,8.913506320339800482e+01
1.355200000000000102e+02,8.920088439908801092e+01
1.356200000000000045e+02,8.926670559477800282e+01
1.357199999999999989e+02,8.933252679046799472e+01
1.358199999999999932e+02,8.939834798615800082e+01
1.359200000000000159e+02,8.946416918184800693e+01
1.360200000000000102e+02,8.952999037753801304e+01
1.361200000000000045e+02,8.959581157322800493e+01
1.362199999999999989e+02,8.966163276891799683e+01
1.363199999999999932e+02,8.972745396460800293e+01
1.364200000000000159e+02,8.979327516029800904e+01
1.365200000000000102e+02,8.985909635598800094e+01
1.366200000000000045e+02,8.992491755167800704e+01
1.367199999999999989e+02,8.999073874736799894e+01
1.368199999999999932e+02,9.005655994305799084e+01
1.369200000000000159e+02,9.012238113874801115e+01
1.370200000000000102e+02,9.018820233443800305e+01
1.371200000000000045e+02,9.025402353012800916e+01
1.372199999999999989e+02,9.031984472581800105e+01
1.373199999999999932e+02,9.038566592150799295e+01
1.374200000000000159e+02,9.045148711719801327e+01
1.375200000000000102e+02,9.051730831288800516e+01
1.376200000000000045e+02,9.058312950857799706e+01
1.377199999999999989e+02,9.064895070426800316e+01
1.378199999999999932e+02,9.071477189995799506e+01
1.379200000000000159e+02,9.078059309564801538e+01
1.380200000000000102e+02,9.084641429133800727e+01
1.381200000000000045e+02,9.091223548702799917e+01
1.382199999999999989e+02,9.097805668271800528e+01
1.383199999999999932e+02,9.104387787840799717e+01
1.384200000000000159e+02,9.110969907409801749e+01
1.385200000000000102e+02,9.117552026978800939e+01
1.386200000000000045e+02,9.124134146547800128e+01
1.387199999999999989e+02,9.130716266116799318e+01
1.388199999999999932e+02,9.137298385685799929e+01
1.389200000000000159e+02,9.143880505254800539e+01
1.390200000000000102e+02,9.150462624823801150e+01
1.391200000000000045e+02,9.157044744392800339e+01
1.392199999999999989e+02,9.163626863961799529e+01
1.393199999999999932e+02,9.170208983530800140e+01
1.394200000000000159e+02,9.176791103099800750e+01
1.395200000000000102e+02,9.183373222668801361e+01
1.396200000000000045e+02,9.189955342237800551e+01
1.397199999999999989e+02,9.196537461806799740e+01
1.398199999999999932e+02,9.203119581375798930e+01
1.399200000000000159e+02,9.209701700944800962e+01
1.400200000000000102e+02,9.216283820513800151e+01
1.401200000000000045e+02,9.222865940082800762e+01
1.402199999999999989e+02,9.229448059651799952e+01
1.403199999999999932e+02,9.236030179220799141e+01
1.404200000000000159e+02,9.242612298789801173e+01
1.405200000000000102e+02,9.249194418358800363e+01
1.406200000000000045e+02,9.255776537927800973e+01
1.407199999999999989e+02,9.262358657496800163e+01
1.408199999999999932e+02,9.268940777065799352e+01
1.409200000000000159e+02,9.275522896634801384e+01
1.410200000000000102e+02,9.282105016203800574e+01
1.411200000000000045e+02,9.288687135772799763e+01
1.412199999999999989e+02,9.295269255341800374e+01
1.413199999999999932e+02,9.301851374910799564e+01
1.414200000000000159e+02,9.308433494479801595e+01
1.415200000000000102e+02,9.315015614048800785e+01
1.416200000000000045e+02,9.321597733617799975e+01
1.417199999999999989e+02,9.328179853186800585e+01
1.418199999999999932e+02,9.334761972755799775e+01
1.419200000000000159e+02,9.341344092324801807e+01
1.420200000000000102e+02,9.347926211893800996e+01
1.421200000000000045e+02,9.354508331462800186e+01
1.422199999999999989e+02,9.361090451031799375e+01
1.423199999999999932e+02,9.367672570600799986e+01
1.424200000000000159e+02,9.374254690169800597e+01
1.425200000000000102e+02,9.380836809738801207e+01
1.426200000000000045e+02,9.387418929307800397e+01
1.427199999999999989e+02,9.394001048876799587e+01
1.428199999999999932e+02,9.400583168445800197e+01
1.429200000000000159e+02,9.407165288014800808e+01
1.430200000000000102e+02,9.413747407583801419e+01
1.431200000000000045e+02,9.420329527152800608e+01
1.432199999999999989e+02,9.426911646721799798e+01
1.433199999999999932e+02,9.433493766290798987e+01
1.434200000000000159e+02,9.440075885859801019e+01
1.435200000000000102e+02,9.446658005428800209e+01
1.436200000000000045e+02,9.453240124997800820e+01
1.437199999999999989e+02,9.459822244566800009e+01
1.438199999999999932e+02,9.466404364135799199e+01
1.439200000000000159e+02,9.472986483704801230e+01
1.440200000000000102e+02,9.479568603273800420e+01
1.441200000000000045e+02,9.486150722842801031e+01
1.442199999999999989e+02,9.492732842411800220e+01
1.443199999999999932e+02,9.499314961980799410e+01
1.444200000000000159e+02,9.505897081549801442e+01
1.445200000000000102e+02,9.512479201118800631e+01
1.446200000000000045e+02,9.519061320687799821e+01
1.447199999999999989e+02,9.525643440256800432e+01
1.448199999999999932e+02,9.532225559825799621e+01
1.449200000000000159e+02,9.538807679394801653e+01
1.450200000000000102e+02,9.545389798963800843e+01
1.451200000000000045e+02,9.551971918532800032e+01
1.452199999999999989e+02,9.558554038101800643e+01
1.453199999999999932e+02,9.565136157670799832e+01
1.454200000000000159e+02,9.571718277239800443e+01
1.455200000000000102e+02,9.578300396808801054e+01
1.456200000000000045e+02,9.584882516377800243e+01
1.457199999999999989e+02,9.591464635946799433e+01
1.458199999999999932e+02,9.598046755515800044e+01
1.459200000000000159e+02,9.604628875084800654e+01
1.460200000000000102e+02,9.611210994653801265e+01
1.461200000000000045e+02,9.617793114222800455e+01
1.462199999999999989e+02,9.624375233791799644e+01
1.463199999999999932e+02,9.630957353360800255e+01
1.464200000000000159e+02,9.637539472929800866e+01
1.465200000000000102e+02,9.644121592498800055e+01
1.466200000000000045e+02,9.650703712067800666e+01
1.467199999999999989e+02,9.657285831636799855e+01
1.468199999999999932e+02,9.663867951205799045e+01
1.469200000000000159e+02,9.670450070774801077e+01
1.470200000000000102e+02,9.677032190343800266e+01
1.471200000000000045e+02,9.683614309912800877e+01
1.472199999999999989e+02,9.690196429481800067e+01
1.473199999999999932e+02,9.696778549050799256e+01
1.474200000000000159e+02,9.703360668619801288e+01
1.475200000000000102e+02,9.709942788188800478e+01
1.476200000000000045e+02,9.716524907757801088e+01
1.477199999999999989e+02,9.723107027326800278e+01
1.478199999999999932e+02,9.729689146895799468e+01
1.479200000000000159e+02,9.736271266464801499e+01
1.480200000000000102e+02,9.742853386033800689e+01
1.481200000000000045e+02,9.749435505602799878e+01
1.482199999999999989e+02,9.756017625171800489e+01
1.483199999999999932e+02,9.762599744740799679e+01
1.484200000000000159e+02,9.769181864309801711e+01
1.485200000000000102e+02,9.775763983878800900e+01
1.486200000000000045e+02,9.782346103447800090e+01
1.487199999999999989e+02,9.788928223016800700e+01
1.488199999999999932e+02,9.795510342585799890e+01
1.489200000000000159e+02,9.802092462154800501e+01
1.490200000000000102e+02,9.808674581723801111e+01
1.491200000000000045e+02,9.815256701292800301e+01
1.492199999999999989e+02,9.821838820861799491e+01
1.493199999999999932e+02,9.828420940430800101e+01
1.494200000000000159e+02,9.835003059999800712e+01
1.495200000000000102e+02,9.841585179568801323e+01
1.496200000000000045e+02,9.848167299137800512e+01
1.497199999999999989e+02,9.854749418706799702e+01
1.498199999999999932e+02,9.861331538275800312e+01
1.499200000000000159e+02,9.867913657844800923e+01
1.500200000000000102e+02,9.874495777413800113e+01
1.501200000000000045e+02,9.881077896982800723e+01
1.502199999999999989e+02,9.887660016551799913e+01
1.503199999999999932e+02,9.894242136120799103e+01
1.504200000000000159e+02,9.900824255689801134e+01
1.505200000000000102e+02,9.907406375258800324e+01
1.506200000000000045e+02,9.913988494827800935e+01
1.507199999999999989e+02,9.920570614396800124e+01
1.508199999999999932e+02,9.927152733965799314e+01
1.509200000000000159e+02,9.933734853534801346e+01
1.510200000000000102e+02,9.940316973103800535e+01
1.511200000000000045e+02,9.946899092672799725e+01
1.512199999999999989e+02,9.953481212241800336e+01
1.513199999999999932e+02,9.960063331810799525e+01
1.514200000000000159e+02,9.966645451379801557e+01
1.515200000000000102e+02,9.973227570948800746e+01
1.516200000000000045e+02,9.979809690517799936e+01
1.517199999999999989e+02,9.986391810086800547e+01
1.518199999999999932e+02,9.992973929655799736e+01
1.519200000000000159e+02,9.999556049224801768e+01
1.520200000000000102e+02,1.000613816879380096e+02
1.521200000000000045e+02,1.001272028836280015e+02
1.522199999999999989e+02,1.001930240793179934e+02
1.523199999999999932e+02,1.002588452750079995e+02
1.524200000000000159e+02,1.003246664706980056e+02
1.525200000000000102e+02,1.003904876663880117e+02
1.526200000000000045e+02,1.004563088620780036e+02
1.527199999999999989e+02,1.005221300577679955e+02
1.528199999999999932e+02,1.005879512534580016e+02
1.529200000000000159e+02,1.006537724491480077e+02
1.530200000000000102e+02,1.007195936448380138e+02
1.531200000000000045e+02,1.007854148405280057e+02
1.532199999999999989e+02,1.008512360362179976e+02
1.533199999999999932e+02,1.009170572319079895e+02
1.534200000000000159e+02,1.009828784275980098e+02
1.535200000000000102e+02,1.010486996232880017e+02
1.536200000000000045e+02,1.011145208189780078e+02
1.537199999999999989e+02,1.011803420146679997e+02
1.538199999999999932e+02,1.012461632103579916e+02
1.539200000000000159e+02,1.013119844060480119e+02
1.540200000000000102e+02,1.013778056017380038e+02
1.541200000000000045e+02,1.014436267974280099e+02
1.542199999999999989e+02,1.015094479931180018e+02
1.543199999999999932e+02,1.015752691888079937e+02
1.544200000000000159e+02,1.016410903844980140e+02
1.545200000000000102e+02,1.017069115801880059e+02
1.546200000000000045e+02,1.017727327758779978e+02
1.547199999999999989e+02,1.018385539715680039e+02
1.548199999999999932e+02,1.019043751672579958e+02
1.549200000000000159e+02,1.019701963629480161e+02
1.550200000000000102e+02,1.020360175586380080e+02
1.551200000000000045e+02,1.021018387543279999e+02
1.552199999999999989e+02,1.021676599500180060e+02
1.553199999999999932e+02,1.022334811457079979e+02
1.554200000000000159e+02,1.022993023413980183e+02
1.555200000000000102e+02,1.023651235370880102e+02
1.556200000000000045e+02,1.024309447327780020e+02
1.557199999999999989e+02,1.024967659284679939e+02
1.558199999999999932e+02,1.025625871241580001e+02
1.559200000000000159e+02,1.026284083198480062e+02
1.560200000000000102e+02,1.026942295155380123e+02
1.561200000000000045e+02,1.027600507112280042e+02
1.562199999999999989e+02,1.028258719069179961e+02
1.563199999999999932e+02,1.028916931026080022e+02
1.564200000000000159e+02,1.029575142982980083e+02
1.565200000000000102e+02,1.030233354939880144e+02
1.566200000000000045e+02,1.030891566896780063e+02
1.567199999999999989e+02,1.031549778853679982e+02
1.568199999999999932e+02,1.032207990810579901e+02
1.569200000000000159e+02,1.032866202767480104e+02
1.570200000000000102e+02,1.033524414724380023e+02
1.571200000000000045e+02,1.034182626681280084e+02
1.572199999999999989e+02,1.034840838638180003e+02
1.573199999999999932e+02,1.035499050595079922e+02
1.574200000000000159e+02,1.036157262551980125e+02
1.575200000000000102e+02,1.036815474508880044e+02
1.576200000000000045e+02,1.037473686465780105e+02
1.577199999999999989e+02,1.038131898422680024e+02
1.578199999999999932e+02,1.038790110379579943e+02
1.579200000000000159e+02,1.039448322336480146e+02
1.580200000000000102e+02,1.040106534293380065e+02
1.581200000000000045e+02,1.040764746250279984e+02
1.582199999999999989e+02,1.041422958207180045e+02
1.583199999999999932e+02,1.042081170164079964e+02
1.584200000000000159e+02,1.042739382120980167e+02
1.585200000000000102e+02,1.043397594077880086e+02
1.586200000000000045e+02,1.044055806034780005e+02
1.587199999999999989e+02,1.044714017991680066e+02
1.588199999999999932e+02,1.045372229948579985e+02
1.589200000000000159e+02,1.046030441905480046e+02
1.590200000000000102e+02,1.046688653862380107e+02
1.591200000000000045e+02,1.047346865819280026e+02
1.592199999999999989e+02,1.048005077776179945e+02
1.593199999999999932e+02,1.048663289733080006e+02
1.594200000000000159e+02,1.049321501689980067e+02
1.595200000000000102e+02,1.049979713646880128e+02
1.596200000000000045e+02,1.050637925603780047e+02
1.597199999999999989e+02,1.051296137560679966e+02
1.598199999999999932e+02,1.051954349517580027e+02
1.599200000000000159e+02,1.052612561474480088e+02
